Date,Product,Category,Location,Distributor,Quantity_Sold,Unit_Price,Revenue
01-01-2024,Nandini Gulab Jamun (1kg),Sweets,Mangaluru,Coastal Cool Logistics Mangaluru,44,260,11440
01-01-2024,Nandini Set Curd (400g),Fresh Dairy,Hubballi,Kittur Distributors Hubballi,155,40,6200
01-01-2024,Nandini Pure Ghee (500ml),Ghee & Butter,Belagavi,North Karnataka Milk Center Belagavi,121,315,38115
01-01-2024,Nandini Cassata Ice Cream (150ml),Frozen,Kalaburagi,Kalyana Karnataka Foods Kalaburagi,125,55,6875
01-01-2024,Nandini Samrudhi Milk (1L),Milk,Belagavi,North Karnataka Milk Center Belagavi,231,54,12474
01-01-2024,Nandini Pure Ghee (1L),Ghee & Butter,Mangaluru,Coastal Cool Logistics Mangaluru,31,610,18910
01-01-2024,Nandini Salted Butter (500g),Ghee & Butter,Bengaluru,Apex Dairy Supplies Bengaluru,136,275,37400
01-01-2024,Nandini Toned Milk (1L),Milk,Shivamogga,Malnad Dairy Network Shivamogga,642,42,26964
01-01-2024,Nandini Shubham Milk (1L),Milk,Bengaluru,Apex Dairy Supplies Bengaluru,230,50,11500
01-01-2024,Nandini Pure Ghee (500ml),Ghee & Butter,Hubballi,Kittur Distributors Hubballi,42,315,13230
02-01-2024,Nandini Spiced Buttermilk (200ml),Beverages,Ballari,Tungabhadra Dairy Logistics Ballari,858,12,10296
02-01-2024,Nandini Samrudhi Milk (1L),Milk,Bengaluru,Apex Dairy Supplies Bengaluru,364,54,19656
02-01-2024,Nandini Cassata Ice Cream (150ml),Frozen,Mysuru,Chamundi Agencies Mysuru,119,55,6545
02-01-2024,Nandini Sweet Lassi (200ml),Beverages,Bengaluru,Apex Dairy Supplies Bengaluru,579,20,11580
02-01-2024,Nandini Sweet Lassi (200ml),Beverages,Belagavi,North Karnataka Milk Center Belagavi,404,20,8080
02-01-2024,Nandini Special Milk (1L),Milk,Bengaluru,Apex Dairy Supplies Bengaluru,344,48,16512
02-01-2024,Nandini Spiced Buttermilk (200ml),Beverages,Hubballi,Kittur Distributors Hubballi,287,12,3444
02-01-2024,Nandini Sweet Lassi (200ml),Beverages,Mysuru,Chamundi Agencies Mysuru,309,20,6180
02-01-2024,Nandini Toned Milk (1L),Milk,Hubballi,Kittur Distributors Hubballi,359,42,15078
02-01-2024,Nandini Milk Peda (250g),Sweets,Bengaluru,Apex Dairy Supplies Bengaluru,151,140,21140
02-01-2024,Nandini Gulab Jamun (1kg),Sweets,Bengaluru,Apex Dairy Supplies Bengaluru,42,260,10920
03-01-2024,Nandini Curd (500g),Fresh Dairy,Ballari,Tungabhadra Dairy Logistics Ballari,396,26,10296
03-01-2024,Nandini Mysore Pak (250g),Sweets,Hubballi,Kittur Distributors Hubballi,52,160,8320
03-01-2024,Nandini Homogenised Cow Milk (1L),Milk,Bengaluru,Apex Dairy Supplies Bengaluru,814,46,37444
03-01-2024,Nandini Cassata Ice Cream (150ml),Frozen,Bengaluru,Apex Dairy Supplies Bengaluru,110,55,6050
03-01-2024,Nandini Toned Milk (1L),Milk,Mysuru,Chamundi Agencies Mysuru,584,42,24528
03-01-2024,Nandini Pure Ghee (500ml),Ghee & Butter,Bengaluru,Apex Dairy Supplies Bengaluru,189,315,59535
03-01-2024,Nandini Fresh Paneer (200g),Fresh Dairy,Bengaluru,Apex Dairy Supplies Bengaluru,268,95,25460
04-01-2024,Nandini Set Curd (400g),Fresh Dairy,Mysuru,Chamundi Agencies Mysuru,77,40,3080
04-01-2024,Nandini Gulab Jamun (1kg),Sweets,Belagavi,North Karnataka Milk Center Belagavi,18,260,4680
04-01-2024,Nandini Gulab Jamun (1kg),Sweets,Bengaluru,Apex Dairy Supplies Bengaluru,41,260,10660
04-01-2024,Nandini Special Milk (1L),Milk,Bengaluru,Apex Dairy Supplies Bengaluru,775,48,37200
04-01-2024,Nandini Pure Ghee (500ml),Ghee & Butter,Bengaluru,Apex Dairy Supplies Bengaluru,65,315,20475
04-01-2024,Nandini Gulab Jamun (1kg),Sweets,Mangaluru,Coastal Cool Logistics Mangaluru,64,260,16640
05-01-2024,Nandini Shubham Milk (1L),Milk,Mangaluru,Coastal Cool Logistics Mangaluru,336,50,16800
05-01-2024,Nandini Curd (500g),Fresh Dairy,Hubballi,Kittur Distributors Hubballi,415,26,10790
05-01-2024,Nandini Cassata Ice Cream (150ml),Frozen,Bengaluru,Apex Dairy Supplies Bengaluru,217,55,11935
05-01-2024,Nandini Fresh Paneer (200g),Fresh Dairy,Bengaluru,Apex Dairy Supplies Bengaluru,219,95,20805
05-01-2024,Nandini Mysore Pak (250g),Sweets,Bengaluru,Apex Dairy Supplies Bengaluru,63,160,10080
05-01-2024,Nandini Mysore Pak (250g),Sweets,Mangaluru,Coastal Cool Logistics Mangaluru,83,160,13280
05-01-2024,Nandini Pure Ghee (500ml),Ghee & Butter,Shivamogga,Malnad Dairy Network Shivamogga,70,315,22050
05-01-2024,Nandini Milk Peda (250g),Sweets,Kalaburagi,Kalyana Karnataka Foods Kalaburagi,106,140,14840
05-01-2024,Nandini Kulfi (50ml),Frozen,Bengaluru,Apex Dairy Supplies Bengaluru,151,25,3775
05-01-2024,Nandini Shubham Milk (1L),Milk,Ballari,Tungabhadra Dairy Logistics Ballari,305,50,15250
05-01-2024,Nandini Pure Ghee (1L),Ghee & Butter,Tumakuru,Siddaganga Milk Express Tumakuru,78,610,47580
05-01-2024,Nandini Pure Ghee (1L),Ghee & Butter,Mysuru,Chamundi Agencies Mysuru,92,610,56120
05-01-2024,Nandini Samrudhi Milk (1L),Milk,Bengaluru,Apex Dairy Supplies Bengaluru,173,54,9342
06-01-2024,Nandini Fresh Paneer (200g),Fresh Dairy,Mysuru,Chamundi Agencies Mysuru,112,95,10640
06-01-2024,Nandini Set Curd (400g),Fresh Dairy,Bengaluru,Apex Dairy Supplies Bengaluru,86,40,3440
06-01-2024,Nandini Curd (500g),Fresh Dairy,Mangaluru,Coastal Cool Logistics Mangaluru,524,26,13624
06-01-2024,Nandini Toned Milk (1L),Milk,Bengaluru,Apex Dairy Supplies Bengaluru,767,42,32214
06-01-2024,Nandini Milk Peda (250g),Sweets,Mysuru,Chamundi Agencies Mysuru,145,140,20300
06-01-2024,Nandini Flavoured Milk Badam (200ml),Beverages,Mysuru,Chamundi Agencies Mysuru,332,35,11620
06-01-2024,Nandini Toned Milk (1L),Milk,Bengaluru,Apex Dairy Supplies Bengaluru,1509,42,63378
06-01-2024,Nandini Salted Butter (500g),Ghee & Butter,Bengaluru,Apex Dairy Supplies Bengaluru,110,275,30250
06-01-2024,Nandini Special Milk (1L),Milk,Bengaluru,Apex Dairy Supplies Bengaluru,306,48,14688
06-01-2024,Nandini Set Curd (400g),Fresh Dairy,Bengaluru,Apex Dairy Supplies Bengaluru,190,40,7600
06-01-2024,Nandini Cassata Ice Cream (150ml),Frozen,Hubballi,Kittur Distributors Hubballi,82,55,4510
06-01-2024,Nandini Kulfi (50ml),Frozen,Shivamogga,Malnad Dairy Network Shivamogga,222,25,5550
06-01-2024,Nandini Flavoured Milk Badam (200ml),Beverages,Bengaluru,Apex Dairy Supplies Bengaluru,366,35,12810
06-01-2024,Nandini Homogenised Cow Milk (1L),Milk,Hubballi,Kittur Distributors Hubballi,551,46,25346
07-01-2024,Nandini Pure Ghee (500ml),Ghee & Butter,Bengaluru,Apex Dairy Supplies Bengaluru,165,315,51975
07-01-2024,Nandini Toned Milk (1L),Milk,Mangaluru,Coastal Cool Logistics Mangaluru,480,42,20160
07-01-2024,Nandini Set Curd (400g),Fresh Dairy,Bengaluru,Apex Dairy Supplies Bengaluru,111,40,4440
07-01-2024,Nandini Set Curd (400g),Fresh Dairy,Bengaluru,Apex Dairy Supplies Bengaluru,197,40,7880
07-01-2024,Nandini Milk Peda (250g),Sweets,Mysuru,Chamundi Agencies Mysuru,77,140,10780
07-01-2024,Nandini Pure Ghee (500ml),Ghee & Butter,Hubballi,Kittur Distributors Hubballi,86,315,27090
07-01-2024,Nandini Salted Butter (500g),Ghee & Butter,Mangaluru,Coastal Cool Logistics Mangaluru,72,275,19800
07-01-2024,Nandini Sweet Lassi (200ml),Beverages,Kalaburagi,Kalyana Karnataka Foods Kalaburagi,317,20,6340
07-01-2024,Nandini Shubham Milk (1L),Milk,Bengaluru,Apex Dairy Supplies Bengaluru,253,50,12650
07-01-2024,Nandini Milk Peda (250g),Sweets,Bengaluru,Apex Dairy Supplies Bengaluru,236,140,33040
07-01-2024,Nandini Milk Peda (250g),Sweets,Kalaburagi,Kalyana Karnataka Foods Kalaburagi,91,140,12740
08-01-2024,Nandini Set Curd (400g),Fresh Dairy,Ballari,Tungabhadra Dairy Logistics Ballari,84,40,3360
08-01-2024,Nandini Special Milk (1L),Milk,Hubballi,Kittur Distributors Hubballi,312,48,14976
08-01-2024,Nandini Sweet Lassi (200ml),Beverages,Belagavi,North Karnataka Milk Center Belagavi,394,20,7880
08-01-2024,Nandini Cassata Ice Cream (150ml),Frozen,Belagavi,North Karnataka Milk Center Belagavi,59,55,3245
08-01-2024,Nandini Set Curd (400g),Fresh Dairy,Belagavi,North Karnataka Milk Center Belagavi,108,40,4320
08-01-2024,Nandini Fresh Paneer (200g),Fresh Dairy,Bengaluru,Apex Dairy Supplies Bengaluru,334,95,31730
08-01-2024,Nandini Sweet Lassi (200ml),Beverages,Bengaluru,Apex Dairy Supplies Bengaluru,579,20,11580
08-01-2024,Nandini Gulab Jamun (1kg),Sweets,Belagavi,North Karnataka Milk Center Belagavi,55,260,14300
09-01-2024,Nandini Set Curd (400g),Fresh Dairy,Bengaluru,Apex Dairy Supplies Bengaluru,216,40,8640
09-01-2024,Nandini Homogenised Cow Milk (1L),Milk,Bengaluru,Apex Dairy Supplies Bengaluru,420,46,19320
09-01-2024,Nandini Special Milk (1L),Milk,Bengaluru,Apex Dairy Supplies Bengaluru,503,48,24144
09-01-2024,Nandini Special Milk (1L),Milk,Bengaluru,Apex Dairy Supplies Bengaluru,314,48,15072
09-01-2024,Nandini Milk Peda (250g),Sweets,Bengaluru,Apex Dairy Supplies Bengaluru,184,140,25760
09-01-2024,Nandini Sweet Lassi (200ml),Beverages,Mysuru,Chamundi Agencies Mysuru,240,20,4800
09-01-2024,Nandini Sweet Lassi (200ml),Beverages,Mysuru,Chamundi Agencies Mysuru,422,20,8440
09-01-2024,Nandini Unsalted Butter (500g),Ghee & Butter,Bengaluru,Apex Dairy Supplies Bengaluru,52,280,14560
09-01-2024,Nandini Samrudhi Milk (1L),Milk,Shivamogga,Malnad Dairy Network Shivamogga,268,54,14472
09-01-2024,Nandini Homogenised Cow Milk (1L),Milk,Mangaluru,Coastal Cool Logistics Mangaluru,689,46,31694
09-01-2024,Nandini Pure Ghee (1L),Ghee & Butter,Mangaluru,Coastal Cool Logistics Mangaluru,97,610,59170
09-01-2024,Nandini Sweet Lassi (200ml),Beverages,Mysuru,Chamundi Agencies Mysuru,580,20,11600
10-01-2024,Nandini Homogenised Cow Milk (1L),Milk,Belagavi,North Karnataka Milk Center Belagavi,448,46,20608
10-01-2024,Nandini Special Milk (1L),Milk,Mysuru,Chamundi Agencies Mysuru,391,48,18768
10-01-2024,Nandini Curd (500g),Fresh Dairy,Bengaluru,Apex Dairy Supplies Bengaluru,435,26,11310
10-01-2024,Nandini Salted Butter (500g),Ghee & Butter,Mysuru,Chamundi Agencies Mysuru,47,275,12925
10-01-2024,Nandini Pure Ghee (1L),Ghee & Butter,Tumakuru,Siddaganga Milk Express Tumakuru,87,610,53070
10-01-2024,Nandini Set Curd (400g),Fresh Dairy,Mangaluru,Coastal Cool Logistics Mangaluru,111,40,4440
10-01-2024,Nandini Toned Milk (1L),Milk,Kalaburagi,Kalyana Karnataka Foods Kalaburagi,981,42,41202
10-01-2024,Nandini Pure Ghee (500ml),Ghee & Butter,Bengaluru,Apex Dairy Supplies Bengaluru,93,315,29295
10-01-2024,Nandini Salted Butter (500g),Ghee & Butter,Belagavi,North Karnataka Milk Center Belagavi,33,275,9075
10-01-2024,Nandini Homogenised Cow Milk (1L),Milk,Ballari,Tungabhadra Dairy Logistics Ballari,538,46,24748
10-01-2024,Nandini Curd (500g),Fresh Dairy,Hubballi,Kittur Distributors Hubballi,351,26,9126
10-01-2024,Nandini Flavoured Milk Badam (200ml),Beverages,Bengaluru,Apex Dairy Supplies Bengaluru,231,35,8085
11-01-2024,Nandini Spiced Buttermilk (200ml),Beverages,Tumakuru,Siddaganga Milk Express Tumakuru,789,12,9468
11-01-2024,Nandini Curd (500g),Fresh Dairy,Ballari,Tungabhadra Dairy Logistics Ballari,516,26,13416
11-01-2024,Nandini Mysore Pak (250g),Sweets,Mysuru,Chamundi Agencies Mysuru,39,160,6240
11-01-2024,Nandini Toned Milk (1L),Milk,Hubballi,Kittur Distributors Hubballi,720,42,30240
11-01-2024,Nandini Shubham Milk (1L),Milk,Bengaluru,Apex Dairy Supplies Bengaluru,179,50,8950
11-01-2024,Nandini Pure Ghee (1L),Ghee & Butter,Mangaluru,Coastal Cool Logistics Mangaluru,37,610,22570
11-01-2024,Nandini Cassata Ice Cream (150ml),Frozen,Mangaluru,Coastal Cool Logistics Mangaluru,42,55,2310
11-01-2024,Nandini Gulab Jamun (1kg),Sweets,Ballari,Tungabhadra Dairy Logistics Ballari,52,260,13520
11-01-2024,Nandini Curd (500g),Fresh Dairy,Davanagere,Central Karnataka Traders Davanagere,395,26,10270
11-01-2024,Nandini Shubham Milk (1L),Milk,Hubballi,Kittur Distributors Hubballi,299,50,14950
11-01-2024,Nandini Toned Milk (1L),Milk,Bengaluru,Apex Dairy Supplies Bengaluru,479,42,20118
11-01-2024,Nandini Shubham Milk (1L),Milk,Kalaburagi,Kalyana Karnataka Foods Kalaburagi,261,50,13050
11-01-2024,Nandini Spiced Buttermilk (200ml),Beverages,Bengaluru,Apex Dairy Supplies Bengaluru,480,12,5760
11-01-2024,Nandini Homogenised Cow Milk (1L),Milk,Mysuru,Chamundi Agencies Mysuru,487,46,22402
11-01-2024,Nandini Toned Milk (1L),Milk,Belagavi,North Karnataka Milk Center Belagavi,500,42,21000
12-01-2024,Nandini Toned Milk (1L),Milk,Mysuru,Chamundi Agencies Mysuru,616,42,25872
12-01-2024,Nandini Samrudhi Milk (1L),Milk,Bengaluru,Apex Dairy Supplies Bengaluru,161,54,8694
12-01-2024,Nandini Shubham Milk (1L),Milk,Bengaluru,Apex Dairy Supplies Bengaluru,359,50,17950
12-01-2024,Nandini Spiced Buttermilk (200ml),Beverages,Belagavi,North Karnataka Milk Center Belagavi,852,12,10224
12-01-2024,Nandini Set Curd (400g),Fresh Dairy,Davanagere,Central Karnataka Traders Davanagere,143,40,5720
12-01-2024,Nandini Homogenised Cow Milk (1L),Milk,Hubballi,Kittur Distributors Hubballi,281,46,12926
12-01-2024,Nandini Kulfi (50ml),Frozen,Hubballi,Kittur Distributors Hubballi,156,25,3900
12-01-2024,Nandini Spiced Buttermilk (200ml),Beverages,Bengaluru,Apex Dairy Supplies Bengaluru,572,12,6864
12-01-2024,Nandini Cassata Ice Cream (150ml),Frozen,Mysuru,Chamundi Agencies Mysuru,108,55,5940
12-01-2024,Nandini Spiced Buttermilk (200ml),Beverages,Bengaluru,Apex Dairy Supplies Bengaluru,473,12,5676
12-01-2024,Nandini Pure Ghee (500ml),Ghee & Butter,Belagavi,North Karnataka Milk Center Belagavi,109,315,34335
13-01-2024,Nandini Pure Ghee (500ml),Ghee & Butter,Mangaluru,Coastal Cool Logistics Mangaluru,79,315,24885
13-01-2024,Nandini Mysore Pak (250g),Sweets,Bengaluru,Apex Dairy Supplies Bengaluru,190,160,30400
13-01-2024,Nandini Unsalted Butter (500g),Ghee & Butter,Tumakuru,Siddaganga Milk Express Tumakuru,28,280,7840
13-01-2024,Nandini Set Curd (400g),Fresh Dairy,Mysuru,Chamundi Agencies Mysuru,191,40,7640
13-01-2024,Nandini Sweet Lassi (200ml),Beverages,Hubballi,Kittur Distributors Hubballi,416,20,8320
13-01-2024,Nandini Homogenised Cow Milk (1L),Milk,Mysuru,Chamundi Agencies Mysuru,438,46,20148
13-01-2024,Nandini Pure Ghee (500ml),Ghee & Butter,Bengaluru,Apex Dairy Supplies Bengaluru,93,315,29295
14-01-2024,Nandini Gulab Jamun (1kg),Sweets,Bengaluru,Apex Dairy Supplies Bengaluru,34,260,8840
14-01-2024,Nandini Set Curd (400g),Fresh Dairy,Bengaluru,Apex Dairy Supplies Bengaluru,76,40,3040
14-01-2024,Nandini Special Milk (1L),Milk,Bengaluru,Apex Dairy Supplies Bengaluru,359,48,17232
14-01-2024,Nandini Samrudhi Milk (1L),Milk,Kalaburagi,Kalyana Karnataka Foods Kalaburagi,176,54,9504
14-01-2024,Nandini Pure Ghee (500ml),Ghee & Butter,Ballari,Tungabhadra Dairy Logistics Ballari,110,315,34650
14-01-2024,Nandini Flavoured Milk Badam (200ml),Beverages,Belagavi,North Karnataka Milk Center Belagavi,180,35,6300
14-01-2024,Nandini Samrudhi Milk (1L),Milk,Bengaluru,Apex Dairy Supplies Bengaluru,370,54,19980
14-01-2024,Nandini Sweet Lassi (200ml),Beverages,Mangaluru,Coastal Cool Logistics Mangaluru,318,20,6360
14-01-2024,Nandini Special Milk (1L),Milk,Bengaluru,Apex Dairy Supplies Bengaluru,489,48,23472
14-01-2024,Nandini Salted Butter (500g),Ghee & Butter,Mangaluru,Coastal Cool Logistics Mangaluru,69,275,18975
15-01-2024,Nandini Spiced Buttermilk (200ml),Beverages,Bengaluru,Apex Dairy Supplies Bengaluru,662,12,7944
15-01-2024,Nandini Cassata Ice Cream (150ml),Frozen,Ballari,Tungabhadra Dairy Logistics Ballari,143,55,7865
15-01-2024,Nandini Kulfi (50ml),Frozen,Bengaluru,Apex Dairy Supplies Bengaluru,166,25,4150
15-01-2024,Nandini Fresh Paneer (200g),Fresh Dairy,Kalaburagi,Kalyana Karnataka Foods Kalaburagi,119,95,11305
15-01-2024,Nandini Homogenised Cow Milk (1L),Milk,Mysuru,Chamundi Agencies Mysuru,324,46,14904
15-01-2024,Nandini Sweet Lassi (200ml),Beverages,Bengaluru,Apex Dairy Supplies Bengaluru,563,20,11260
15-01-2024,Nandini Flavoured Milk Badam (200ml),Beverages,Bengaluru,Apex Dairy Supplies Bengaluru,249,35,8715
15-01-2024,Nandini Gulab Jamun (1kg),Sweets,Hubballi,Kittur Distributors Hubballi,75,260,19500
15-01-2024,Nandini Cassata Ice Cream (150ml),Frozen,Bengaluru,Apex Dairy Supplies Bengaluru,136,55,7480
15-01-2024,Nandini Flavoured Milk Badam (200ml),Beverages,Belagavi,North Karnataka Milk Center Belagavi,80,35,2800
16-01-2024,Nandini Fresh Paneer (200g),Fresh Dairy,Ballari,Tungabhadra Dairy Logistics Ballari,68,95,6460
16-01-2024,Nandini Milk Peda (250g),Sweets,Bengaluru,Apex Dairy Supplies Bengaluru,85,140,11900
16-01-2024,Nandini Salted Butter (500g),Ghee & Butter,Mysuru,Chamundi Agencies Mysuru,61,275,16775
16-01-2024,Nandini Curd (500g),Fresh Dairy,Mysuru,Chamundi Agencies Mysuru,615,26,15990
16-01-2024,Nandini Spiced Buttermilk (200ml),Beverages,Ballari,Tungabhadra Dairy Logistics Ballari,513,12,6156
16-01-2024,Nandini Toned Milk (1L),Milk,Mysuru,Chamundi Agencies Mysuru,1022,42,42924
16-01-2024,Nandini Unsalted Butter (500g),Ghee & Butter,Davanagere,Central Karnataka Traders Davanagere,30,280,8400
16-01-2024,Nandini Sweet Lassi (200ml),Beverages,Bengaluru,Apex Dairy Supplies Bengaluru,334,20,6680
16-01-2024,Nandini Mysore Pak (250g),Sweets,Hubballi,Kittur Distributors Hubballi,89,160,14240
16-01-2024,Nandini Milk Peda (250g),Sweets,Hubballi,Kittur Distributors Hubballi,100,140,14000
16-01-2024,Nandini Salted Butter (500g),Ghee & Butter,Bengaluru,Apex Dairy Supplies Bengaluru,99,275,27225
16-01-2024,Nandini Homogenised Cow Milk (1L),Milk,Bengaluru,Apex Dairy Supplies Bengaluru,522,46,24012
16-01-2024,Nandini Sweet Lassi (200ml),Beverages,Mysuru,Chamundi Agencies Mysuru,395,20,7900
17-01-2024,Nandini Special Milk (1L),Milk,Davanagere,Central Karnataka Traders Davanagere,453,48,21744
17-01-2024,Nandini Salted Butter (500g),Ghee & Butter,Kalaburagi,Kalyana Karnataka Foods Kalaburagi,120,275,33000
17-01-2024,Nandini Gulab Jamun (1kg),Sweets,Bengaluru,Apex Dairy Supplies Bengaluru,44,260,11440
17-01-2024,Nandini Pure Ghee (1L),Ghee & Butter,Mysuru,Chamundi Agencies Mysuru,40,610,24400
17-01-2024,Nandini Mysore Pak (250g),Sweets,Bengaluru,Apex Dairy Supplies Bengaluru,76,160,12160
17-01-2024,Nandini Special Milk (1L),Milk,Bengaluru,Apex Dairy Supplies Bengaluru,605,48,29040
17-01-2024,Nandini Flavoured Milk Badam (200ml),Beverages,Kalaburagi,Kalyana Karnataka Foods Kalaburagi,200,35,7000
17-01-2024,Nandini Cassata Ice Cream (150ml),Frozen,Kalaburagi,Kalyana Karnataka Foods Kalaburagi,112,55,6160
17-01-2024,Nandini Samrudhi Milk (1L),Milk,Bengaluru,Apex Dairy Supplies Bengaluru,253,54,13662
17-01-2024,Nandini Salted Butter (500g),Ghee & Butter,Mangaluru,Coastal Cool Logistics Mangaluru,90,275,24750
17-01-2024,Nandini Flavoured Milk Badam (200ml),Beverages,Ballari,Tungabhadra Dairy Logistics Ballari,232,35,8120
18-01-2024,Nandini Special Milk (1L),Milk,Kalaburagi,Kalyana Karnataka Foods Kalaburagi,204,48,9792
18-01-2024,Nandini Cassata Ice Cream (150ml),Frozen,Tumakuru,Siddaganga Milk Express Tumakuru,36,55,1980
18-01-2024,Nandini Toned Milk (1L),Milk,Kalaburagi,Kalyana Karnataka Foods Kalaburagi,729,42,30618
18-01-2024,Nandini Mysore Pak (250g),Sweets,Mangaluru,Coastal Cool Logistics Mangaluru,90,160,14400
19-01-2024,Nandini Kulfi (50ml),Frozen,Bengaluru,Apex Dairy Supplies Bengaluru,200,25,5000
19-01-2024,Nandini Set Curd (400g),Fresh Dairy,Hubballi,Kittur Distributors Hubballi,114,40,4560
19-01-2024,Nandini Kulfi (50ml),Frozen,Hubballi,Kittur Distributors Hubballi,128,25,3200
19-01-2024,Nandini Gulab Jamun (1kg),Sweets,Hubballi,Kittur Distributors Hubballi,78,260,20280
19-01-2024,Nandini Sweet Lassi (200ml),Beverages,Bengaluru,Apex Dairy Supplies Bengaluru,474,20,9480
19-01-2024,Nandini Mysore Pak (250g),Sweets,Mangaluru,Coastal Cool Logistics Mangaluru,51,160,8160
19-01-2024,Nandini Milk Peda (250g),Sweets,Mysuru,Chamundi Agencies Mysuru,52,140,7280
19-01-2024,Nandini Flavoured Milk Badam (200ml),Beverages,Bengaluru,Apex Dairy Supplies Bengaluru,369,35,12915
19-01-2024,Nandini Curd (500g),Fresh Dairy,Mysuru,Chamundi Agencies Mysuru,652,26,16952
19-01-2024,Nandini Samrudhi Milk (1L),Milk,Mangaluru,Coastal Cool Logistics Mangaluru,241,54,13014
19-01-2024,Nandini Sweet Lassi (200ml),Beverages,Bengaluru,Apex Dairy Supplies Bengaluru,375,20,7500
19-01-2024,Nandini Fresh Paneer (200g),Fresh Dairy,Bengaluru,Apex Dairy Supplies Bengaluru,255,95,24225
19-01-2024,Nandini Set Curd (400g),Fresh Dairy,Mysuru,Chamundi Agencies Mysuru,178,40,7120
19-01-2024,Nandini Milk Peda (250g),Sweets,Kalaburagi,Kalyana Karnataka Foods Kalaburagi,44,140,6160
19-01-2024,Nandini Pure Ghee (1L),Ghee & Butter,Hubballi,Kittur Distributors Hubballi,24,610,14640
20-01-2024,Nandini Set Curd (400g),Fresh Dairy,Davanagere,Central Karnataka Traders Davanagere,95,40,3800
20-01-2024,Nandini Flavoured Milk Badam (200ml),Beverages,Bengaluru,Apex Dairy Supplies Bengaluru,239,35,8365
20-01-2024,Nandini Pure Ghee (500ml),Ghee & Butter,Bengaluru,Apex Dairy Supplies Bengaluru,75,315,23625
20-01-2024,Nandini Pure Ghee (1L),Ghee & Butter,Hubballi,Kittur Distributors Hubballi,18,610,10980
20-01-2024,Nandini Gulab Jamun (1kg),Sweets,Davanagere,Central Karnataka Traders Davanagere,68,260,17680
20-01-2024,Nandini Kulfi (50ml),Frozen,Belagavi,North Karnataka Milk Center Belagavi,164,25,4100
20-01-2024,Nandini Special Milk (1L),Milk,Belagavi,North Karnataka Milk Center Belagavi,440,48,21120
20-01-2024,Nandini Salted Butter (500g),Ghee & Butter,Mysuru,Chamundi Agencies Mysuru,113,275,31075
20-01-2024,Nandini Flavoured Milk Badam (200ml),Beverages,Hubballi,Kittur Distributors Hubballi,133,35,4655
20-01-2024,Nandini Shubham Milk (1L),Milk,Bengaluru,Apex Dairy Supplies Bengaluru,253,50,12650
20-01-2024,Nandini Cassata Ice Cream (150ml),Frozen,Bengaluru,Apex Dairy Supplies Bengaluru,168,55,9240
20-01-2024,Nandini Samrudhi Milk (1L),Milk,Bengaluru,Apex Dairy Supplies Bengaluru,273,54,14742
20-01-2024,Nandini Pure Ghee (1L),Ghee & Butter,Hubballi,Kittur Distributors Hubballi,55,610,33550
21-01-2024,Nandini Curd (500g),Fresh Dairy,Belagavi,North Karnataka Milk Center Belagavi,425,26,11050
21-01-2024,Nandini Fresh Paneer (200g),Fresh Dairy,Davanagere,Central Karnataka Traders Davanagere,288,95,27360
21-01-2024,Nandini Pure Ghee (500ml),Ghee & Butter,Shivamogga,Malnad Dairy Network Shivamogga,108,315,34020
21-01-2024,Nandini Flavoured Milk Badam (200ml),Beverages,Bengaluru,Apex Dairy Supplies Bengaluru,142,35,4970
21-01-2024,Nandini Gulab Jamun (1kg),Sweets,Mysuru,Chamundi Agencies Mysuru,48,260,12480
21-01-2024,Nandini Flavoured Milk Badam (200ml),Beverages,Mangaluru,Coastal Cool Logistics Mangaluru,150,35,5250
21-01-2024,Nandini Mysore Pak (250g),Sweets,Bengaluru,Apex Dairy Supplies Bengaluru,93,160,14880
21-01-2024,Nandini Milk Peda (250g),Sweets,Bengaluru,Apex Dairy Supplies Bengaluru,122,140,17080
21-01-2024,Nandini Milk Peda (250g),Sweets,Hubballi,Kittur Distributors Hubballi,147,140,20580
21-01-2024,Nandini Milk Peda (250g),Sweets,Tumakuru,Siddaganga Milk Express Tumakuru,46,140,6440
21-01-2024,Nandini Mysore Pak (250g),Sweets,Bengaluru,Apex Dairy Supplies Bengaluru,75,160,12000
21-01-2024,Nandini Unsalted Butter (500g),Ghee & Butter,Mysuru,Chamundi Agencies Mysuru,53,280,14840
21-01-2024,Nandini Salted Butter (500g),Ghee & Butter,Hubballi,Kittur Distributors Hubballi,108,275,29700
21-01-2024,Nandini Flavoured Milk Badam (200ml),Beverages,Bengaluru,Apex Dairy Supplies Bengaluru,188,35,6580
21-01-2024,Nandini Pure Ghee (500ml),Ghee & Butter,Davanagere,Central Karnataka Traders Davanagere,62,315,19530
21-01-2024,Nandini Set Curd (400g),Fresh Dairy,Ballari,Tungabhadra Dairy Logistics Ballari,180,40,7200
21-01-2024,Nandini Mysore Pak (250g),Sweets,Bengaluru,Apex Dairy Supplies Bengaluru,159,160,25440
21-01-2024,Nandini Pure Ghee (1L),Ghee & Butter,Bengaluru,Apex Dairy Supplies Bengaluru,31,610,18910
21-01-2024,Nandini Gulab Jamun (1kg),Sweets,Belagavi,North Karnataka Milk Center Belagavi,50,260,13000
22-01-2024,Nandini Pure Ghee (1L),Ghee & Butter,Belagavi,North Karnataka Milk Center Belagavi,74,610,45140
22-01-2024,Nandini Special Milk (1L),Milk,Bengaluru,Apex Dairy Supplies Bengaluru,495,48,23760
22-01-2024,Nandini Unsalted Butter (500g),Ghee & Butter,Belagavi,North Karnataka Milk Center Belagavi,39,280,10920
22-01-2024,Nandini Homogenised Cow Milk (1L),Milk,Ballari,Tungabhadra Dairy Logistics Ballari,360,46,16560
22-01-2024,Nandini Salted Butter (500g),Ghee & Butter,Mysuru,Chamundi Agencies Mysuru,58,275,15950
22-01-2024,Nandini Cassata Ice Cream (150ml),Frozen,Bengaluru,Apex Dairy Supplies Bengaluru,107,55,5885
22-01-2024,Nandini Gulab Jamun (1kg),Sweets,Bengaluru,Apex Dairy Supplies Bengaluru,79,260,20540
22-01-2024,Nandini Fresh Paneer (200g),Fresh Dairy,Mysuru,Chamundi Agencies Mysuru,256,95,24320
22-01-2024,Nandini Milk Peda (250g),Sweets,Bengaluru,Apex Dairy Supplies Bengaluru,40,140,5600
22-01-2024,Nandini Fresh Paneer (200g),Fresh Dairy,Hubballi,Kittur Distributors Hubballi,113,95,10735
22-01-2024,Nandini Pure Ghee (1L),Ghee & Butter,Shivamogga,Malnad Dairy Network Shivamogga,34,610,20740
23-01-2024,Nandini Toned Milk (1L),Milk,Mangaluru,Coastal Cool Logistics Mangaluru,1034,42,43428
23-01-2024,Nandini Fresh Paneer (200g),Fresh Dairy,Bengaluru,Apex Dairy Supplies Bengaluru,205,95,19475
23-01-2024,Nandini Samrudhi Milk (1L),Milk,Kalaburagi,Kalyana Karnataka Foods Kalaburagi,146,54,7884
23-01-2024,Nandini Sweet Lassi (200ml),Beverages,Bengaluru,Apex Dairy Supplies Bengaluru,580,20,11600
23-01-2024,Nandini Fresh Paneer (200g),Fresh Dairy,Bengaluru,Apex Dairy Supplies Bengaluru,202,95,19190
23-01-2024,Nandini Mysore Pak (250g),Sweets,Hubballi,Kittur Distributors Hubballi,34,160,5440
23-01-2024,Nandini Pure Ghee (1L),Ghee & Butter,Hubballi,Kittur Distributors Hubballi,33,610,20130
23-01-2024,Nandini Spiced Buttermilk (200ml),Beverages,Tumakuru,Siddaganga Milk Express Tumakuru,608,12,7296
23-01-2024,Nandini Salted Butter (500g),Ghee & Butter,Bengaluru,Apex Dairy Supplies Bengaluru,45,275,12375
24-01-2024,Nandini Pure Ghee (500ml),Ghee & Butter,Mysuru,Chamundi Agencies Mysuru,57,315,17955
24-01-2024,Nandini Flavoured Milk Badam (200ml),Beverages,Bengaluru,Apex Dairy Supplies Bengaluru,99,35,3465
24-01-2024,Nandini Special Milk (1L),Milk,Mangaluru,Coastal Cool Logistics Mangaluru,378,48,18144
24-01-2024,Nandini Sweet Lassi (200ml),Beverages,Bengaluru,Apex Dairy Supplies Bengaluru,227,20,4540
24-01-2024,Nandini Unsalted Butter (500g),Ghee & Butter,Ballari,Tungabhadra Dairy Logistics Ballari,45,280,12600
24-01-2024,Nandini Gulab Jamun (1kg),Sweets,Bengaluru,Apex Dairy Supplies Bengaluru,59,260,15340
24-01-2024,Nandini Curd (500g),Fresh Dairy,Bengaluru,Apex Dairy Supplies Bengaluru,438,26,11388
24-01-2024,Nandini Toned Milk (1L),Milk,Tumakuru,Siddaganga Milk Express Tumakuru,592,42,24864
24-01-2024,Nandini Pure Ghee (500ml),Ghee & Butter,Belagavi,North Karnataka Milk Center Belagavi,113,315,35595
24-01-2024,Nandini Cassata Ice Cream (150ml),Frozen,Hubballi,Kittur Distributors Hubballi,124,55,6820
25-01-2024,Nandini Salted Butter (500g),Ghee & Butter,Mysuru,Chamundi Agencies Mysuru,58,275,15950
25-01-2024,Nandini Homogenised Cow Milk (1L),Milk,Hubballi,Kittur Distributors Hubballi,580,46,26680
25-01-2024,Nandini Homogenised Cow Milk (1L),Milk,Hubballi,Kittur Distributors Hubballi,555,46,25530
25-01-2024,Nandini Pure Ghee (1L),Ghee & Butter,Tumakuru,Siddaganga Milk Express Tumakuru,52,610,31720
25-01-2024,Nandini Pure Ghee (500ml),Ghee & Butter,Bengaluru,Apex Dairy Supplies Bengaluru,74,315,23310
25-01-2024,Nandini Sweet Lassi (200ml),Beverages,Bengaluru,Apex Dairy Supplies Bengaluru,207,20,4140
26-01-2024,Nandini Gulab Jamun (1kg),Sweets,Mangaluru,Coastal Cool Logistics Mangaluru,67,260,17420
26-01-2024,Nandini Shubham Milk (1L),Milk,Hubballi,Kittur Distributors Hubballi,364,50,18200
26-01-2024,Nandini Flavoured Milk Badam (200ml),Beverages,Bengaluru,Apex Dairy Supplies Bengaluru,204,35,7140
26-01-2024,Nandini Set Curd (400g),Fresh Dairy,Belagavi,North Karnataka Milk Center Belagavi,88,40,3520
26-01-2024,Nandini Pure Ghee (500ml),Ghee & Butter,Bengaluru,Apex Dairy Supplies Bengaluru,146,315,45990
26-01-2024,Nandini Kulfi (50ml),Frozen,Bengaluru,Apex Dairy Supplies Bengaluru,164,25,4100
26-01-2024,Nandini Gulab Jamun (1kg),Sweets,Mysuru,Chamundi Agencies Mysuru,69,260,17940
26-01-2024,Nandini Cassata Ice Cream (150ml),Frozen,Bengaluru,Apex Dairy Supplies Bengaluru,159,55,8745
26-01-2024,Nandini Unsalted Butter (500g),Ghee & Butter,Bengaluru,Apex Dairy Supplies Bengaluru,83,280,23240
26-01-2024,Nandini Pure Ghee (500ml),Ghee & Butter,Mysuru,Chamundi Agencies Mysuru,62,315,19530
27-01-2024,Nandini Samrudhi Milk (1L),Milk,Mangaluru,Coastal Cool Logistics Mangaluru,159,54,8586
27-01-2024,Nandini Milk Peda (250g),Sweets,Bengaluru,Apex Dairy Supplies Bengaluru,221,140,30940
27-01-2024,Nandini Flavoured Milk Badam (200ml),Beverages,Mangaluru,Coastal Cool Logistics Mangaluru,178,35,6230
27-01-2024,Nandini Milk Peda (250g),Sweets,Mysuru,Chamundi Agencies Mysuru,102,140,14280
28-01-2024,Nandini Samrudhi Milk (1L),Milk,Hubballi,Kittur Distributors Hubballi,237,54,12798
28-01-2024,Nandini Fresh Paneer (200g),Fresh Dairy,Mangaluru,Coastal Cool Logistics Mangaluru,185,95,17575
28-01-2024,Nandini Spiced Buttermilk (200ml),Beverages,Bengaluru,Apex Dairy Supplies Bengaluru,761,12,9132
28-01-2024,Nandini Salted Butter (500g),Ghee & Butter,Hubballi,Kittur Distributors Hubballi,81,275,22275
28-01-2024,Nandini Homogenised Cow Milk (1L),Milk,Bengaluru,Apex Dairy Supplies Bengaluru,583,46,26818
28-01-2024,Nandini Samrudhi Milk (1L),Milk,Mangaluru,Coastal Cool Logistics Mangaluru,206,54,11124
28-01-2024,Nandini Gulab Jamun (1kg),Sweets,Shivamogga,Malnad Dairy Network Shivamogga,81,260,21060
28-01-2024,Nandini Mysore Pak (250g),Sweets,Kalaburagi,Kalyana Karnataka Foods Kalaburagi,144,160,23040
28-01-2024,Nandini Milk Peda (250g),Sweets,Ballari,Tungabhadra Dairy Logistics Ballari,73,140,10220
28-01-2024,Nandini Fresh Paneer (200g),Fresh Dairy,Mysuru,Chamundi Agencies Mysuru,172,95,16340
28-01-2024,Nandini Kulfi (50ml),Frozen,Mangaluru,Coastal Cool Logistics Mangaluru,87,25,2175
28-01-2024,Nandini Salted Butter (500g),Ghee & Butter,Bengaluru,Apex Dairy Supplies Bengaluru,102,275,28050
28-01-2024,Nandini Kulfi (50ml),Frozen,Davanagere,Central Karnataka Traders Davanagere,141,25,3525
28-01-2024,Nandini Salted Butter (500g),Ghee & Butter,Bengaluru,Apex Dairy Supplies Bengaluru,145,275,39875
29-01-2024,Nandini Homogenised Cow Milk (1L),Milk,Bengaluru,Apex Dairy Supplies Bengaluru,985,46,45310
29-01-2024,Nandini Sweet Lassi (200ml),Beverages,Bengaluru,Apex Dairy Supplies Bengaluru,368,20,7360
29-01-2024,Nandini Mysore Pak (250g),Sweets,Mysuru,Chamundi Agencies Mysuru,116,160,18560
29-01-2024,Nandini Gulab Jamun (1kg),Sweets,Belagavi,North Karnataka Milk Center Belagavi,79,260,20540
29-01-2024,Nandini Shubham Milk (1L),Milk,Bengaluru,Apex Dairy Supplies Bengaluru,392,50,19600
29-01-2024,Nandini Fresh Paneer (200g),Fresh Dairy,Bengaluru,Apex Dairy Supplies Bengaluru,251,95,23845
30-01-2024,Nandini Gulab Jamun (1kg),Sweets,Hubballi,Kittur Distributors Hubballi,18,260,4680
30-01-2024,Nandini Special Milk (1L),Milk,Ballari,Tungabhadra Dairy Logistics Ballari,304,48,14592
30-01-2024,Nandini Unsalted Butter (500g),Ghee & Butter,Bengaluru,Apex Dairy Supplies Bengaluru,26,280,7280
30-01-2024,Nandini Curd (500g),Fresh Dairy,Ballari,Tungabhadra Dairy Logistics Ballari,522,26,13572
30-01-2024,Nandini Fresh Paneer (200g),Fresh Dairy,Shivamogga,Malnad Dairy Network Shivamogga,217,95,20615
30-01-2024,Nandini Milk Peda (250g),Sweets,Tumakuru,Siddaganga Milk Express Tumakuru,70,140,9800
30-01-2024,Nandini Sweet Lassi (200ml),Beverages,Bengaluru,Apex Dairy Supplies Bengaluru,636,20,12720
30-01-2024,Nandini Samrudhi Milk (1L),Milk,Bengaluru,Apex Dairy Supplies Bengaluru,249,54,13446
30-01-2024,Nandini Special Milk (1L),Milk,Hubballi,Kittur Distributors Hubballi,339,48,16272
31-01-2024,Nandini Toned Milk (1L),Milk,Bengaluru,Apex Dairy Supplies Bengaluru,1068,42,44856
31-01-2024,Nandini Spiced Buttermilk (200ml),Beverages,Mysuru,Chamundi Agencies Mysuru,379,12,4548
31-01-2024,Nandini Flavoured Milk Badam (200ml),Beverages,Hubballi,Kittur Distributors Hubballi,125,35,4375
31-01-2024,Nandini Mysore Pak (250g),Sweets,Shivamogga,Malnad Dairy Network Shivamogga,69,160,11040
31-01-2024,Nandini Mysore Pak (250g),Sweets,Bengaluru,Apex Dairy Supplies Bengaluru,94,160,15040
31-01-2024,Nandini Fresh Paneer (200g),Fresh Dairy,Belagavi,North Karnataka Milk Center Belagavi,143,95,13585
31-01-2024,Nandini Pure Ghee (1L),Ghee & Butter,Shivamogga,Malnad Dairy Network Shivamogga,38,610,23180
31-01-2024,Nandini Gulab Jamun (1kg),Sweets,Bengaluru,Apex Dairy Supplies Bengaluru,98,260,25480
31-01-2024,Nandini Cassata Ice Cream (150ml),Frozen,Bengaluru,Apex Dairy Supplies Bengaluru,116,55,6380
31-01-2024,Nandini Spiced Buttermilk (200ml),Beverages,Belagavi,North Karnataka Milk Center Belagavi,704,12,8448
01-02-2024,Nandini Salted Butter (500g),Ghee & Butter,Bengaluru,Apex Dairy Supplies Bengaluru,105,275,28875
01-02-2024,Nandini Pure Ghee (500ml),Ghee & Butter,Tumakuru,Siddaganga Milk Express Tumakuru,82,315,25830
01-02-2024,Nandini Pure Ghee (500ml),Ghee & Butter,Bengaluru,Apex Dairy Supplies Bengaluru,74,315,23310
01-02-2024,Nandini Shubham Milk (1L),Milk,Bengaluru,Apex Dairy Supplies Bengaluru,200,50,10000
01-02-2024,Nandini Sweet Lassi (200ml),Beverages,Mangaluru,Coastal Cool Logistics Mangaluru,259,20,5180
01-02-2024,Nandini Pure Ghee (500ml),Ghee & Butter,Hubballi,Kittur Distributors Hubballi,130,315,40950
01-02-2024,Nandini Kulfi (50ml),Frozen,Hubballi,Kittur Distributors Hubballi,105,25,2625
01-02-2024,Nandini Unsalted Butter (500g),Ghee & Butter,Shivamogga,Malnad Dairy Network Shivamogga,23,280,6440
01-02-2024,Nandini Fresh Paneer (200g),Fresh Dairy,Hubballi,Kittur Distributors Hubballi,155,95,14725
01-02-2024,Nandini Shubham Milk (1L),Milk,Hubballi,Kittur Distributors Hubballi,126,50,6300
01-02-2024,Nandini Flavoured Milk Badam (200ml),Beverages,Hubballi,Kittur Distributors Hubballi,148,35,5180
02-02-2024,Nandini Kulfi (50ml),Frozen,Bengaluru,Apex Dairy Supplies Bengaluru,305,25,7625
02-02-2024,Nandini Mysore Pak (250g),Sweets,Bengaluru,Apex Dairy Supplies Bengaluru,159,160,25440
02-02-2024,Nandini Set Curd (400g),Fresh Dairy,Bengaluru,Apex Dairy Supplies Bengaluru,90,40,3600
02-02-2024,Nandini Pure Ghee (1L),Ghee & Butter,Bengaluru,Apex Dairy Supplies Bengaluru,37,610,22570
02-02-2024,Nandini Shubham Milk (1L),Milk,Hubballi,Kittur Distributors Hubballi,129,50,6450
02-02-2024,Nandini Fresh Paneer (200g),Fresh Dairy,Hubballi,Kittur Distributors Hubballi,161,95,15295
02-02-2024,Nandini Cassata Ice Cream (150ml),Frozen,Kalaburagi,Kalyana Karnataka Foods Kalaburagi,129,55,7095
02-02-2024,Nandini Kulfi (50ml),Frozen,Mysuru,Chamundi Agencies Mysuru,242,25,6050
03-02-2024,Nandini Unsalted Butter (500g),Ghee & Butter,Bengaluru,Apex Dairy Supplies Bengaluru,40,280,11200
03-02-2024,Nandini Unsalted Butter (500g),Ghee & Butter,Bengaluru,Apex Dairy Supplies Bengaluru,103,280,28840
03-02-2024,Nandini Toned Milk (1L),Milk,Bengaluru,Apex Dairy Supplies Bengaluru,603,42,25326
03-02-2024,Nandini Fresh Paneer (200g),Fresh Dairy,Bengaluru,Apex Dairy Supplies Bengaluru,234,95,22230
03-02-2024,Nandini Special Milk (1L),Milk,Davanagere,Central Karnataka Traders Davanagere,246,48,11808
03-02-2024,Nandini Toned Milk (1L),Milk,Bengaluru,Apex Dairy Supplies Bengaluru,868,42,36456
03-02-2024,Nandini Mysore Pak (250g),Sweets,Bengaluru,Apex Dairy Supplies Bengaluru,158,160,25280
04-02-2024,Nandini Special Milk (1L),Milk,Bengaluru,Apex Dairy Supplies Bengaluru,303,48,14544
04-02-2024,Nandini Shubham Milk (1L),Milk,Bengaluru,Apex Dairy Supplies Bengaluru,189,50,9450
04-02-2024,Nandini Curd (500g),Fresh Dairy,Belagavi,North Karnataka Milk Center Belagavi,412,26,10712
04-02-2024,Nandini Milk Peda (250g),Sweets,Bengaluru,Apex Dairy Supplies Bengaluru,180,140,25200
04-02-2024,Nandini Fresh Paneer (200g),Fresh Dairy,Hubballi,Kittur Distributors Hubballi,122,95,11590
04-02-2024,Nandini Milk Peda (250g),Sweets,Hubballi,Kittur Distributors Hubballi,117,140,16380
04-02-2024,Nandini Salted Butter (500g),Ghee & Butter,Davanagere,Central Karnataka Traders Davanagere,77,275,21175
04-02-2024,Nandini Milk Peda (250g),Sweets,Mysuru,Chamundi Agencies Mysuru,148,140,20720
04-02-2024,Nandini Mysore Pak (250g),Sweets,Shivamogga,Malnad Dairy Network Shivamogga,103,160,16480
04-02-2024,Nandini Toned Milk (1L),Milk,Tumakuru,Siddaganga Milk Express Tumakuru,685,42,28770
04-02-2024,Nandini Gulab Jamun (1kg),Sweets,Bengaluru,Apex Dairy Supplies Bengaluru,110,260,28600
04-02-2024,Nandini Flavoured Milk Badam (200ml),Beverages,Davanagere,Central Karnataka Traders Davanagere,167,35,5845
04-02-2024,Nandini Kulfi (50ml),Frozen,Belagavi,North Karnataka Milk Center Belagavi,91,25,2275
05-02-2024,Nandini Set Curd (400g),Fresh Dairy,Hubballi,Kittur Distributors Hubballi,152,40,6080
05-02-2024,Nandini Unsalted Butter (500g),Ghee & Butter,Hubballi,Kittur Distributors Hubballi,50,280,14000
05-02-2024,Nandini Toned Milk (1L),Milk,Hubballi,Kittur Distributors Hubballi,841,42,35322
05-02-2024,Nandini Mysore Pak (250g),Sweets,Davanagere,Central Karnataka Traders Davanagere,119,160,19040
05-02-2024,Nandini Flavoured Milk Badam (200ml),Beverages,Bengaluru,Apex Dairy Supplies Bengaluru,246,35,8610
05-02-2024,Nandini Pure Ghee (500ml),Ghee & Butter,Bengaluru,Apex Dairy Supplies Bengaluru,179,315,56385
05-02-2024,Nandini Pure Ghee (1L),Ghee & Butter,Mysuru,Chamundi Agencies Mysuru,91,610,55510
05-02-2024,Nandini Flavoured Milk Badam (200ml),Beverages,Bengaluru,Apex Dairy Supplies Bengaluru,195,35,6825
06-02-2024,Nandini Sweet Lassi (200ml),Beverages,Bengaluru,Apex Dairy Supplies Bengaluru,579,20,11580
06-02-2024,Nandini Samrudhi Milk (1L),Milk,Belagavi,North Karnataka Milk Center Belagavi,111,54,5994
06-02-2024,Nandini Set Curd (400g),Fresh Dairy,Hubballi,Kittur Distributors Hubballi,124,40,4960
06-02-2024,Nandini Fresh Paneer (200g),Fresh Dairy,Bengaluru,Apex Dairy Supplies Bengaluru,338,95,32110
06-02-2024,Nandini Special Milk (1L),Milk,Kalaburagi,Kalyana Karnataka Foods Kalaburagi,299,48,14352
06-02-2024,Nandini Unsalted Butter (500g),Ghee & Butter,Bengaluru,Apex Dairy Supplies Bengaluru,63,280,17640
06-02-2024,Nandini Cassata Ice Cream (150ml),Frozen,Ballari,Tungabhadra Dairy Logistics Ballari,139,55,7645
07-02-2024,Nandini Cassata Ice Cream (150ml),Frozen,Bengaluru,Apex Dairy Supplies Bengaluru,130,55,7150
07-02-2024,Nandini Kulfi (50ml),Frozen,Mysuru,Chamundi Agencies Mysuru,132,25,3300
07-02-2024,Nandini Homogenised Cow Milk (1L),Milk,Hubballi,Kittur Distributors Hubballi,339,46,15594
07-02-2024,Nandini Unsalted Butter (500g),Ghee & Butter,Mysuru,Chamundi Agencies Mysuru,50,280,14000
07-02-2024,Nandini Cassata Ice Cream (150ml),Frozen,Mysuru,Chamundi Agencies Mysuru,113,55,6215
07-02-2024,Nandini Spiced Buttermilk (200ml),Beverages,Bengaluru,Apex Dairy Supplies Bengaluru,1040,12,12480
07-02-2024,Nandini Unsalted Butter (500g),Ghee & Butter,Mangaluru,Coastal Cool Logistics Mangaluru,56,280,15680
07-02-2024,Nandini Special Milk (1L),Milk,Mysuru,Chamundi Agencies Mysuru,316,48,15168
07-02-2024,Nandini Pure Ghee (1L),Ghee & Butter,Bengaluru,Apex Dairy Supplies Bengaluru,87,610,53070
07-02-2024,Nandini Pure Ghee (1L),Ghee & Butter,Mysuru,Chamundi Agencies Mysuru,29,610,17690
07-02-2024,Nandini Pure Ghee (1L),Ghee & Butter,Belagavi,North Karnataka Milk Center Belagavi,66,610,40260
07-02-2024,Nandini Flavoured Milk Badam (200ml),Beverages,Mangaluru,Coastal Cool Logistics Mangaluru,83,35,2905
08-02-2024,Nandini Gulab Jamun (1kg),Sweets,Mysuru,Chamundi Agencies Mysuru,23,260,5980
08-02-2024,Nandini Cassata Ice Cream (150ml),Frozen,Bengaluru,Apex Dairy Supplies Bengaluru,161,55,8855
08-02-2024,Nandini Special Milk (1L),Milk,Hubballi,Kittur Distributors Hubballi,340,48,16320
08-02-2024,Nandini Spiced Buttermilk (200ml),Beverages,Hubballi,Kittur Distributors Hubballi,707,12,8484
08-02-2024,Nandini Set Curd (400g),Fresh Dairy,Hubballi,Kittur Distributors Hubballi,155,40,6200
08-02-2024,Nandini Flavoured Milk Badam (200ml),Beverages,Bengaluru,Apex Dairy Supplies Bengaluru,341,35,11935
09-02-2024,Nandini Set Curd (400g),Fresh Dairy,Mangaluru,Coastal Cool Logistics Mangaluru,120,40,4800
09-02-2024,Nandini Special Milk (1L),Milk,Mangaluru,Coastal Cool Logistics Mangaluru,505,48,24240
09-02-2024,Nandini Set Curd (400g),Fresh Dairy,Bengaluru,Apex Dairy Supplies Bengaluru,214,40,8560
09-02-2024,Nandini Shubham Milk (1L),Milk,Hubballi,Kittur Distributors Hubballi,384,50,19200
09-02-2024,Nandini Spiced Buttermilk (200ml),Beverages,Bengaluru,Apex Dairy Supplies Bengaluru,499,12,5988
09-02-2024,Nandini Mysore Pak (250g),Sweets,Bengaluru,Apex Dairy Supplies Bengaluru,147,160,23520
09-02-2024,Nandini Toned Milk (1L),Milk,Mangaluru,Coastal Cool Logistics Mangaluru,636,42,26712
09-02-2024,Nandini Gulab Jamun (1kg),Sweets,Bengaluru,Apex Dairy Supplies Bengaluru,29,260,7540
09-02-2024,Nandini Shubham Milk (1L),Milk,Hubballi,Kittur Distributors Hubballi,288,50,14400
09-02-2024,Nandini Salted Butter (500g),Ghee & Butter,Bengaluru,Apex Dairy Supplies Bengaluru,60,275,16500
09-02-2024,Nandini Unsalted Butter (500g),Ghee & Butter,Kalaburagi,Kalyana Karnataka Foods Kalaburagi,73,280,20440
09-02-2024,Nandini Kulfi (50ml),Frozen,Belagavi,North Karnataka Milk Center Belagavi,199,25,4975
09-02-2024,Nandini Shubham Milk (1L),Milk,Mysuru,Chamundi Agencies Mysuru,175,50,8750
09-02-2024,Nandini Mysore Pak (250g),Sweets,Shivamogga,Malnad Dairy Network Shivamogga,110,160,17600
09-02-2024,Nandini Salted Butter (500g),Ghee & Butter,Bengaluru,Apex Dairy Supplies Bengaluru,37,275,10175
09-02-2024,Nandini Homogenised Cow Milk (1L),Milk,Davanagere,Central Karnataka Traders Davanagere,325,46,14950
10-02-2024,Nandini Set Curd (400g),Fresh Dairy,Bengaluru,Apex Dairy Supplies Bengaluru,182,40,7280
10-02-2024,Nandini Flavoured Milk Badam (200ml),Beverages,Belagavi,North Karnataka Milk Center Belagavi,188,35,6580
10-02-2024,Nandini Special Milk (1L),Milk,Davanagere,Central Karnataka Traders Davanagere,281,48,13488
10-02-2024,Nandini Toned Milk (1L),Milk,Hubballi,Kittur Distributors Hubballi,412,42,17304
10-02-2024,Nandini Milk Peda (250g),Sweets,Bengaluru,Apex Dairy Supplies Bengaluru,130,140,18200
10-02-2024,Nandini Set Curd (400g),Fresh Dairy,Belagavi,North Karnataka Milk Center Belagavi,72,40,2880
10-02-2024,Nandini Flavoured Milk Badam (200ml),Beverages,Bengaluru,Apex Dairy Supplies Bengaluru,386,35,13510
11-02-2024,Nandini Samrudhi Milk (1L),Milk,Bengaluru,Apex Dairy Supplies Bengaluru,154,54,8316
11-02-2024,Nandini Salted Butter (500g),Ghee & Butter,Bengaluru,Apex Dairy Supplies Bengaluru,109,275,29975
11-02-2024,Nandini Toned Milk (1L),Milk,Bengaluru,Apex Dairy Supplies Bengaluru,956,42,40152
11-02-2024,Nandini Gulab Jamun (1kg),Sweets,Mangaluru,Coastal Cool Logistics Mangaluru,27,260,7020
11-02-2024,Nandini Curd (500g),Fresh Dairy,Mysuru,Chamundi Agencies Mysuru,426,26,11076
11-02-2024,Nandini Samrudhi Milk (1L),Milk,Kalaburagi,Kalyana Karnataka Foods Kalaburagi,97,54,5238
11-02-2024,Nandini Curd (500g),Fresh Dairy,Mysuru,Chamundi Agencies Mysuru,379,26,9854
11-02-2024,Nandini Salted Butter (500g),Ghee & Butter,Bengaluru,Apex Dairy Supplies Bengaluru,57,275,15675
11-02-2024,Nandini Special Milk (1L),Milk,Belagavi,North Karnataka Milk Center Belagavi,476,48,22848
11-02-2024,Nandini Unsalted Butter (500g),Ghee & Butter,Bengaluru,Apex Dairy Supplies Bengaluru,82,280,22960
12-02-2024,Nandini Special Milk (1L),Milk,Belagavi,North Karnataka Milk Center Belagavi,366,48,17568
12-02-2024,Nandini Pure Ghee (500ml),Ghee & Butter,Bengaluru,Apex Dairy Supplies Bengaluru,175,315,55125
12-02-2024,Nandini Set Curd (400g),Fresh Dairy,Hubballi,Kittur Distributors Hubballi,119,40,4760
12-02-2024,Nandini Curd (500g),Fresh Dairy,Bengaluru,Apex Dairy Supplies Bengaluru,282,26,7332
12-02-2024,Nandini Milk Peda (250g),Sweets,Bengaluru,Apex Dairy Supplies Bengaluru,90,140,12600
12-02-2024,Nandini Gulab Jamun (1kg),Sweets,Bengaluru,Apex Dairy Supplies Bengaluru,55,260,14300
12-02-2024,Nandini Sweet Lassi (200ml),Beverages,Bengaluru,Apex Dairy Supplies Bengaluru,239,20,4780
12-02-2024,Nandini Sweet Lassi (200ml),Beverages,Belagavi,North Karnataka Milk Center Belagavi,424,20,8480
12-02-2024,Nandini Salted Butter (500g),Ghee & Butter,Ballari,Tungabhadra Dairy Logistics Ballari,42,275,11550
12-02-2024,Nandini Salted Butter (500g),Ghee & Butter,Hubballi,Kittur Distributors Hubballi,75,275,20625
12-02-2024,Nandini Spiced Buttermilk (200ml),Beverages,Bengaluru,Apex Dairy Supplies Bengaluru,960,12,11520
12-02-2024,Nandini Samrudhi Milk (1L),Milk,Belagavi,North Karnataka Milk Center Belagavi,160,54,8640
13-02-2024,Nandini Special Milk (1L),Milk,Belagavi,North Karnataka Milk Center Belagavi,457,48,21936
13-02-2024,Nandini Gulab Jamun (1kg),Sweets,Belagavi,North Karnataka Milk Center Belagavi,76,260,19760
13-02-2024,Nandini Milk Peda (250g),Sweets,Hubballi,Kittur Distributors Hubballi,46,140,6440
13-02-2024,Nandini Homogenised Cow Milk (1L),Milk,Bengaluru,Apex Dairy Supplies Bengaluru,550,46,25300
13-02-2024,Nandini Pure Ghee (500ml),Ghee & Butter,Hubballi,Kittur Distributors Hubballi,125,315,39375
13-02-2024,Nandini Cassata Ice Cream (150ml),Frozen,Ballari,Tungabhadra Dairy Logistics Ballari,153,55,8415
13-02-2024,Nandini Unsalted Butter (500g),Ghee & Butter,Davanagere,Central Karnataka Traders Davanagere,39,280,10920
13-02-2024,Nandini Cassata Ice Cream (150ml),Frozen,Kalaburagi,Kalyana Karnataka Foods Kalaburagi,85,55,4675
13-02-2024,Nandini Homogenised Cow Milk (1L),Milk,Ballari,Tungabhadra Dairy Logistics Ballari,409,46,18814
13-02-2024,Nandini Fresh Paneer (200g),Fresh Dairy,Bengaluru,Apex Dairy Supplies Bengaluru,238,95,22610
13-02-2024,Nandini Cassata Ice Cream (150ml),Frozen,Davanagere,Central Karnataka Traders Davanagere,56,55,3080
13-02-2024,Nandini Samrudhi Milk (1L),Milk,Hubballi,Kittur Distributors Hubballi,115,54,6210
14-02-2024,Nandini Toned Milk (1L),Milk,Hubballi,Kittur Distributors Hubballi,695,42,29190
14-02-2024,Nandini Unsalted Butter (500g),Ghee & Butter,Bengaluru,Apex Dairy Supplies Bengaluru,89,280,24920
14-02-2024,Nandini Unsalted Butter (500g),Ghee & Butter,Bengaluru,Apex Dairy Supplies Bengaluru,46,280,12880
14-02-2024,Nandini Unsalted Butter (500g),Ghee & Butter,Mysuru,Chamundi Agencies Mysuru,59,280,16520
14-02-2024,Nandini Samrudhi Milk (1L),Milk,Mangaluru,Coastal Cool Logistics Mangaluru,135,54,7290
14-02-2024,Nandini Unsalted Butter (500g),Ghee & Butter,Hubballi,Kittur Distributors Hubballi,24,280,6720
14-02-2024,Nandini Kulfi (50ml),Frozen,Bengaluru,Apex Dairy Supplies Bengaluru,273,25,6825
15-02-2024,Nandini Flavoured Milk Badam (200ml),Beverages,Kalaburagi,Kalyana Karnataka Foods Kalaburagi,173,35,6055
15-02-2024,Nandini Fresh Paneer (200g),Fresh Dairy,Bengaluru,Apex Dairy Supplies Bengaluru,233,95,22135
15-02-2024,Nandini Set Curd (400g),Fresh Dairy,Bengaluru,Apex Dairy Supplies Bengaluru,164,40,6560
15-02-2024,Nandini Unsalted Butter (500g),Ghee & Butter,Davanagere,Central Karnataka Traders Davanagere,54,280,15120
15-02-2024,Nandini Spiced Buttermilk (200ml),Beverages,Bengaluru,Apex Dairy Supplies Bengaluru,1063,12,12756
15-02-2024,Nandini Fresh Paneer (200g),Fresh Dairy,Ballari,Tungabhadra Dairy Logistics Ballari,68,95,6460
16-02-2024,Nandini Flavoured Milk Badam (200ml),Beverages,Shivamogga,Malnad Dairy Network Shivamogga,282,35,9870
16-02-2024,Nandini Cassata Ice Cream (150ml),Frozen,Mangaluru,Coastal Cool Logistics Mangaluru,41,55,2255
16-02-2024,Nandini Set Curd (400g),Fresh Dairy,Ballari,Tungabhadra Dairy Logistics Ballari,172,40,6880
16-02-2024,Nandini Unsalted Butter (500g),Ghee & Butter,Davanagere,Central Karnataka Traders Davanagere,21,280,5880
16-02-2024,Nandini Pure Ghee (1L),Ghee & Butter,Mangaluru,Coastal Cool Logistics Mangaluru,66,610,40260
16-02-2024,Nandini Cassata Ice Cream (150ml),Frozen,Bengaluru,Apex Dairy Supplies Bengaluru,96,55,5280
16-02-2024,Nandini Milk Peda (250g),Sweets,Mysuru,Chamundi Agencies Mysuru,42,140,5880
16-02-2024,Nandini Curd (500g),Fresh Dairy,Bengaluru,Apex Dairy Supplies Bengaluru,830,26,21580
16-02-2024,Nandini Spiced Buttermilk (200ml),Beverages,Bengaluru,Apex Dairy Supplies Bengaluru,1241,12,14892
16-02-2024,Nandini Unsalted Butter (500g),Ghee & Butter,Bengaluru,Apex Dairy Supplies Bengaluru,74,280,20720
16-02-2024,Nandini Samrudhi Milk (1L),Milk,Bengaluru,Apex Dairy Supplies Bengaluru,203,54,10962
17-02-2024,Nandini Pure Ghee (1L),Ghee & Butter,Bengaluru,Apex Dairy Supplies Bengaluru,83,610,50630
17-02-2024,Nandini Curd (500g),Fresh Dairy,Mysuru,Chamundi Agencies Mysuru,522,26,13572
17-02-2024,Nandini Flavoured Milk Badam (200ml),Beverages,Shivamogga,Malnad Dairy Network Shivamogga,107,35,3745
17-02-2024,Nandini Flavoured Milk Badam (200ml),Beverages,Bengaluru,Apex Dairy Supplies Bengaluru,154,35,5390
17-02-2024,Nandini Unsalted Butter (500g),Ghee & Butter,Kalaburagi,Kalyana Karnataka Foods Kalaburagi,29,280,8120
17-02-2024,Nandini Gulab Jamun (1kg),Sweets,Bengaluru,Apex Dairy Supplies Bengaluru,43,260,11180
17-02-2024,Nandini Pure Ghee (1L),Ghee & Butter,Bengaluru,Apex Dairy Supplies Bengaluru,52,610,31720
17-02-2024,Nandini Sweet Lassi (200ml),Beverages,Bengaluru,Apex Dairy Supplies Bengaluru,270,20,5400
17-02-2024,Nandini Milk Peda (250g),Sweets,Ballari,Tungabhadra Dairy Logistics Ballari,122,140,17080
18-02-2024,Nandini Flavoured Milk Badam (200ml),Beverages,Bengaluru,Apex Dairy Supplies Bengaluru,321,35,11235
18-02-2024,Nandini Pure Ghee (500ml),Ghee & Butter,Hubballi,Kittur Distributors Hubballi,77,315,24255
18-02-2024,Nandini Homogenised Cow Milk (1L),Milk,Davanagere,Central Karnataka Traders Davanagere,357,46,16422
18-02-2024,Nandini Salted Butter (500g),Ghee & Butter,Bengaluru,Apex Dairy Supplies Bengaluru,41,275,11275
18-02-2024,Nandini Pure Ghee (1L),Ghee & Butter,Bengaluru,Apex Dairy Supplies Bengaluru,53,610,32330
18-02-2024,Nandini Curd (500g),Fresh Dairy,Hubballi,Kittur Distributors Hubballi,422,26,10972
18-02-2024,Nandini Homogenised Cow Milk (1L),Milk,Hubballi,Kittur Distributors Hubballi,405,46,18630
18-02-2024,Nandini Toned Milk (1L),Milk,Davanagere,Central Karnataka Traders Davanagere,611,42,25662
19-02-2024,Nandini Homogenised Cow Milk (1L),Milk,Shivamogga,Malnad Dairy Network Shivamogga,352,46,16192
19-02-2024,Nandini Flavoured Milk Badam (200ml),Beverages,Mysuru,Chamundi Agencies Mysuru,259,35,9065
19-02-2024,Nandini Unsalted Butter (500g),Ghee & Butter,Mysuru,Chamundi Agencies Mysuru,55,280,15400
19-02-2024,Nandini Curd (500g),Fresh Dairy,Bengaluru,Apex Dairy Supplies Bengaluru,656,26,17056
19-02-2024,Nandini Spiced Buttermilk (200ml),Beverages,Mysuru,Chamundi Agencies Mysuru,1124,12,13488
19-02-2024,Nandini Flavoured Milk Badam (200ml),Beverages,Mysuru,Chamundi Agencies Mysuru,165,35,5775
19-02-2024,Nandini Pure Ghee (1L),Ghee & Butter,Mysuru,Chamundi Agencies Mysuru,85,610,51850
19-02-2024,Nandini Mysore Pak (250g),Sweets,Bengaluru,Apex Dairy Supplies Bengaluru,67,160,10720
19-02-2024,Nandini Mysore Pak (250g),Sweets,Mangaluru,Coastal Cool Logistics Mangaluru,130,160,20800
19-02-2024,Nandini Spiced Buttermilk (200ml),Beverages,Davanagere,Central Karnataka Traders Davanagere,521,12,6252
19-02-2024,Nandini Flavoured Milk Badam (200ml),Beverages,Mysuru,Chamundi Agencies Mysuru,325,35,11375
19-02-2024,Nandini Toned Milk (1L),Milk,Bengaluru,Apex Dairy Supplies Bengaluru,1053,42,44226
19-02-2024,Nandini Special Milk (1L),Milk,Bengaluru,Apex Dairy Supplies Bengaluru,578,48,27744
20-02-2024,Nandini Shubham Milk (1L),Milk,Kalaburagi,Kalyana Karnataka Foods Kalaburagi,229,50,11450
20-02-2024,Nandini Flavoured Milk Badam (200ml),Beverages,Kalaburagi,Kalyana Karnataka Foods Kalaburagi,125,35,4375
20-02-2024,Nandini Mysore Pak (250g),Sweets,Kalaburagi,Kalyana Karnataka Foods Kalaburagi,68,160,10880
20-02-2024,Nandini Unsalted Butter (500g),Ghee & Butter,Hubballi,Kittur Distributors Hubballi,15,280,4200
20-02-2024,Nandini Pure Ghee (500ml),Ghee & Butter,Bengaluru,Apex Dairy Supplies Bengaluru,171,315,53865
20-02-2024,Nandini Set Curd (400g),Fresh Dairy,Mysuru,Chamundi Agencies Mysuru,81,40,3240
20-02-2024,Nandini Toned Milk (1L),Milk,Kalaburagi,Kalyana Karnataka Foods Kalaburagi,925,42,38850
20-02-2024,Nandini Shubham Milk (1L),Milk,Kalaburagi,Kalyana Karnataka Foods Kalaburagi,230,50,11500
20-02-2024,Nandini Salted Butter (500g),Ghee & Butter,Bengaluru,Apex Dairy Supplies Bengaluru,102,275,28050
20-02-2024,Nandini Salted Butter (500g),Ghee & Butter,Bengaluru,Apex Dairy Supplies Bengaluru,92,275,25300
20-02-2024,Nandini Homogenised Cow Milk (1L),Milk,Mangaluru,Coastal Cool Logistics Mangaluru,409,46,18814
20-02-2024,Nandini Sweet Lassi (200ml),Beverages,Davanagere,Central Karnataka Traders Davanagere,410,20,8200
21-02-2024,Nandini Fresh Paneer (200g),Fresh Dairy,Bengaluru,Apex Dairy Supplies Bengaluru,251,95,23845
21-02-2024,Nandini Unsalted Butter (500g),Ghee & Butter,Davanagere,Central Karnataka Traders Davanagere,29,280,8120
21-02-2024,Nandini Shubham Milk (1L),Milk,Bengaluru,Apex Dairy Supplies Bengaluru,464,50,23200
21-02-2024,Nandini Set Curd (400g),Fresh Dairy,Bengaluru,Apex Dairy Supplies Bengaluru,150,40,6000
21-02-2024,Nandini Flavoured Milk Badam (200ml),Beverages,Bengaluru,Apex Dairy Supplies Bengaluru,152,35,5320
21-02-2024,Nandini Pure Ghee (500ml),Ghee & Butter,Bengaluru,Apex Dairy Supplies Bengaluru,173,315,54495
21-02-2024,Nandini Cassata Ice Cream (150ml),Frozen,Kalaburagi,Kalyana Karnataka Foods Kalaburagi,81,55,4455
21-02-2024,Nandini Pure Ghee (500ml),Ghee & Butter,Bengaluru,Apex Dairy Supplies Bengaluru,181,315,57015
21-02-2024,Nandini Set Curd (400g),Fresh Dairy,Bengaluru,Apex Dairy Supplies Bengaluru,84,40,3360
22-02-2024,Nandini Fresh Paneer (200g),Fresh Dairy,Bengaluru,Apex Dairy Supplies Bengaluru,142,95,13490
22-02-2024,Nandini Milk Peda (250g),Sweets,Mangaluru,Coastal Cool Logistics Mangaluru,56,140,7840
22-02-2024,Nandini Shubham Milk (1L),Milk,Davanagere,Central Karnataka Traders Davanagere,235,50,11750
22-02-2024,Nandini Kulfi (50ml),Frozen,Mysuru,Chamundi Agencies Mysuru,188,25,4700
22-02-2024,Nandini Gulab Jamun (1kg),Sweets,Mangaluru,Coastal Cool Logistics Mangaluru,18,260,4680
22-02-2024,Nandini Special Milk (1L),Milk,Bengaluru,Apex Dairy Supplies Bengaluru,630,48,30240
22-02-2024,Nandini Salted Butter (500g),Ghee & Butter,Mysuru,Chamundi Agencies Mysuru,45,275,12375
22-02-2024,Nandini Sweet Lassi (200ml),Beverages,Ballari,Tungabhadra Dairy Logistics Ballari,363,20,7260
22-02-2024,Nandini Kulfi (50ml),Frozen,Hubballi,Kittur Distributors Hubballi,146,25,3650
22-02-2024,Nandini Shubham Milk (1L),Milk,Bengaluru,Apex Dairy Supplies Bengaluru,221,50,11050
22-02-2024,Nandini Cassata Ice Cream (150ml),Frozen,Mangaluru,Coastal Cool Logistics Mangaluru,62,55,3410
23-02-2024,Nandini Special Milk (1L),Milk,Bengaluru,Apex Dairy Supplies Bengaluru,327,48,15696
23-02-2024,Nandini Cassata Ice Cream (150ml),Frozen,Mysuru,Chamundi Agencies Mysuru,65,55,3575
23-02-2024,Nandini Curd (500g),Fresh Dairy,Bengaluru,Apex Dairy Supplies Bengaluru,661,26,17186
23-02-2024,Nandini Gulab Jamun (1kg),Sweets,Belagavi,North Karnataka Milk Center Belagavi,26,260,6760
23-02-2024,Nandini Milk Peda (250g),Sweets,Mysuru,Chamundi Agencies Mysuru,141,140,19740
23-02-2024,Nandini Shubham Milk (1L),Milk,Belagavi,North Karnataka Milk Center Belagavi,208,50,10400
23-02-2024,Nandini Mysore Pak (250g),Sweets,Bengaluru,Apex Dairy Supplies Bengaluru,144,160,23040
23-02-2024,Nandini Toned Milk (1L),Milk,Bengaluru,Apex Dairy Supplies Bengaluru,996,42,41832
23-02-2024,Nandini Cassata Ice Cream (150ml),Frozen,Mysuru,Chamundi Agencies Mysuru,174,55,9570
23-02-2024,Nandini Curd (500g),Fresh Dairy,Davanagere,Central Karnataka Traders Davanagere,581,26,15106
23-02-2024,Nandini Toned Milk (1L),Milk,Bengaluru,Apex Dairy Supplies Bengaluru,636,42,26712
24-02-2024,Nandini Unsalted Butter (500g),Ghee & Butter,Bengaluru,Apex Dairy Supplies Bengaluru,39,280,10920
24-02-2024,Nandini Milk Peda (250g),Sweets,Shivamogga,Malnad Dairy Network Shivamogga,66,140,9240
24-02-2024,Nandini Spiced Buttermilk (200ml),Beverages,Bengaluru,Apex Dairy Supplies Bengaluru,702,12,8424
24-02-2024,Nandini Pure Ghee (1L),Ghee & Butter,Mangaluru,Coastal Cool Logistics Mangaluru,81,610,49410
24-02-2024,Nandini Cassata Ice Cream (150ml),Frozen,Bengaluru,Apex Dairy Supplies Bengaluru,255,55,14025
24-02-2024,Nandini Gulab Jamun (1kg),Sweets,Mysuru,Chamundi Agencies Mysuru,106,260,27560
24-02-2024,Nandini Spiced Buttermilk (200ml),Beverages,Bengaluru,Apex Dairy Supplies Bengaluru,644,12,7728
25-02-2024,Nandini Pure Ghee (1L),Ghee & Butter,Hubballi,Kittur Distributors Hubballi,51,610,31110
25-02-2024,Nandini Set Curd (400g),Fresh Dairy,Mysuru,Chamundi Agencies Mysuru,66,40,2640
25-02-2024,Nandini Toned Milk (1L),Milk,Mangaluru,Coastal Cool Logistics Mangaluru,423,42,17766
25-02-2024,Nandini Homogenised Cow Milk (1L),Milk,Belagavi,North Karnataka Milk Center Belagavi,618,46,28428
25-02-2024,Nandini Curd (500g),Fresh Dairy,Mysuru,Chamundi Agencies Mysuru,259,26,6734
25-02-2024,Nandini Cassata Ice Cream (150ml),Frozen,Mangaluru,Coastal Cool Logistics Mangaluru,161,55,8855
25-02-2024,Nandini Salted Butter (500g),Ghee & Butter,Mysuru,Chamundi Agencies Mysuru,42,275,11550
25-02-2024,Nandini Unsalted Butter (500g),Ghee & Butter,Bengaluru,Apex Dairy Supplies Bengaluru,77,280,21560
25-02-2024,Nandini Pure Ghee (500ml),Ghee & Butter,Shivamogga,Malnad Dairy Network Shivamogga,149,315,46935
25-02-2024,Nandini Sweet Lassi (200ml),Beverages,Hubballi,Kittur Distributors Hubballi,437,20,8740
25-02-2024,Nandini Flavoured Milk Badam (200ml),Beverages,Mangaluru,Coastal Cool Logistics Mangaluru,116,35,4060
25-02-2024,Nandini Spiced Buttermilk (200ml),Beverages,Mysuru,Chamundi Agencies Mysuru,911,12,10932
25-02-2024,Nandini Fresh Paneer (200g),Fresh Dairy,Belagavi,North Karnataka Milk Center Belagavi,163,95,15485
26-02-2024,Nandini Curd (500g),Fresh Dairy,Bengaluru,Apex Dairy Supplies Bengaluru,708,26,18408
26-02-2024,Nandini Spiced Buttermilk (200ml),Beverages,Mangaluru,Coastal Cool Logistics Mangaluru,581,12,6972
26-02-2024,Nandini Toned Milk (1L),Milk,Ballari,Tungabhadra Dairy Logistics Ballari,457,42,19194
26-02-2024,Nandini Homogenised Cow Milk (1L),Milk,Bengaluru,Apex Dairy Supplies Bengaluru,787,46,36202
26-02-2024,Nandini Cassata Ice Cream (150ml),Frozen,Mysuru,Chamundi Agencies Mysuru,64,55,3520
26-02-2024,Nandini Sweet Lassi (200ml),Beverages,Bengaluru,Apex Dairy Supplies Bengaluru,269,20,5380
26-02-2024,Nandini Mysore Pak (250g),Sweets,Ballari,Tungabhadra Dairy Logistics Ballari,101,160,16160
26-02-2024,Nandini Shubham Milk (1L),Milk,Mangaluru,Coastal Cool Logistics Mangaluru,321,50,16050
26-02-2024,Nandini Curd (500g),Fresh Dairy,Hubballi,Kittur Distributors Hubballi,282,26,7332
27-02-2024,Nandini Curd (500g),Fresh Dairy,Bengaluru,Apex Dairy Supplies Bengaluru,540,26,14040
27-02-2024,Nandini Salted Butter (500g),Ghee & Butter,Mangaluru,Coastal Cool Logistics Mangaluru,83,275,22825
27-02-2024,Nandini Unsalted Butter (500g),Ghee & Butter,Bengaluru,Apex Dairy Supplies Bengaluru,54,280,15120
27-02-2024,Nandini Kulfi (50ml),Frozen,Bengaluru,Apex Dairy Supplies Bengaluru,161,25,4025
27-02-2024,Nandini Shubham Milk (1L),Milk,Mysuru,Chamundi Agencies Mysuru,288,50,14400
27-02-2024,Nandini Spiced Buttermilk (200ml),Beverages,Hubballi,Kittur Distributors Hubballi,458,12,5496
27-02-2024,Nandini Milk Peda (250g),Sweets,Bengaluru,Apex Dairy Supplies Bengaluru,159,140,22260
27-02-2024,Nandini Unsalted Butter (500g),Ghee & Butter,Mangaluru,Coastal Cool Logistics Mangaluru,43,280,12040
28-02-2024,Nandini Pure Ghee (500ml),Ghee & Butter,Kalaburagi,Kalyana Karnataka Foods Kalaburagi,99,315,31185
28-02-2024,Nandini Shubham Milk (1L),Milk,Mysuru,Chamundi Agencies Mysuru,215,50,10750
28-02-2024,Nandini Unsalted Butter (500g),Ghee & Butter,Mysuru,Chamundi Agencies Mysuru,60,280,16800
28-02-2024,Nandini Set Curd (400g),Fresh Dairy,Bengaluru,Apex Dairy Supplies Bengaluru,71,40,2840
28-02-2024,Nandini Gulab Jamun (1kg),Sweets,Mysuru,Chamundi Agencies Mysuru,67,260,17420
28-02-2024,Nandini Mysore Pak (250g),Sweets,Mysuru,Chamundi Agencies Mysuru,107,160,17120
28-02-2024,Nandini Unsalted Butter (500g),Ghee & Butter,Hubballi,Kittur Distributors Hubballi,54,280,15120
28-02-2024,Nandini Shubham Milk (1L),Milk,Hubballi,Kittur Distributors Hubballi,233,50,11650
28-02-2024,Nandini Gulab Jamun (1kg),Sweets,Tumakuru,Siddaganga Milk Express Tumakuru,27,260,7020
28-02-2024,Nandini Flavoured Milk Badam (200ml),Beverages,Bengaluru,Apex Dairy Supplies Bengaluru,272,35,9520
28-02-2024,Nandini Unsalted Butter (500g),Ghee & Butter,Bengaluru,Apex Dairy Supplies Bengaluru,54,280,15120
28-02-2024,Nandini Mysore Pak (250g),Sweets,Bengaluru,Apex Dairy Supplies Bengaluru,61,160,9760
29-02-2024,Nandini Gulab Jamun (1kg),Sweets,Davanagere,Central Karnataka Traders Davanagere,25,260,6500
29-02-2024,Nandini Homogenised Cow Milk (1L),Milk,Bengaluru,Apex Dairy Supplies Bengaluru,515,46,23690
29-02-2024,Nandini Kulfi (50ml),Frozen,Mangaluru,Coastal Cool Logistics Mangaluru,181,25,4525
29-02-2024,Nandini Homogenised Cow Milk (1L),Milk,Bengaluru,Apex Dairy Supplies Bengaluru,301,46,13846
29-02-2024,Nandini Gulab Jamun (1kg),Sweets,Belagavi,North Karnataka Milk Center Belagavi,48,260,12480
29-02-2024,Nandini Set Curd (400g),Fresh Dairy,Bengaluru,Apex Dairy Supplies Bengaluru,217,40,8680
29-02-2024,Nandini Pure Ghee (500ml),Ghee & Butter,Belagavi,North Karnataka Milk Center Belagavi,89,315,28035
29-02-2024,Nandini Samrudhi Milk (1L),Milk,Hubballi,Kittur Distributors Hubballi,205,54,11070
29-02-2024,Nandini Pure Ghee (1L),Ghee & Butter,Bengaluru,Apex Dairy Supplies Bengaluru,92,610,56120
29-02-2024,Nandini Unsalted Butter (500g),Ghee & Butter,Mangaluru,Coastal Cool Logistics Mangaluru,69,280,19320
29-02-2024,Nandini Curd (500g),Fresh Dairy,Shivamogga,Malnad Dairy Network Shivamogga,526,26,13676
01-03-2024,Nandini Spiced Buttermilk (200ml),Beverages,Bengaluru,Apex Dairy Supplies Bengaluru,1645,12,19740
01-03-2024,Nandini Shubham Milk (1L),Milk,Bengaluru,Apex Dairy Supplies Bengaluru,259,50,12950
01-03-2024,Nandini Toned Milk (1L),Milk,Belagavi,North Karnataka Milk Center Belagavi,704,42,29568
01-03-2024,Nandini Toned Milk (1L),Milk,Tumakuru,Siddaganga Milk Express Tumakuru,452,42,18984
01-03-2024,Nandini Salted Butter (500g),Ghee & Butter,Mangaluru,Coastal Cool Logistics Mangaluru,69,275,18975
01-03-2024,Nandini Samrudhi Milk (1L),Milk,Bengaluru,Apex Dairy Supplies Bengaluru,320,54,17280
01-03-2024,Nandini Unsalted Butter (500g),Ghee & Butter,Belagavi,North Karnataka Milk Center Belagavi,36,280,10080
01-03-2024,Nandini Shubham Milk (1L),Milk,Tumakuru,Siddaganga Milk Express Tumakuru,315,50,15750
01-03-2024,Nandini Samrudhi Milk (1L),Milk,Bengaluru,Apex Dairy Supplies Bengaluru,176,54,9504
01-03-2024,Nandini Flavoured Milk Badam (200ml),Beverages,Mysuru,Chamundi Agencies Mysuru,293,35,10255
01-03-2024,Nandini Mysore Pak (250g),Sweets,Bengaluru,Apex Dairy Supplies Bengaluru,90,160,14400
01-03-2024,Nandini Kulfi (50ml),Frozen,Bengaluru,Apex Dairy Supplies Bengaluru,535,25,13375
02-03-2024,Nandini Kulfi (50ml),Frozen,Ballari,Tungabhadra Dairy Logistics Ballari,228,25,5700
02-03-2024,Nandini Kulfi (50ml),Frozen,Kalaburagi,Kalyana Karnataka Foods Kalaburagi,116,25,2900
02-03-2024,Nandini Sweet Lassi (200ml),Beverages,Bengaluru,Apex Dairy Supplies Bengaluru,904,20,18080
02-03-2024,Nandini Unsalted Butter (500g),Ghee & Butter,Ballari,Tungabhadra Dairy Logistics Ballari,48,280,13440
02-03-2024,Nandini Pure Ghee (500ml),Ghee & Butter,Davanagere,Central Karnataka Traders Davanagere,97,315,30555
02-03-2024,Nandini Kulfi (50ml),Frozen,Tumakuru,Siddaganga Milk Express Tumakuru,316,25,7900
02-03-2024,Nandini Mysore Pak (250g),Sweets,Belagavi,North Karnataka Milk Center Belagavi,47,160,7520
02-03-2024,Nandini Shubham Milk (1L),Milk,Bengaluru,Apex Dairy Supplies Bengaluru,415,50,20750
02-03-2024,Nandini Curd (500g),Fresh Dairy,Bengaluru,Apex Dairy Supplies Bengaluru,1068,26,27768
02-03-2024,Nandini Salted Butter (500g),Ghee & Butter,Mangaluru,Coastal Cool Logistics Mangaluru,81,275,22275
03-03-2024,Nandini Gulab Jamun (1kg),Sweets,Hubballi,Kittur Distributors Hubballi,61,260,15860
03-03-2024,Nandini Spiced Buttermilk (200ml),Beverages,Mangaluru,Coastal Cool Logistics Mangaluru,1019,12,12228
03-03-2024,Nandini Mysore Pak (250g),Sweets,Bengaluru,Apex Dairy Supplies Bengaluru,99,160,15840
03-03-2024,Nandini Gulab Jamun (1kg),Sweets,Kalaburagi,Kalyana Karnataka Foods Kalaburagi,49,260,12740
03-03-2024,Nandini Unsalted Butter (500g),Ghee & Butter,Mangaluru,Coastal Cool Logistics Mangaluru,80,280,22400
03-03-2024,Nandini Special Milk (1L),Milk,Mangaluru,Coastal Cool Logistics Mangaluru,291,48,13968
03-03-2024,Nandini Samrudhi Milk (1L),Milk,Bengaluru,Apex Dairy Supplies Bengaluru,140,54,7560
03-03-2024,Nandini Milk Peda (250g),Sweets,Kalaburagi,Kalyana Karnataka Foods Kalaburagi,61,140,8540
04-03-2024,Nandini Sweet Lassi (200ml),Beverages,Mysuru,Chamundi Agencies Mysuru,461,20,9220
04-03-2024,Nandini Curd (500g),Fresh Dairy,Shivamogga,Malnad Dairy Network Shivamogga,678,26,17628
04-03-2024,Nandini Mysore Pak (250g),Sweets,Hubballi,Kittur Distributors Hubballi,132,160,21120
04-03-2024,Nandini Unsalted Butter (500g),Ghee & Butter,Bengaluru,Apex Dairy Supplies Bengaluru,85,280,23800
04-03-2024,Nandini Fresh Paneer (200g),Fresh Dairy,Shivamogga,Malnad Dairy Network Shivamogga,214,95,20330
04-03-2024,Nandini Shubham Milk (1L),Milk,Bengaluru,Apex Dairy Supplies Bengaluru,489,50,24450
04-03-2024,Nandini Pure Ghee (500ml),Ghee & Butter,Hubballi,Kittur Distributors Hubballi,66,315,20790
04-03-2024,Nandini Pure Ghee (1L),Ghee & Butter,Mysuru,Chamundi Agencies Mysuru,102,610,62220
04-03-2024,Nandini Cassata Ice Cream (150ml),Frozen,Mysuru,Chamundi Agencies Mysuru,114,55,6270
04-03-2024,Nandini Mysore Pak (250g),Sweets,Ballari,Tungabhadra Dairy Logistics Ballari,44,160,7040
04-03-2024,Nandini Unsalted Butter (500g),Ghee & Butter,Mangaluru,Coastal Cool Logistics Mangaluru,59,280,16520
04-03-2024,Nandini Sweet Lassi (200ml),Beverages,Bengaluru,Apex Dairy Supplies Bengaluru,288,20,5760
04-03-2024,Nandini Flavoured Milk Badam (200ml),Beverages,Bengaluru,Apex Dairy Supplies Bengaluru,292,35,10220
04-03-2024,Nandini Fresh Paneer (200g),Fresh Dairy,Bengaluru,Apex Dairy Supplies Bengaluru,153,95,14535
05-03-2024,Nandini Mysore Pak (250g),Sweets,Bengaluru,Apex Dairy Supplies Bengaluru,133,160,21280
05-03-2024,Nandini Kulfi (50ml),Frozen,Bengaluru,Apex Dairy Supplies Bengaluru,463,25,11575
05-03-2024,Nandini Pure Ghee (1L),Ghee & Butter,Bengaluru,Apex Dairy Supplies Bengaluru,85,610,51850
05-03-2024,Nandini Special Milk (1L),Milk,Ballari,Tungabhadra Dairy Logistics Ballari,512,48,24576
05-03-2024,Nandini Cassata Ice Cream (150ml),Frozen,Hubballi,Kittur Distributors Hubballi,157,55,8635
05-03-2024,Nandini Pure Ghee (1L),Ghee & Butter,Mysuru,Chamundi Agencies Mysuru,46,610,28060
05-03-2024,Nandini Kulfi (50ml),Frozen,Bengaluru,Apex Dairy Supplies Bengaluru,481,25,12025
05-03-2024,Nandini Salted Butter (500g),Ghee & Butter,Mysuru,Chamundi Agencies Mysuru,113,275,31075
05-03-2024,Nandini Salted Butter (500g),Ghee & Butter,Davanagere,Central Karnataka Traders Davanagere,29,275,7975
06-03-2024,Nandini Cassata Ice Cream (150ml),Frozen,Bengaluru,Apex Dairy Supplies Bengaluru,241,55,13255
06-03-2024,Nandini Pure Ghee (500ml),Ghee & Butter,Mysuru,Chamundi Agencies Mysuru,157,315,49455
06-03-2024,Nandini Pure Ghee (1L),Ghee & Butter,Kalaburagi,Kalyana Karnataka Foods Kalaburagi,105,610,64050
06-03-2024,Nandini Spiced Buttermilk (200ml),Beverages,Mysuru,Chamundi Agencies Mysuru,1150,12,13800
06-03-2024,Nandini Unsalted Butter (500g),Ghee & Butter,Mysuru,Chamundi Agencies Mysuru,40,280,11200
06-03-2024,Nandini Toned Milk (1L),Milk,Bengaluru,Apex Dairy Supplies Bengaluru,1260,42,52920
06-03-2024,Nandini Special Milk (1L),Milk,Mysuru,Chamundi Agencies Mysuru,417,48,20016
06-03-2024,Nandini Gulab Jamun (1kg),Sweets,Bengaluru,Apex Dairy Supplies Bengaluru,69,260,17940
07-03-2024,Nandini Special Milk (1L),Milk,Hubballi,Kittur Distributors Hubballi,404,48,19392
07-03-2024,Nandini Homogenised Cow Milk (1L),Milk,Mysuru,Chamundi Agencies Mysuru,729,46,33534
07-03-2024,Nandini Milk Peda (250g),Sweets,Belagavi,North Karnataka Milk Center Belagavi,105,140,14700
07-03-2024,Nandini Spiced Buttermilk (200ml),Beverages,Bengaluru,Apex Dairy Supplies Bengaluru,669,12,8028
07-03-2024,Nandini Cassata Ice Cream (150ml),Frozen,Hubballi,Kittur Distributors Hubballi,81,55,4455
07-03-2024,Nandini Pure Ghee (1L),Ghee & Butter,Bengaluru,Apex Dairy Supplies Bengaluru,101,610,61610
07-03-2024,Nandini Kulfi (50ml),Frozen,Mangaluru,Coastal Cool Logistics Mangaluru,325,25,8125
07-03-2024,Nandini Homogenised Cow Milk (1L),Milk,Bengaluru,Apex Dairy Supplies Bengaluru,433,46,19918
07-03-2024,Nandini Mysore Pak (250g),Sweets,Hubballi,Kittur Distributors Hubballi,140,160,22400
07-03-2024,Nandini Toned Milk (1L),Milk,Hubballi,Kittur Distributors Hubballi,468,42,19656
07-03-2024,Nandini Homogenised Cow Milk (1L),Milk,Mangaluru,Coastal Cool Logistics Mangaluru,336,46,15456
07-03-2024,Nandini Unsalted Butter (500g),Ghee & Butter,Bengaluru,Apex Dairy Supplies Bengaluru,59,280,16520
08-03-2024,Nandini Salted Butter (500g),Ghee & Butter,Bengaluru,Apex Dairy Supplies Bengaluru,115,275,31625
08-03-2024,Nandini Homogenised Cow Milk (1L),Milk,Mangaluru,Coastal Cool Logistics Mangaluru,679,46,31234
08-03-2024,Nandini Spiced Buttermilk (200ml),Beverages,Hubballi,Kittur Distributors Hubballi,743,12,8916
08-03-2024,Nandini Set Curd (400g),Fresh Dairy,Bengaluru,Apex Dairy Supplies Bengaluru,145,40,5800
08-03-2024,Nandini Salted Butter (500g),Ghee & Butter,Mysuru,Chamundi Agencies Mysuru,96,275,26400
08-03-2024,Nandini Milk Peda (250g),Sweets,Bengaluru,Apex Dairy Supplies Bengaluru,144,140,20160
08-03-2024,Nandini Kulfi (50ml),Frozen,Bengaluru,Apex Dairy Supplies Bengaluru,165,25,4125
08-03-2024,Nandini Special Milk (1L),Milk,Bengaluru,Apex Dairy Supplies Bengaluru,438,48,21024
08-03-2024,Nandini Pure Ghee (1L),Ghee & Butter,Bengaluru,Apex Dairy Supplies Bengaluru,105,610,64050
08-03-2024,Nandini Toned Milk (1L),Milk,Bengaluru,Apex Dairy Supplies Bengaluru,746,42,31332
09-03-2024,Nandini Milk Peda (250g),Sweets,Kalaburagi,Kalyana Karnataka Foods Kalaburagi,161,140,22540
09-03-2024,Nandini Gulab Jamun (1kg),Sweets,Bengaluru,Apex Dairy Supplies Bengaluru,59,260,15340
09-03-2024,Nandini Pure Ghee (1L),Ghee & Butter,Davanagere,Central Karnataka Traders Davanagere,73,610,44530
09-03-2024,Nandini Unsalted Butter (500g),Ghee & Butter,Bengaluru,Apex Dairy Supplies Bengaluru,67,280,18760
09-03-2024,Nandini Cassata Ice Cream (150ml),Frozen,Bengaluru,Apex Dairy Supplies Bengaluru,354,55,19470
09-03-2024,Nandini Cassata Ice Cream (150ml),Frozen,Mysuru,Chamundi Agencies Mysuru,248,55,13640
09-03-2024,Nandini Fresh Paneer (200g),Fresh Dairy,Hubballi,Kittur Distributors Hubballi,349,95,33155
09-03-2024,Nandini Cassata Ice Cream (150ml),Frozen,Mysuru,Chamundi Agencies Mysuru,191,55,10505
09-03-2024,Nandini Kulfi (50ml),Frozen,Tumakuru,Siddaganga Milk Express Tumakuru,366,25,9150
09-03-2024,Nandini Flavoured Milk Badam (200ml),Beverages,Mysuru,Chamundi Agencies Mysuru,222,35,7770
09-03-2024,Nandini Toned Milk (1L),Milk,Davanagere,Central Karnataka Traders Davanagere,647,42,27174
10-03-2024,Nandini Spiced Buttermilk (200ml),Beverages,Davanagere,Central Karnataka Traders Davanagere,1095,12,13140
10-03-2024,Nandini Salted Butter (500g),Ghee & Butter,Belagavi,North Karnataka Milk Center Belagavi,81,275,22275
10-03-2024,Nandini Pure Ghee (500ml),Ghee & Butter,Bengaluru,Apex Dairy Supplies Bengaluru,108,315,34020
10-03-2024,Nandini Kulfi (50ml),Frozen,Belagavi,North Karnataka Milk Center Belagavi,153,25,3825
10-03-2024,Nandini Mysore Pak (250g),Sweets,Bengaluru,Apex Dairy Supplies Bengaluru,169,160,27040
10-03-2024,Nandini Unsalted Butter (500g),Ghee & Butter,Bengaluru,Apex Dairy Supplies Bengaluru,98,280,27440
10-03-2024,Nandini Fresh Paneer (200g),Fresh Dairy,Mysuru,Chamundi Agencies Mysuru,183,95,17385
10-03-2024,Nandini Mysore Pak (250g),Sweets,Bengaluru,Apex Dairy Supplies Bengaluru,58,160,9280
11-03-2024,Nandini Pure Ghee (500ml),Ghee & Butter,Bengaluru,Apex Dairy Supplies Bengaluru,147,315,46305
11-03-2024,Nandini Mysore Pak (250g),Sweets,Bengaluru,Apex Dairy Supplies Bengaluru,140,160,22400
11-03-2024,Nandini Gulab Jamun (1kg),Sweets,Mysuru,Chamundi Agencies Mysuru,41,260,10660
11-03-2024,Nandini Curd (500g),Fresh Dairy,Mangaluru,Coastal Cool Logistics Mangaluru,555,26,14430
11-03-2024,Nandini Kulfi (50ml),Frozen,Bengaluru,Apex Dairy Supplies Bengaluru,294,25,7350
11-03-2024,Nandini Pure Ghee (500ml),Ghee & Butter,Bengaluru,Apex Dairy Supplies Bengaluru,132,315,41580
11-03-2024,Nandini Salted Butter (500g),Ghee & Butter,Mangaluru,Coastal Cool Logistics Mangaluru,83,275,22825
11-03-2024,Nandini Fresh Paneer (200g),Fresh Dairy,Bengaluru,Apex Dairy Supplies Bengaluru,95,95,9025
11-03-2024,Nandini Pure Ghee (1L),Ghee & Butter,Mysuru,Chamundi Agencies Mysuru,91,610,55510
11-03-2024,Nandini Unsalted Butter (500g),Ghee & Butter,Mysuru,Chamundi Agencies Mysuru,86,280,24080
11-03-2024,Nandini Mysore Pak (250g),Sweets,Mysuru,Chamundi Agencies Mysuru,75,160,12000
11-03-2024,Nandini Samrudhi Milk (1L),Milk,Bengaluru,Apex Dairy Supplies Bengaluru,278,54,15012
11-03-2024,Nandini Shubham Milk (1L),Milk,Bengaluru,Apex Dairy Supplies Bengaluru,428,50,21400
11-03-2024,Nandini Milk Peda (250g),Sweets,Hubballi,Kittur Distributors Hubballi,55,140,7700
12-03-2024,Nandini Mysore Pak (250g),Sweets,Belagavi,North Karnataka Milk Center Belagavi,79,160,12640
12-03-2024,Nandini Set Curd (400g),Fresh Dairy,Mysuru,Chamundi Agencies Mysuru,94,40,3760
12-03-2024,Nandini Mysore Pak (250g),Sweets,Belagavi,North Karnataka Milk Center Belagavi,48,160,7680
12-03-2024,Nandini Special Milk (1L),Milk,Kalaburagi,Kalyana Karnataka Foods Kalaburagi,501,48,24048
12-03-2024,Nandini Mysore Pak (250g),Sweets,Belagavi,North Karnataka Milk Center Belagavi,71,160,11360
12-03-2024,Nandini Set Curd (400g),Fresh Dairy,Mysuru,Chamundi Agencies Mysuru,141,40,5640
12-03-2024,Nandini Toned Milk (1L),Milk,Bengaluru,Apex Dairy Supplies Bengaluru,812,42,34104
12-03-2024,Nandini Shubham Milk (1L),Milk,Mangaluru,Coastal Cool Logistics Mangaluru,290,50,14500
12-03-2024,Nandini Cassata Ice Cream (150ml),Frozen,Kalaburagi,Kalyana Karnataka Foods Kalaburagi,79,55,4345
12-03-2024,Nandini Cassata Ice Cream (150ml),Frozen,Kalaburagi,Kalyana Karnataka Foods Kalaburagi,157,55,8635
12-03-2024,Nandini Kulfi (50ml),Frozen,Bengaluru,Apex Dairy Supplies Bengaluru,575,25,14375
12-03-2024,Nandini Milk Peda (250g),Sweets,Mangaluru,Coastal Cool Logistics Mangaluru,119,140,16660
12-03-2024,Nandini Shubham Milk (1L),Milk,Bengaluru,Apex Dairy Supplies Bengaluru,348,50,17400
12-03-2024,Nandini Sweet Lassi (200ml),Beverages,Bengaluru,Apex Dairy Supplies Bengaluru,714,20,14280
12-03-2024,Nandini Gulab Jamun (1kg),Sweets,Belagavi,North Karnataka Milk Center Belagavi,38,260,9880
12-03-2024,Nandini Flavoured Milk Badam (200ml),Beverages,Mysuru,Chamundi Agencies Mysuru,296,35,10360
13-03-2024,Nandini Set Curd (400g),Fresh Dairy,Belagavi,North Karnataka Milk Center Belagavi,224,40,8960
13-03-2024,Nandini Sweet Lassi (200ml),Beverages,Shivamogga,Malnad Dairy Network Shivamogga,481,20,9620
13-03-2024,Nandini Flavoured Milk Badam (200ml),Beverages,Bengaluru,Apex Dairy Supplies Bengaluru,382,35,13370
13-03-2024,Nandini Fresh Paneer (200g),Fresh Dairy,Hubballi,Kittur Distributors Hubballi,233,95,22135
13-03-2024,Nandini Toned Milk (1L),Milk,Mangaluru,Coastal Cool Logistics Mangaluru,705,42,29610
13-03-2024,Nandini Sweet Lassi (200ml),Beverages,Ballari,Tungabhadra Dairy Logistics Ballari,707,20,14140
13-03-2024,Nandini Toned Milk (1L),Milk,Mysuru,Chamundi Agencies Mysuru,894,42,37548
13-03-2024,Nandini Flavoured Milk Badam (200ml),Beverages,Bengaluru,Apex Dairy Supplies Bengaluru,195,35,6825
13-03-2024,Nandini Salted Butter (500g),Ghee & Butter,Belagavi,North Karnataka Milk Center Belagavi,33,275,9075
13-03-2024,Nandini Set Curd (400g),Fresh Dairy,Kalaburagi,Kalyana Karnataka Foods Kalaburagi,151,40,6040
13-03-2024,Nandini Curd (500g),Fresh Dairy,Kalaburagi,Kalyana Karnataka Foods Kalaburagi,797,26,20722
14-03-2024,Nandini Milk Peda (250g),Sweets,Tumakuru,Siddaganga Milk Express Tumakuru,71,140,9940
14-03-2024,Nandini Pure Ghee (500ml),Ghee & Butter,Belagavi,North Karnataka Milk Center Belagavi,46,315,14490
14-03-2024,Nandini Curd (500g),Fresh Dairy,Bengaluru,Apex Dairy Supplies Bengaluru,1402,26,36452
14-03-2024,Nandini Curd (500g),Fresh Dairy,Kalaburagi,Kalyana Karnataka Foods Kalaburagi,799,26,20774
14-03-2024,Nandini Mysore Pak (250g),Sweets,Bengaluru,Apex Dairy Supplies Bengaluru,132,160,21120
14-03-2024,Nandini Samrudhi Milk (1L),Milk,Davanagere,Central Karnataka Traders Davanagere,146,54,7884
14-03-2024,Nandini Set Curd (400g),Fresh Dairy,Bengaluru,Apex Dairy Supplies Bengaluru,327,40,13080
14-03-2024,Nandini Cassata Ice Cream (150ml),Frozen,Shivamogga,Malnad Dairy Network Shivamogga,54,55,2970
14-03-2024,Nandini Kulfi (50ml),Frozen,Hubballi,Kittur Distributors Hubballi,141,25,3525
14-03-2024,Nandini Cassata Ice Cream (150ml),Frozen,Bengaluru,Apex Dairy Supplies Bengaluru,278,55,15290
14-03-2024,Nandini Toned Milk (1L),Milk,Bengaluru,Apex Dairy Supplies Bengaluru,819,42,34398
15-03-2024,Nandini Mysore Pak (250g),Sweets,Belagavi,North Karnataka Milk Center Belagavi,71,160,11360
15-03-2024,Nandini Samrudhi Milk (1L),Milk,Kalaburagi,Kalyana Karnataka Foods Kalaburagi,274,54,14796
15-03-2024,Nandini Homogenised Cow Milk (1L),Milk,Bengaluru,Apex Dairy Supplies Bengaluru,709,46,32614
15-03-2024,Nandini Kulfi (50ml),Frozen,Davanagere,Central Karnataka Traders Davanagere,334,25,8350
15-03-2024,Nandini Cassata Ice Cream (150ml),Frozen,Bengaluru,Apex Dairy Supplies Bengaluru,206,55,11330
15-03-2024,Nandini Pure Ghee (1L),Ghee & Butter,Bengaluru,Apex Dairy Supplies Bengaluru,82,610,50020
15-03-2024,Nandini Fresh Paneer (200g),Fresh Dairy,Bengaluru,Apex Dairy Supplies Bengaluru,298,95,28310
15-03-2024,Nandini Flavoured Milk Badam (200ml),Beverages,Bengaluru,Apex Dairy Supplies Bengaluru,162,35,5670
15-03-2024,Nandini Shubham Milk (1L),Milk,Belagavi,North Karnataka Milk Center Belagavi,134,50,6700
15-03-2024,Nandini Kulfi (50ml),Frozen,Kalaburagi,Kalyana Karnataka Foods Kalaburagi,137,25,3425
16-03-2024,Nandini Toned Milk (1L),Milk,Mangaluru,Coastal Cool Logistics Mangaluru,461,42,19362
16-03-2024,Nandini Cassata Ice Cream (150ml),Frozen,Belagavi,North Karnataka Milk Center Belagavi,87,55,4785
16-03-2024,Nandini Unsalted Butter (500g),Ghee & Butter,Bengaluru,Apex Dairy Supplies Bengaluru,45,280,12600
16-03-2024,Nandini Unsalted Butter (500g),Ghee & Butter,Kalaburagi,Kalyana Karnataka Foods Kalaburagi,71,280,19880
16-03-2024,Nandini Unsalted Butter (500g),Ghee & Butter,Mangaluru,Coastal Cool Logistics Mangaluru,40,280,11200
16-03-2024,Nandini Spiced Buttermilk (200ml),Beverages,Ballari,Tungabhadra Dairy Logistics Ballari,664,12,7968
16-03-2024,Nandini Special Milk (1L),Milk,Shivamogga,Malnad Dairy Network Shivamogga,464,48,22272
16-03-2024,Nandini Mysore Pak (250g),Sweets,Mysuru,Chamundi Agencies Mysuru,55,160,8800
16-03-2024,Nandini Special Milk (1L),Milk,Bengaluru,Apex Dairy Supplies Bengaluru,398,48,19104
16-03-2024,Nandini Salted Butter (500g),Ghee & Butter,Belagavi,North Karnataka Milk Center Belagavi,93,275,25575
16-03-2024,Nandini Samrudhi Milk (1L),Milk,Mysuru,Chamundi Agencies Mysuru,241,54,13014
16-03-2024,Nandini Shubham Milk (1L),Milk,Hubballi,Kittur Distributors Hubballi,397,50,19850
17-03-2024,Nandini Sweet Lassi (200ml),Beverages,Kalaburagi,Kalyana Karnataka Foods Kalaburagi,321,20,6420
17-03-2024,Nandini Kulfi (50ml),Frozen,Bengaluru,Apex Dairy Supplies Bengaluru,543,25,13575
17-03-2024,Nandini Curd (500g),Fresh Dairy,Bengaluru,Apex Dairy Supplies Bengaluru,1230,26,31980
17-03-2024,Nandini Set Curd (400g),Fresh Dairy,Mysuru,Chamundi Agencies Mysuru,121,40,4840
17-03-2024,Nandini Toned Milk (1L),Milk,Bengaluru,Apex Dairy Supplies Bengaluru,993,42,41706
17-03-2024,Nandini Shubham Milk (1L),Milk,Bengaluru,Apex Dairy Supplies Bengaluru,172,50,8600
17-03-2024,Nandini Pure Ghee (1L),Ghee & Butter,Bengaluru,Apex Dairy Supplies Bengaluru,54,610,32940
17-03-2024,Nandini Homogenised Cow Milk (1L),Milk,Bengaluru,Apex Dairy Supplies Bengaluru,795,46,36570
17-03-2024,Nandini Samrudhi Milk (1L),Milk,Belagavi,North Karnataka Milk Center Belagavi,164,54,8856
17-03-2024,Nandini Toned Milk (1L),Milk,Shivamogga,Malnad Dairy Network Shivamogga,463,42,19446
17-03-2024,Nandini Special Milk (1L),Milk,Mysuru,Chamundi Agencies Mysuru,262,48,12576
18-03-2024,Nandini Unsalted Butter (500g),Ghee & Butter,Ballari,Tungabhadra Dairy Logistics Ballari,32,280,8960
18-03-2024,Nandini Pure Ghee (500ml),Ghee & Butter,Bengaluru,Apex Dairy Supplies Bengaluru,168,315,52920
18-03-2024,Nandini Sweet Lassi (200ml),Beverages,Belagavi,North Karnataka Milk Center Belagavi,599,20,11980
18-03-2024,Nandini Milk Peda (250g),Sweets,Davanagere,Central Karnataka Traders Davanagere,116,140,16240
18-03-2024,Nandini Samrudhi Milk (1L),Milk,Davanagere,Central Karnataka Traders Davanagere,240,54,12960
18-03-2024,Nandini Kulfi (50ml),Frozen,Davanagere,Central Karnataka Traders Davanagere,352,25,8800
18-03-2024,Nandini Kulfi (50ml),Frozen,Bengaluru,Apex Dairy Supplies Bengaluru,350,25,8750
18-03-2024,Nandini Pure Ghee (500ml),Ghee & Butter,Bengaluru,Apex Dairy Supplies Bengaluru,161,315,50715
18-03-2024,Nandini Mysore Pak (250g),Sweets,Mysuru,Chamundi Agencies Mysuru,72,160,11520
18-03-2024,Nandini Kulfi (50ml),Frozen,Hubballi,Kittur Distributors Hubballi,170,25,4250
18-03-2024,Nandini Set Curd (400g),Fresh Dairy,Bengaluru,Apex Dairy Supplies Bengaluru,270,40,10800
19-03-2024,Nandini Special Milk (1L),Milk,Mangaluru,Coastal Cool Logistics Mangaluru,397,48,19056
19-03-2024,Nandini Pure Ghee (1L),Ghee & Butter,Mangaluru,Coastal Cool Logistics Mangaluru,56,610,34160
19-03-2024,Nandini Cassata Ice Cream (150ml),Frozen,Mysuru,Chamundi Agencies Mysuru,155,55,8525
19-03-2024,Nandini Toned Milk (1L),Milk,Bengaluru,Apex Dairy Supplies Bengaluru,980,42,41160
19-03-2024,Nandini Cassata Ice Cream (150ml),Frozen,Shivamogga,Malnad Dairy Network Shivamogga,78,55,4290
19-03-2024,Nandini Flavoured Milk Badam (200ml),Beverages,Hubballi,Kittur Distributors Hubballi,264,35,9240
19-03-2024,Nandini Mysore Pak (250g),Sweets,Bengaluru,Apex Dairy Supplies Bengaluru,123,160,19680
19-03-2024,Nandini Samrudhi Milk (1L),Milk,Bengaluru,Apex Dairy Supplies Bengaluru,172,54,9288
19-03-2024,Nandini Salted Butter (500g),Ghee & Butter,Kalaburagi,Kalyana Karnataka Foods Kalaburagi,97,275,26675
19-03-2024,Nandini Unsalted Butter (500g),Ghee & Butter,Bengaluru,Apex Dairy Supplies Bengaluru,96,280,26880
19-03-2024,Nandini Unsalted Butter (500g),Ghee & Butter,Belagavi,North Karnataka Milk Center Belagavi,68,280,19040
19-03-2024,Nandini Sweet Lassi (200ml),Beverages,Bengaluru,Apex Dairy Supplies Bengaluru,695,20,13900
19-03-2024,Nandini Salted Butter (500g),Ghee & Butter,Bengaluru,Apex Dairy Supplies Bengaluru,60,275,16500
19-03-2024,Nandini Flavoured Milk Badam (200ml),Beverages,Tumakuru,Siddaganga Milk Express Tumakuru,358,35,12530
19-03-2024,Nandini Curd (500g),Fresh Dairy,Mysuru,Chamundi Agencies Mysuru,531,26,13806
19-03-2024,Nandini Mysore Pak (250g),Sweets,Hubballi,Kittur Distributors Hubballi,49,160,7840
19-03-2024,Nandini Pure Ghee (1L),Ghee & Butter,Bengaluru,Apex Dairy Supplies Bengaluru,39,610,23790
20-03-2024,Nandini Flavoured Milk Badam (200ml),Beverages,Bengaluru,Apex Dairy Supplies Bengaluru,233,35,8155
20-03-2024,Nandini Set Curd (400g),Fresh Dairy,Shivamogga,Malnad Dairy Network Shivamogga,138,40,5520
20-03-2024,Nandini Pure Ghee (500ml),Ghee & Butter,Hubballi,Kittur Distributors Hubballi,152,315,47880
20-03-2024,Nandini Unsalted Butter (500g),Ghee & Butter,Bengaluru,Apex Dairy Supplies Bengaluru,104,280,29120
20-03-2024,Nandini Shubham Milk (1L),Milk,Belagavi,North Karnataka Milk Center Belagavi,160,50,8000
20-03-2024,Nandini Toned Milk (1L),Milk,Bengaluru,Apex Dairy Supplies Bengaluru,1080,42,45360
20-03-2024,Nandini Gulab Jamun (1kg),Sweets,Bengaluru,Apex Dairy Supplies Bengaluru,65,260,16900
20-03-2024,Nandini Toned Milk (1L),Milk,Shivamogga,Malnad Dairy Network Shivamogga,400,42,16800
20-03-2024,Nandini Toned Milk (1L),Milk,Bengaluru,Apex Dairy Supplies Bengaluru,738,42,30996
20-03-2024,Nandini Sweet Lassi (200ml),Beverages,Davanagere,Central Karnataka Traders Davanagere,499,20,9980
21-03-2024,Nandini Homogenised Cow Milk (1L),Milk,Belagavi,North Karnataka Milk Center Belagavi,594,46,27324
21-03-2024,Nandini Salted Butter (500g),Ghee & Butter,Belagavi,North Karnataka Milk Center Belagavi,108,275,29700
21-03-2024,Nandini Samrudhi Milk (1L),Milk,Hubballi,Kittur Distributors Hubballi,239,54,12906
21-03-2024,Nandini Spiced Buttermilk (200ml),Beverages,Bengaluru,Apex Dairy Supplies Bengaluru,1546,12,18552
21-03-2024,Nandini Mysore Pak (250g),Sweets,Bengaluru,Apex Dairy Supplies Bengaluru,57,160,9120
21-03-2024,Nandini Mysore Pak (250g),Sweets,Belagavi,North Karnataka Milk Center Belagavi,104,160,16640
21-03-2024,Nandini Shubham Milk (1L),Milk,Hubballi,Kittur Distributors Hubballi,386,50,19300
21-03-2024,Nandini Pure Ghee (1L),Ghee & Butter,Ballari,Tungabhadra Dairy Logistics Ballari,49,610,29890
21-03-2024,Nandini Pure Ghee (1L),Ghee & Butter,Shivamogga,Malnad Dairy Network Shivamogga,51,610,31110
21-03-2024,Nandini Samrudhi Milk (1L),Milk,Tumakuru,Siddaganga Milk Express Tumakuru,224,54,12096
21-03-2024,Nandini Gulab Jamun (1kg),Sweets,Bengaluru,Apex Dairy Supplies Bengaluru,43,260,11180
21-03-2024,Nandini Special Milk (1L),Milk,Bengaluru,Apex Dairy Supplies Bengaluru,614,48,29472
21-03-2024,Nandini Toned Milk (1L),Milk,Bengaluru,Apex Dairy Supplies Bengaluru,826,42,34692
21-03-2024,Nandini Curd (500g),Fresh Dairy,Shivamogga,Malnad Dairy Network Shivamogga,676,26,17576
22-03-2024,Nandini Flavoured Milk Badam (200ml),Beverages,Mangaluru,Coastal Cool Logistics Mangaluru,259,35,9065
22-03-2024,Nandini Mysore Pak (250g),Sweets,Belagavi,North Karnataka Milk Center Belagavi,85,160,13600
22-03-2024,Nandini Special Milk (1L),Milk,Mysuru,Chamundi Agencies Mysuru,295,48,14160
22-03-2024,Nandini Kulfi (50ml),Frozen,Bengaluru,Apex Dairy Supplies Bengaluru,417,25,10425
22-03-2024,Nandini Kulfi (50ml),Frozen,Bengaluru,Apex Dairy Supplies Bengaluru,473,25,11825
22-03-2024,Nandini Homogenised Cow Milk (1L),Milk,Hubballi,Kittur Distributors Hubballi,869,46,39974
22-03-2024,Nandini Special Milk (1L),Milk,Hubballi,Kittur Distributors Hubballi,391,48,18768
22-03-2024,Nandini Shubham Milk (1L),Milk,Mysuru,Chamundi Agencies Mysuru,199,50,9950
22-03-2024,Nandini Flavoured Milk Badam (200ml),Beverages,Mysuru,Chamundi Agencies Mysuru,300,35,10500
22-03-2024,Nandini Sweet Lassi (200ml),Beverages,Hubballi,Kittur Distributors Hubballi,629,20,12580
23-03-2024,Nandini Set Curd (400g),Fresh Dairy,Bengaluru,Apex Dairy Supplies Bengaluru,299,40,11960
23-03-2024,Nandini Mysore Pak (250g),Sweets,Bengaluru,Apex Dairy Supplies Bengaluru,93,160,14880
23-03-2024,Nandini Spiced Buttermilk (200ml),Beverages,Tumakuru,Siddaganga Milk Express Tumakuru,640,12,7680
23-03-2024,Nandini Cassata Ice Cream (150ml),Frozen,Bengaluru,Apex Dairy Supplies Bengaluru,402,55,22110
23-03-2024,Nandini Milk Peda (250g),Sweets,Bengaluru,Apex Dairy Supplies Bengaluru,70,140,9800
23-03-2024,Nandini Spiced Buttermilk (200ml),Beverages,Belagavi,North Karnataka Milk Center Belagavi,639,12,7668
23-03-2024,Nandini Sweet Lassi (200ml),Beverages,Hubballi,Kittur Distributors Hubballi,289,20,5780
23-03-2024,Nandini Salted Butter (500g),Ghee & Butter,Bengaluru,Apex Dairy Supplies Bengaluru,36,275,9900
23-03-2024,Nandini Flavoured Milk Badam (200ml),Beverages,Shivamogga,Malnad Dairy Network Shivamogga,281,35,9835
24-03-2024,Nandini Cassata Ice Cream (150ml),Frozen,Mysuru,Chamundi Agencies Mysuru,296,55,16280
24-03-2024,Nandini Spiced Buttermilk (200ml),Beverages,Belagavi,North Karnataka Milk Center Belagavi,800,12,9600
24-03-2024,Nandini Samrudhi Milk (1L),Milk,Mysuru,Chamundi Agencies Mysuru,186,54,10044
24-03-2024,Nandini Milk Peda (250g),Sweets,Mysuru,Chamundi Agencies Mysuru,72,140,10080
25-03-2024,Nandini Cassata Ice Cream (150ml),Frozen,Bengaluru,Apex Dairy Supplies Bengaluru,192,55,10560
25-03-2024,Nandini Samrudhi Milk (1L),Milk,Kalaburagi,Kalyana Karnataka Foods Kalaburagi,296,54,15984
25-03-2024,Nandini Milk Peda (250g),Sweets,Bengaluru,Apex Dairy Supplies Bengaluru,120,140,16800
25-03-2024,Nandini Salted Butter (500g),Ghee & Butter,Mysuru,Chamundi Agencies Mysuru,34,275,9350
25-03-2024,Nandini Samrudhi Milk (1L),Milk,Belagavi,North Karnataka Milk Center Belagavi,204,54,11016
25-03-2024,Nandini Pure Ghee (500ml),Ghee & Butter,Mysuru,Chamundi Agencies Mysuru,153,315,48195
25-03-2024,Nandini Milk Peda (250g),Sweets,Mysuru,Chamundi Agencies Mysuru,101,140,14140
25-03-2024,Nandini Mysore Pak (250g),Sweets,Kalaburagi,Kalyana Karnataka Foods Kalaburagi,108,160,17280
25-03-2024,Nandini Kulfi (50ml),Frozen,Mangaluru,Coastal Cool Logistics Mangaluru,403,25,10075
25-03-2024,Nandini Spiced Buttermilk (200ml),Beverages,Bengaluru,Apex Dairy Supplies Bengaluru,1532,12,18384
26-03-2024,Nandini Toned Milk (1L),Milk,Mangaluru,Coastal Cool Logistics Mangaluru,442,42,18564
26-03-2024,Nandini Pure Ghee (1L),Ghee & Butter,Mangaluru,Coastal Cool Logistics Mangaluru,78,610,47580
26-03-2024,Nandini Samrudhi Milk (1L),Milk,Mysuru,Chamundi Agencies Mysuru,147,54,7938
26-03-2024,Nandini Fresh Paneer (200g),Fresh Dairy,Ballari,Tungabhadra Dairy Logistics Ballari,125,95,11875
26-03-2024,Nandini Homogenised Cow Milk (1L),Milk,Bengaluru,Apex Dairy Supplies Bengaluru,496,46,22816
26-03-2024,Nandini Shubham Milk (1L),Milk,Mysuru,Chamundi Agencies Mysuru,170,50,8500
26-03-2024,Nandini Cassata Ice Cream (150ml),Frozen,Mysuru,Chamundi Agencies Mysuru,278,55,15290
26-03-2024,Nandini Mysore Pak (250g),Sweets,Mysuru,Chamundi Agencies Mysuru,76,160,12160
26-03-2024,Nandini Milk Peda (250g),Sweets,Bengaluru,Apex Dairy Supplies Bengaluru,59,140,8260
26-03-2024,Nandini Shubham Milk (1L),Milk,Belagavi,North Karnataka Milk Center Belagavi,179,50,8950
26-03-2024,Nandini Cassata Ice Cream (150ml),Frozen,Shivamogga,Malnad Dairy Network Shivamogga,198,55,10890
27-03-2024,Nandini Shubham Milk (1L),Milk,Bengaluru,Apex Dairy Supplies Bengaluru,279,50,13950
27-03-2024,Nandini Pure Ghee (1L),Ghee & Butter,Belagavi,North Karnataka Milk Center Belagavi,40,610,24400
27-03-2024,Nandini Kulfi (50ml),Frozen,Belagavi,North Karnataka Milk Center Belagavi,475,25,11875
27-03-2024,Nandini Homogenised Cow Milk (1L),Milk,Bengaluru,Apex Dairy Supplies Bengaluru,641,46,29486
27-03-2024,Nandini Set Curd (400g),Fresh Dairy,Bengaluru,Apex Dairy Supplies Bengaluru,223,40,8920
27-03-2024,Nandini Flavoured Milk Badam (200ml),Beverages,Mysuru,Chamundi Agencies Mysuru,381,35,13335
27-03-2024,Nandini Spiced Buttermilk (200ml),Beverages,Belagavi,North Karnataka Milk Center Belagavi,1326,12,15912
27-03-2024,Nandini Curd (500g),Fresh Dairy,Shivamogga,Malnad Dairy Network Shivamogga,377,26,9802
27-03-2024,Nandini Kulfi (50ml),Frozen,Shivamogga,Malnad Dairy Network Shivamogga,384,25,9600
27-03-2024,Nandini Flavoured Milk Badam (200ml),Beverages,Bengaluru,Apex Dairy Supplies Bengaluru,248,35,8680
28-03-2024,Nandini Cassata Ice Cream (150ml),Frozen,Hubballi,Kittur Distributors Hubballi,223,55,12265
28-03-2024,Nandini Salted Butter (500g),Ghee & Butter,Bengaluru,Apex Dairy Supplies Bengaluru,123,275,33825
28-03-2024,Nandini Pure Ghee (1L),Ghee & Butter,Bengaluru,Apex Dairy Supplies Bengaluru,82,610,50020
28-03-2024,Nandini Gulab Jamun (1kg),Sweets,Hubballi,Kittur Distributors Hubballi,89,260,23140
28-03-2024,Nandini Toned Milk (1L),Milk,Mysuru,Chamundi Agencies Mysuru,624,42,26208
28-03-2024,Nandini Special Milk (1L),Milk,Bengaluru,Apex Dairy Supplies Bengaluru,380,48,18240
28-03-2024,Nandini Toned Milk (1L),Milk,Mangaluru,Coastal Cool Logistics Mangaluru,737,42,30954
28-03-2024,Nandini Samrudhi Milk (1L),Milk,Ballari,Tungabhadra Dairy Logistics Ballari,279,54,15066
29-03-2024,Nandini Unsalted Butter (500g),Ghee & Butter,Davanagere,Central Karnataka Traders Davanagere,28,280,7840
29-03-2024,Nandini Gulab Jamun (1kg),Sweets,Mysuru,Chamundi Agencies Mysuru,41,260,10660
29-03-2024,Nandini Kulfi (50ml),Frozen,Bengaluru,Apex Dairy Supplies Bengaluru,316,25,7900
29-03-2024,Nandini Shubham Milk (1L),Milk,Belagavi,North Karnataka Milk Center Belagavi,286,50,14300
29-03-2024,Nandini Sweet Lassi (200ml),Beverages,Mangaluru,Coastal Cool Logistics Mangaluru,296,20,5920
29-03-2024,Nandini Flavoured Milk Badam (200ml),Beverages,Mangaluru,Coastal Cool Logistics Mangaluru,251,35,8785
29-03-2024,Nandini Toned Milk (1L),Milk,Mysuru,Chamundi Agencies Mysuru,819,42,34398
29-03-2024,Nandini Flavoured Milk Badam (200ml),Beverages,Mysuru,Chamundi Agencies Mysuru,369,35,12915
29-03-2024,Nandini Gulab Jamun (1kg),Sweets,Mysuru,Chamundi Agencies Mysuru,82,260,21320
29-03-2024,Nandini Spiced Buttermilk (200ml),Beverages,Mysuru,Chamundi Agencies Mysuru,886,12,10632
29-03-2024,Nandini Milk Peda (250g),Sweets,Bengaluru,Apex Dairy Supplies Bengaluru,72,140,10080
30-03-2024,Nandini Sweet Lassi (200ml),Beverages,Hubballi,Kittur Distributors Hubballi,583,20,11660
30-03-2024,Nandini Pure Ghee (500ml),Ghee & Butter,Bengaluru,Apex Dairy Supplies Bengaluru,169,315,53235
30-03-2024,Nandini Pure Ghee (500ml),Ghee & Butter,Bengaluru,Apex Dairy Supplies Bengaluru,139,315,43785
30-03-2024,Nandini Set Curd (400g),Fresh Dairy,Bengaluru,Apex Dairy Supplies Bengaluru,363,40,14520
30-03-2024,Nandini Homogenised Cow Milk (1L),Milk,Hubballi,Kittur Distributors Hubballi,750,46,34500
30-03-2024,Nandini Kulfi (50ml),Frozen,Hubballi,Kittur Distributors Hubballi,152,25,3800
30-03-2024,Nandini Flavoured Milk Badam (200ml),Beverages,Mangaluru,Coastal Cool Logistics Mangaluru,345,35,12075
30-03-2024,Nandini Samrudhi Milk (1L),Milk,Bengaluru,Apex Dairy Supplies Bengaluru,307,54,16578
30-03-2024,Nandini Unsalted Butter (500g),Ghee & Butter,Bengaluru,Apex Dairy Supplies Bengaluru,86,280,24080
30-03-2024,Nandini Pure Ghee (500ml),Ghee & Butter,Mysuru,Chamundi Agencies Mysuru,37,315,11655
31-03-2024,Nandini Toned Milk (1L),Milk,Davanagere,Central Karnataka Traders Davanagere,480,42,20160
31-03-2024,Nandini Flavoured Milk Badam (200ml),Beverages,Shivamogga,Malnad Dairy Network Shivamogga,144,35,5040
31-03-2024,Nandini Kulfi (50ml),Frozen,Belagavi,North Karnataka Milk Center Belagavi,283,25,7075
31-03-2024,Nandini Mysore Pak (250g),Sweets,Ballari,Tungabhadra Dairy Logistics Ballari,170,160,27200
31-03-2024,Nandini Curd (500g),Fresh Dairy,Mangaluru,Coastal Cool Logistics Mangaluru,1008,26,26208
31-03-2024,Nandini Cassata Ice Cream (150ml),Frozen,Mysuru,Chamundi Agencies Mysuru,279,55,15345
31-03-2024,Nandini Unsalted Butter (500g),Ghee & Butter,Hubballi,Kittur Distributors Hubballi,93,280,26040
31-03-2024,Nandini Homogenised Cow Milk (1L),Milk,Bengaluru,Apex Dairy Supplies Bengaluru,391,46,17986
31-03-2024,Nandini Shubham Milk (1L),Milk,Kalaburagi,Kalyana Karnataka Foods Kalaburagi,182,50,9100
31-03-2024,Nandini Samrudhi Milk (1L),Milk,Bengaluru,Apex Dairy Supplies Bengaluru,198,54,10692
31-03-2024,Nandini Pure Ghee (1L),Ghee & Butter,Mysuru,Chamundi Agencies Mysuru,49,610,29890
31-03-2024,Nandini Spiced Buttermilk (200ml),Beverages,Tumakuru,Siddaganga Milk Express Tumakuru,1195,12,14340
01-04-2024,Nandini Shubham Milk (1L),Milk,Mysuru,Chamundi Agencies Mysuru,286,50,14300
01-04-2024,Nandini Homogenised Cow Milk (1L),Milk,Shivamogga,Malnad Dairy Network Shivamogga,547,46,25162
01-04-2024,Nandini Flavoured Milk Badam (200ml),Beverages,Mysuru,Chamundi Agencies Mysuru,499,35,17465
01-04-2024,Nandini Gulab Jamun (1kg),Sweets,Bengaluru,Apex Dairy Supplies Bengaluru,65,260,16900
01-04-2024,Nandini Fresh Paneer (200g),Fresh Dairy,Mysuru,Chamundi Agencies Mysuru,228,95,21660
01-04-2024,Nandini Kulfi (50ml),Frozen,Mangaluru,Coastal Cool Logistics Mangaluru,409,25,10225
01-04-2024,Nandini Samrudhi Milk (1L),Milk,Mysuru,Chamundi Agencies Mysuru,211,54,11394
01-04-2024,Nandini Set Curd (400g),Fresh Dairy,Mysuru,Chamundi Agencies Mysuru,108,40,4320
01-04-2024,Nandini Pure Ghee (500ml),Ghee & Butter,Bengaluru,Apex Dairy Supplies Bengaluru,63,315,19845
01-04-2024,Nandini Spiced Buttermilk (200ml),Beverages,Mysuru,Chamundi Agencies Mysuru,674,12,8088
01-04-2024,Nandini Flavoured Milk Badam (200ml),Beverages,Mysuru,Chamundi Agencies Mysuru,451,35,15785
01-04-2024,Nandini Toned Milk (1L),Milk,Mysuru,Chamundi Agencies Mysuru,874,42,36708
01-04-2024,Nandini Homogenised Cow Milk (1L),Milk,Ballari,Tungabhadra Dairy Logistics Ballari,884,46,40664
01-04-2024,Nandini Shubham Milk (1L),Milk,Bengaluru,Apex Dairy Supplies Bengaluru,247,50,12350
02-04-2024,Nandini Sweet Lassi (200ml),Beverages,Bengaluru,Apex Dairy Supplies Bengaluru,609,20,12180
02-04-2024,Nandini Pure Ghee (500ml),Ghee & Butter,Mysuru,Chamundi Agencies Mysuru,136,315,42840
02-04-2024,Nandini Gulab Jamun (1kg),Sweets,Belagavi,North Karnataka Milk Center Belagavi,24,260,6240
02-04-2024,Nandini Set Curd (400g),Fresh Dairy,Davanagere,Central Karnataka Traders Davanagere,181,40,7240
02-04-2024,Nandini Salted Butter (500g),Ghee & Butter,Mysuru,Chamundi Agencies Mysuru,108,275,29700
02-04-2024,Nandini Homogenised Cow Milk (1L),Milk,Kalaburagi,Kalyana Karnataka Foods Kalaburagi,494,46,22724
02-04-2024,Nandini Cassata Ice Cream (150ml),Frozen,Mangaluru,Coastal Cool Logistics Mangaluru,73,55,4015
02-04-2024,Nandini Pure Ghee (500ml),Ghee & Butter,Kalaburagi,Kalyana Karnataka Foods Kalaburagi,108,315,34020
02-04-2024,Nandini Samrudhi Milk (1L),Milk,Mysuru,Chamundi Agencies Mysuru,101,54,5454
02-04-2024,Nandini Curd (500g),Fresh Dairy,Mysuru,Chamundi Agencies Mysuru,532,26,13832
02-04-2024,Nandini Samrudhi Milk (1L),Milk,Mangaluru,Coastal Cool Logistics Mangaluru,290,54,15660
02-04-2024,Nandini Flavoured Milk Badam (200ml),Beverages,Bengaluru,Apex Dairy Supplies Bengaluru,363,35,12705
02-04-2024,Nandini Spiced Buttermilk (200ml),Beverages,Bengaluru,Apex Dairy Supplies Bengaluru,941,12,11292
02-04-2024,Nandini Spiced Buttermilk (200ml),Beverages,Mangaluru,Coastal Cool Logistics Mangaluru,468,12,5616
02-04-2024,Nandini Gulab Jamun (1kg),Sweets,Bengaluru,Apex Dairy Supplies Bengaluru,73,260,18980
03-04-2024,Nandini Flavoured Milk Badam (200ml),Beverages,Ballari,Tungabhadra Dairy Logistics Ballari,388,35,13580
03-04-2024,Nandini Fresh Paneer (200g),Fresh Dairy,Ballari,Tungabhadra Dairy Logistics Ballari,274,95,26030
03-04-2024,Nandini Samrudhi Milk (1L),Milk,Ballari,Tungabhadra Dairy Logistics Ballari,155,54,8370
03-04-2024,Nandini Homogenised Cow Milk (1L),Milk,Kalaburagi,Kalyana Karnataka Foods Kalaburagi,328,46,15088
03-04-2024,Nandini Samrudhi Milk (1L),Milk,Mysuru,Chamundi Agencies Mysuru,245,54,13230
03-04-2024,Nandini Set Curd (400g),Fresh Dairy,Mangaluru,Coastal Cool Logistics Mangaluru,175,40,7000
04-04-2024,Nandini Spiced Buttermilk (200ml),Beverages,Ballari,Tungabhadra Dairy Logistics Ballari,1125,12,13500
04-04-2024,Nandini Pure Ghee (500ml),Ghee & Butter,Bengaluru,Apex Dairy Supplies Bengaluru,112,315,35280
04-04-2024,Nandini Fresh Paneer (200g),Fresh Dairy,Mysuru,Chamundi Agencies Mysuru,206,95,19570
04-04-2024,Nandini Samrudhi Milk (1L),Milk,Davanagere,Central Karnataka Traders Davanagere,165,54,8910
04-04-2024,Nandini Pure Ghee (1L),Ghee & Butter,Bengaluru,Apex Dairy Supplies Bengaluru,33,610,20130
04-04-2024,Nandini Cassata Ice Cream (150ml),Frozen,Bengaluru,Apex Dairy Supplies Bengaluru,147,55,8085
04-04-2024,Nandini Gulab Jamun (1kg),Sweets,Kalaburagi,Kalyana Karnataka Foods Kalaburagi,68,260,17680
04-04-2024,Nandini Milk Peda (250g),Sweets,Mangaluru,Coastal Cool Logistics Mangaluru,106,140,14840
04-04-2024,Nandini Gulab Jamun (1kg),Sweets,Mangaluru,Coastal Cool Logistics Mangaluru,15,260,3900
05-04-2024,Nandini Special Milk (1L),Milk,Mangaluru,Coastal Cool Logistics Mangaluru,460,48,22080
05-04-2024,Nandini Pure Ghee (500ml),Ghee & Butter,Mysuru,Chamundi Agencies Mysuru,119,315,37485
05-04-2024,Nandini Pure Ghee (500ml),Ghee & Butter,Mangaluru,Coastal Cool Logistics Mangaluru,43,315,13545
05-04-2024,Nandini Spiced Buttermilk (200ml),Beverages,Mysuru,Chamundi Agencies Mysuru,1314,12,15768
05-04-2024,Nandini Cassata Ice Cream (150ml),Frozen,Bengaluru,Apex Dairy Supplies Bengaluru,280,55,15400
05-04-2024,Nandini Set Curd (400g),Fresh Dairy,Hubballi,Kittur Distributors Hubballi,183,40,7320
05-04-2024,Nandini Unsalted Butter (500g),Ghee & Butter,Bengaluru,Apex Dairy Supplies Bengaluru,22,280,6160
05-04-2024,Nandini Toned Milk (1L),Milk,Mysuru,Chamundi Agencies Mysuru,504,42,21168
05-04-2024,Nandini Unsalted Butter (500g),Ghee & Butter,Bengaluru,Apex Dairy Supplies Bengaluru,44,280,12320
06-04-2024,Nandini Mysore Pak (250g),Sweets,Bengaluru,Apex Dairy Supplies Bengaluru,158,160,25280
06-04-2024,Nandini Curd (500g),Fresh Dairy,Bengaluru,Apex Dairy Supplies Bengaluru,493,26,12818
06-04-2024,Nandini Pure Ghee (1L),Ghee & Butter,Hubballi,Kittur Distributors Hubballi,85,610,51850
06-04-2024,Nandini Unsalted Butter (500g),Ghee & Butter,Davanagere,Central Karnataka Traders Davanagere,25,280,7000
06-04-2024,Nandini Set Curd (400g),Fresh Dairy,Bengaluru,Apex Dairy Supplies Bengaluru,193,40,7720
06-04-2024,Nandini Unsalted Butter (500g),Ghee & Butter,Mangaluru,Coastal Cool Logistics Mangaluru,62,280,17360
06-04-2024,Nandini Curd (500g),Fresh Dairy,Davanagere,Central Karnataka Traders Davanagere,696,26,18096
06-04-2024,Nandini Homogenised Cow Milk (1L),Milk,Hubballi,Kittur Distributors Hubballi,456,46,20976
06-04-2024,Nandini Cassata Ice Cream (150ml),Frozen,Mangaluru,Coastal Cool Logistics Mangaluru,133,55,7315
06-04-2024,Nandini Fresh Paneer (200g),Fresh Dairy,Belagavi,North Karnataka Milk Center Belagavi,177,95,16815
07-04-2024,Nandini Salted Butter (500g),Ghee & Butter,Bengaluru,Apex Dairy Supplies Bengaluru,101,275,27775
07-04-2024,Nandini Milk Peda (250g),Sweets,Shivamogga,Malnad Dairy Network Shivamogga,154,140,21560
07-04-2024,Nandini Shubham Milk (1L),Milk,Ballari,Tungabhadra Dairy Logistics Ballari,414,50,20700
07-04-2024,Nandini Set Curd (400g),Fresh Dairy,Bengaluru,Apex Dairy Supplies Bengaluru,189,40,7560
07-04-2024,Nandini Toned Milk (1L),Milk,Bengaluru,Apex Dairy Supplies Bengaluru,673,42,28266
07-04-2024,Nandini Samrudhi Milk (1L),Milk,Mangaluru,Coastal Cool Logistics Mangaluru,220,54,11880
07-04-2024,Nandini Samrudhi Milk (1L),Milk,Bengaluru,Apex Dairy Supplies Bengaluru,274,54,14796
07-04-2024,Nandini Milk Peda (250g),Sweets,Bengaluru,Apex Dairy Supplies Bengaluru,198,140,27720
07-04-2024,Nandini Kulfi (50ml),Frozen,Kalaburagi,Kalyana Karnataka Foods Kalaburagi,298,25,7450
07-04-2024,Nandini Homogenised Cow Milk (1L),Milk,Kalaburagi,Kalyana Karnataka Foods Kalaburagi,756,46,34776
07-04-2024,Nandini Special Milk (1L),Milk,Belagavi,North Karnataka Milk Center Belagavi,244,48,11712
08-04-2024,Nandini Unsalted Butter (500g),Ghee & Butter,Bengaluru,Apex Dairy Supplies Bengaluru,44,280,12320
08-04-2024,Nandini Pure Ghee (500ml),Ghee & Butter,Mysuru,Chamundi Agencies Mysuru,146,315,45990
08-04-2024,Nandini Spiced Buttermilk (200ml),Beverages,Ballari,Tungabhadra Dairy Logistics Ballari,1460,12,17520
08-04-2024,Nandini Unsalted Butter (500g),Ghee & Butter,Mysuru,Chamundi Agencies Mysuru,50,280,14000
08-04-2024,Nandini Pure Ghee (1L),Ghee & Butter,Kalaburagi,Kalyana Karnataka Foods Kalaburagi,88,610,53680
08-04-2024,Nandini Gulab Jamun (1kg),Sweets,Ballari,Tungabhadra Dairy Logistics Ballari,63,260,16380
08-04-2024,Nandini Cassata Ice Cream (150ml),Frozen,Bengaluru,Apex Dairy Supplies Bengaluru,235,55,12925
08-04-2024,Nandini Toned Milk (1L),Milk,Kalaburagi,Kalyana Karnataka Foods Kalaburagi,1188,42,49896
08-04-2024,Nandini Pure Ghee (1L),Ghee & Butter,Hubballi,Kittur Distributors Hubballi,71,610,43310
08-04-2024,Nandini Curd (500g),Fresh Dairy,Belagavi,North Karnataka Milk Center Belagavi,470,26,12220
09-04-2024,Nandini Gulab Jamun (1kg),Sweets,Kalaburagi,Kalyana Karnataka Foods Kalaburagi,59,260,15340
09-04-2024,Nandini Toned Milk (1L),Milk,Bengaluru,Apex Dairy Supplies Bengaluru,1097,42,46074
09-04-2024,Nandini Spiced Buttermilk (200ml),Beverages,Mangaluru,Coastal Cool Logistics Mangaluru,772,12,9264
09-04-2024,Nandini Curd (500g),Fresh Dairy,Belagavi,North Karnataka Milk Center Belagavi,999,26,25974
09-04-2024,Nandini Samrudhi Milk (1L),Milk,Shivamogga,Malnad Dairy Network Shivamogga,261,54,14094
09-04-2024,Nandini Shubham Milk (1L),Milk,Bengaluru,Apex Dairy Supplies Bengaluru,203,50,10150
09-04-2024,Nandini Pure Ghee (500ml),Ghee & Butter,Bengaluru,Apex Dairy Supplies Bengaluru,181,315,57015
09-04-2024,Nandini Set Curd (400g),Fresh Dairy,Hubballi,Kittur Distributors Hubballi,211,40,8440
09-04-2024,Nandini Toned Milk (1L),Milk,Bengaluru,Apex Dairy Supplies Bengaluru,946,42,39732
09-04-2024,Nandini Sweet Lassi (200ml),Beverages,Kalaburagi,Kalyana Karnataka Foods Kalaburagi,458,20,9160
10-04-2024,Nandini Gulab Jamun (1kg),Sweets,Mangaluru,Coastal Cool Logistics Mangaluru,31,260,8060
10-04-2024,Nandini Gulab Jamun (1kg),Sweets,Belagavi,North Karnataka Milk Center Belagavi,68,260,17680
10-04-2024,Nandini Special Milk (1L),Milk,Bengaluru,Apex Dairy Supplies Bengaluru,293,48,14064
10-04-2024,Nandini Milk Peda (250g),Sweets,Bengaluru,Apex Dairy Supplies Bengaluru,135,140,18900
11-04-2024,Nandini Set Curd (400g),Fresh Dairy,Bengaluru,Apex Dairy Supplies Bengaluru,156,40,6240
11-04-2024,Nandini Gulab Jamun (1kg),Sweets,Mysuru,Chamundi Agencies Mysuru,32,260,8320
11-04-2024,Nandini Mysore Pak (250g),Sweets,Tumakuru,Siddaganga Milk Express Tumakuru,41,160,6560
11-04-2024,Nandini Pure Ghee (1L),Ghee & Butter,Kalaburagi,Kalyana Karnataka Foods Kalaburagi,40,610,24400
11-04-2024,Nandini Spiced Buttermilk (200ml),Beverages,Hubballi,Kittur Distributors Hubballi,1317,12,15804
11-04-2024,Nandini Pure Ghee (1L),Ghee & Butter,Bengaluru,Apex Dairy Supplies Bengaluru,51,610,31110
11-04-2024,Nandini Curd (500g),Fresh Dairy,Bengaluru,Apex Dairy Supplies Bengaluru,498,26,12948
11-04-2024,Nandini Special Milk (1L),Milk,Davanagere,Central Karnataka Traders Davanagere,221,48,10608
11-04-2024,Nandini Shubham Milk (1L),Milk,Mysuru,Chamundi Agencies Mysuru,147,50,7350
12-04-2024,Nandini Flavoured Milk Badam (200ml),Beverages,Davanagere,Central Karnataka Traders Davanagere,262,35,9170
12-04-2024,Nandini Special Milk (1L),Milk,Bengaluru,Apex Dairy Supplies Bengaluru,674,48,32352
12-04-2024,Nandini Sweet Lassi (200ml),Beverages,Bengaluru,Apex Dairy Supplies Bengaluru,941,20,18820
12-04-2024,Nandini Kulfi (50ml),Frozen,Bengaluru,Apex Dairy Supplies Bengaluru,449,25,11225
12-04-2024,Nandini Special Milk (1L),Milk,Mysuru,Chamundi Agencies Mysuru,254,48,12192
12-04-2024,Nandini Set Curd (400g),Fresh Dairy,Bengaluru,Apex Dairy Supplies Bengaluru,244,40,9760
12-04-2024,Nandini Spiced Buttermilk (200ml),Beverages,Bengaluru,Apex Dairy Supplies Bengaluru,1722,12,20664
12-04-2024,Nandini Curd (500g),Fresh Dairy,Hubballi,Kittur Distributors Hubballi,851,26,22126
12-04-2024,Nandini Set Curd (400g),Fresh Dairy,Bengaluru,Apex Dairy Supplies Bengaluru,158,40,6320
12-04-2024,Nandini Pure Ghee (500ml),Ghee & Butter,Bengaluru,Apex Dairy Supplies Bengaluru,103,315,32445
12-04-2024,Nandini Pure Ghee (1L),Ghee & Butter,Bengaluru,Apex Dairy Supplies Bengaluru,29,610,17690
12-04-2024,Nandini Pure Ghee (500ml),Ghee & Butter,Hubballi,Kittur Distributors Hubballi,63,315,19845
12-04-2024,Nandini Samrudhi Milk (1L),Milk,Bengaluru,Apex Dairy Supplies Bengaluru,213,54,11502
12-04-2024,Nandini Salted Butter (500g),Ghee & Butter,Bengaluru,Apex Dairy Supplies Bengaluru,34,275,9350
12-04-2024,Nandini Pure Ghee (1L),Ghee & Butter,Hubballi,Kittur Distributors Hubballi,33,610,20130
12-04-2024,Nandini Mysore Pak (250g),Sweets,Bengaluru,Apex Dairy Supplies Bengaluru,110,160,17600
13-04-2024,Nandini Spiced Buttermilk (200ml),Beverages,Kalaburagi,Kalyana Karnataka Foods Kalaburagi,1383,12,16596
13-04-2024,Nandini Salted Butter (500g),Ghee & Butter,Bengaluru,Apex Dairy Supplies Bengaluru,80,275,22000
13-04-2024,Nandini Pure Ghee (500ml),Ghee & Butter,Bengaluru,Apex Dairy Supplies Bengaluru,56,315,17640
13-04-2024,Nandini Salted Butter (500g),Ghee & Butter,Mysuru,Chamundi Agencies Mysuru,29,275,7975
13-04-2024,Nandini Cassata Ice Cream (150ml),Frozen,Bengaluru,Apex Dairy Supplies Bengaluru,302,55,16610
13-04-2024,Nandini Set Curd (400g),Fresh Dairy,Mysuru,Chamundi Agencies Mysuru,285,40,11400
13-04-2024,Nandini Unsalted Butter (500g),Ghee & Butter,Mysuru,Chamundi Agencies Mysuru,63,280,17640
13-04-2024,Nandini Samrudhi Milk (1L),Milk,Bengaluru,Apex Dairy Supplies Bengaluru,268,54,14472
13-04-2024,Nandini Pure Ghee (1L),Ghee & Butter,Shivamogga,Malnad Dairy Network Shivamogga,52,610,31720
13-04-2024,Nandini Fresh Paneer (200g),Fresh Dairy,Bengaluru,Apex Dairy Supplies Bengaluru,365,95,34675
13-04-2024,Nandini Samrudhi Milk (1L),Milk,Hubballi,Kittur Distributors Hubballi,117,54,6318
13-04-2024,Nandini Homogenised Cow Milk (1L),Milk,Bengaluru,Apex Dairy Supplies Bengaluru,692,46,31832
14-04-2024,Nandini Spiced Buttermilk (200ml),Beverages,Mangaluru,Coastal Cool Logistics Mangaluru,1219,12,14628
14-04-2024,Nandini Samrudhi Milk (1L),Milk,Bengaluru,Apex Dairy Supplies Bengaluru,229,54,12366
14-04-2024,Nandini Fresh Paneer (200g),Fresh Dairy,Bengaluru,Apex Dairy Supplies Bengaluru,184,95,17480
14-04-2024,Nandini Special Milk (1L),Milk,Bengaluru,Apex Dairy Supplies Bengaluru,536,48,25728
14-04-2024,Nandini Salted Butter (500g),Ghee & Butter,Bengaluru,Apex Dairy Supplies Bengaluru,39,275,10725
14-04-2024,Nandini Gulab Jamun (1kg),Sweets,Mysuru,Chamundi Agencies Mysuru,69,260,17940
14-04-2024,Nandini Spiced Buttermilk (200ml),Beverages,Kalaburagi,Kalyana Karnataka Foods Kalaburagi,906,12,10872
14-04-2024,Nandini Special Milk (1L),Milk,Bengaluru,Apex Dairy Supplies Bengaluru,488,48,23424
14-04-2024,Nandini Gulab Jamun (1kg),Sweets,Mysuru,Chamundi Agencies Mysuru,86,260,22360
14-04-2024,Nandini Kulfi (50ml),Frozen,Bengaluru,Apex Dairy Supplies Bengaluru,355,25,8875
15-04-2024,Nandini Pure Ghee (1L),Ghee & Butter,Hubballi,Kittur Distributors Hubballi,102,610,62220
15-04-2024,Nandini Kulfi (50ml),Frozen,Kalaburagi,Kalyana Karnataka Foods Kalaburagi,257,25,6425
15-04-2024,Nandini Salted Butter (500g),Ghee & Butter,Ballari,Tungabhadra Dairy Logistics Ballari,114,275,31350
15-04-2024,Nandini Unsalted Butter (500g),Ghee & Butter,Mangaluru,Coastal Cool Logistics Mangaluru,60,280,16800
15-04-2024,Nandini Set Curd (400g),Fresh Dairy,Bengaluru,Apex Dairy Supplies Bengaluru,312,40,12480
15-04-2024,Nandini Kulfi (50ml),Frozen,Mangaluru,Coastal Cool Logistics Mangaluru,343,25,8575
15-04-2024,Nandini Homogenised Cow Milk (1L),Milk,Hubballi,Kittur Distributors Hubballi,730,46,33580
15-04-2024,Nandini Fresh Paneer (200g),Fresh Dairy,Bengaluru,Apex Dairy Supplies Bengaluru,189,95,17955
15-04-2024,Nandini Special Milk (1L),Milk,Mangaluru,Coastal Cool Logistics Mangaluru,495,48,23760
15-04-2024,Nandini Set Curd (400g),Fresh Dairy,Kalaburagi,Kalyana Karnataka Foods Kalaburagi,235,40,9400
15-04-2024,Nandini Fresh Paneer (200g),Fresh Dairy,Bengaluru,Apex Dairy Supplies Bengaluru,173,95,16435
15-04-2024,Nandini Fresh Paneer (200g),Fresh Dairy,Belagavi,North Karnataka Milk Center Belagavi,156,95,14820
15-04-2024,Nandini Shubham Milk (1L),Milk,Belagavi,North Karnataka Milk Center Belagavi,295,50,14750
15-04-2024,Nandini Kulfi (50ml),Frozen,Belagavi,North Karnataka Milk Center Belagavi,160,25,4000
16-04-2024,Nandini Unsalted Butter (500g),Ghee & Butter,Mysuru,Chamundi Agencies Mysuru,54,280,15120
16-04-2024,Nandini Unsalted Butter (500g),Ghee & Butter,Mysuru,Chamundi Agencies Mysuru,19,280,5320
16-04-2024,Nandini Pure Ghee (500ml),Ghee & Butter,Shivamogga,Malnad Dairy Network Shivamogga,95,315,29925
16-04-2024,Nandini Cassata Ice Cream (150ml),Frozen,Tumakuru,Siddaganga Milk Express Tumakuru,73,55,4015
16-04-2024,Nandini Milk Peda (250g),Sweets,Kalaburagi,Kalyana Karnataka Foods Kalaburagi,98,140,13720
16-04-2024,Nandini Homogenised Cow Milk (1L),Milk,Mangaluru,Coastal Cool Logistics Mangaluru,470,46,21620
16-04-2024,Nandini Mysore Pak (250g),Sweets,Davanagere,Central Karnataka Traders Davanagere,111,160,17760
16-04-2024,Nandini Milk Peda (250g),Sweets,Belagavi,North Karnataka Milk Center Belagavi,83,140,11620
17-04-2024,Nandini Shubham Milk (1L),Milk,Mangaluru,Coastal Cool Logistics Mangaluru,306,50,15300
17-04-2024,Nandini Kulfi (50ml),Frozen,Mysuru,Chamundi Agencies Mysuru,440,25,11000
17-04-2024,Nandini Kulfi (50ml),Frozen,Kalaburagi,Kalyana Karnataka Foods Kalaburagi,429,25,10725
17-04-2024,Nandini Curd (500g),Fresh Dairy,Belagavi,North Karnataka Milk Center Belagavi,773,26,20098
17-04-2024,Nandini Pure Ghee (1L),Ghee & Butter,Belagavi,North Karnataka Milk Center Belagavi,43,610,26230
17-04-2024,Nandini Salted Butter (500g),Ghee & Butter,Hubballi,Kittur Distributors Hubballi,33,275,9075
17-04-2024,Nandini Shubham Milk (1L),Milk,Hubballi,Kittur Distributors Hubballi,209,50,10450
17-04-2024,Nandini Curd (500g),Fresh Dairy,Davanagere,Central Karnataka Traders Davanagere,706,26,18356
17-04-2024,Nandini Cassata Ice Cream (150ml),Frozen,Mysuru,Chamundi Agencies Mysuru,133,55,7315
17-04-2024,Nandini Set Curd (400g),Fresh Dairy,Bengaluru,Apex Dairy Supplies Bengaluru,311,40,12440
17-04-2024,Nandini Special Milk (1L),Milk,Hubballi,Kittur Distributors Hubballi,305,48,14640
17-04-2024,Nandini Spiced Buttermilk (200ml),Beverages,Mysuru,Chamundi Agencies Mysuru,1632,12,19584
17-04-2024,Nandini Fresh Paneer (200g),Fresh Dairy,Bengaluru,Apex Dairy Supplies Bengaluru,146,95,13870
17-04-2024,Nandini Salted Butter (500g),Ghee & Butter,Tumakuru,Siddaganga Milk Express Tumakuru,77,275,21175
18-04-2024,Nandini Fresh Paneer (200g),Fresh Dairy,Shivamogga,Malnad Dairy Network Shivamogga,124,95,11780
18-04-2024,Nandini Kulfi (50ml),Frozen,Shivamogga,Malnad Dairy Network Shivamogga,266,25,6650
18-04-2024,Nandini Kulfi (50ml),Frozen,Belagavi,North Karnataka Milk Center Belagavi,298,25,7450
18-04-2024,Nandini Mysore Pak (250g),Sweets,Mangaluru,Coastal Cool Logistics Mangaluru,45,160,7200
18-04-2024,Nandini Sweet Lassi (200ml),Beverages,Davanagere,Central Karnataka Traders Davanagere,494,20,9880
18-04-2024,Nandini Mysore Pak (250g),Sweets,Mangaluru,Coastal Cool Logistics Mangaluru,46,160,7360
18-04-2024,Nandini Unsalted Butter (500g),Ghee & Butter,Bengaluru,Apex Dairy Supplies Bengaluru,78,280,21840
18-04-2024,Nandini Shubham Milk (1L),Milk,Hubballi,Kittur Distributors Hubballi,344,50,17200
18-04-2024,Nandini Fresh Paneer (200g),Fresh Dairy,Bengaluru,Apex Dairy Supplies Bengaluru,222,95,21090
18-04-2024,Nandini Samrudhi Milk (1L),Milk,Hubballi,Kittur Distributors Hubballi,252,54,13608
19-04-2024,Nandini Sweet Lassi (200ml),Beverages,Tumakuru,Siddaganga Milk Express Tumakuru,635,20,12700
19-04-2024,Nandini Samrudhi Milk (1L),Milk,Mysuru,Chamundi Agencies Mysuru,290,54,15660
19-04-2024,Nandini Salted Butter (500g),Ghee & Butter,Mysuru,Chamundi Agencies Mysuru,44,275,12100
19-04-2024,Nandini Homogenised Cow Milk (1L),Milk,Bengaluru,Apex Dairy Supplies Bengaluru,475,46,21850
19-04-2024,Nandini Spiced Buttermilk (200ml),Beverages,Ballari,Tungabhadra Dairy Logistics Ballari,731,12,8772
19-04-2024,Nandini Fresh Paneer (200g),Fresh Dairy,Hubballi,Kittur Distributors Hubballi,215,95,20425
20-04-2024,Nandini Mysore Pak (250g),Sweets,Mysuru,Chamundi Agencies Mysuru,130,160,20800
20-04-2024,Nandini Mysore Pak (250g),Sweets,Kalaburagi,Kalyana Karnataka Foods Kalaburagi,171,160,27360
20-04-2024,Nandini Unsalted Butter (500g),Ghee & Butter,Hubballi,Kittur Distributors Hubballi,69,280,19320
20-04-2024,Nandini Unsalted Butter (500g),Ghee & Butter,Belagavi,North Karnataka Milk Center Belagavi,59,280,16520
20-04-2024,Nandini Samrudhi Milk (1L),Milk,Kalaburagi,Kalyana Karnataka Foods Kalaburagi,148,54,7992
20-04-2024,Nandini Set Curd (400g),Fresh Dairy,Hubballi,Kittur Distributors Hubballi,82,40,3280
20-04-2024,Nandini Cassata Ice Cream (150ml),Frozen,Bengaluru,Apex Dairy Supplies Bengaluru,147,55,8085
21-04-2024,Nandini Cassata Ice Cream (150ml),Frozen,Bengaluru,Apex Dairy Supplies Bengaluru,129,55,7095
21-04-2024,Nandini Milk Peda (250g),Sweets,Mysuru,Chamundi Agencies Mysuru,177,140,24780
21-04-2024,Nandini Cassata Ice Cream (150ml),Frozen,Bengaluru,Apex Dairy Supplies Bengaluru,354,55,19470
21-04-2024,Nandini Sweet Lassi (200ml),Beverages,Bengaluru,Apex Dairy Supplies Bengaluru,838,20,16760
21-04-2024,Nandini Mysore Pak (250g),Sweets,Hubballi,Kittur Distributors Hubballi,146,160,23360
21-04-2024,Nandini Kulfi (50ml),Frozen,Kalaburagi,Kalyana Karnataka Foods Kalaburagi,342,25,8550
21-04-2024,Nandini Set Curd (400g),Fresh Dairy,Bengaluru,Apex Dairy Supplies Bengaluru,201,40,8040
21-04-2024,Nandini Sweet Lassi (200ml),Beverages,Mangaluru,Coastal Cool Logistics Mangaluru,367,20,7340
21-04-2024,Nandini Curd (500g),Fresh Dairy,Bengaluru,Apex Dairy Supplies Bengaluru,685,26,17810
21-04-2024,Nandini Pure Ghee (500ml),Ghee & Butter,Bengaluru,Apex Dairy Supplies Bengaluru,142,315,44730
21-04-2024,Nandini Milk Peda (250g),Sweets,Shivamogga,Malnad Dairy Network Shivamogga,52,140,7280
21-04-2024,Nandini Samrudhi Milk (1L),Milk,Bengaluru,Apex Dairy Supplies Bengaluru,207,54,11178
21-04-2024,Nandini Homogenised Cow Milk (1L),Milk,Mysuru,Chamundi Agencies Mysuru,331,46,15226
22-04-2024,Nandini Spiced Buttermilk (200ml),Beverages,Mysuru,Chamundi Agencies Mysuru,536,12,6432
22-04-2024,Nandini Mysore Pak (250g),Sweets,Bengaluru,Apex Dairy Supplies Bengaluru,45,160,7200
22-04-2024,Nandini Pure Ghee (500ml),Ghee & Butter,Hubballi,Kittur Distributors Hubballi,97,315,30555
22-04-2024,Nandini Salted Butter (500g),Ghee & Butter,Bengaluru,Apex Dairy Supplies Bengaluru,116,275,31900
22-04-2024,Nandini Set Curd (400g),Fresh Dairy,Shivamogga,Malnad Dairy Network Shivamogga,155,40,6200
22-04-2024,Nandini Curd (500g),Fresh Dairy,Davanagere,Central Karnataka Traders Davanagere,614,26,15964
22-04-2024,Nandini Spiced Buttermilk (200ml),Beverages,Bengaluru,Apex Dairy Supplies Bengaluru,1455,12,17460
22-04-2024,Nandini Spiced Buttermilk (200ml),Beverages,Belagavi,North Karnataka Milk Center Belagavi,776,12,9312
22-04-2024,Nandini Pure Ghee (1L),Ghee & Butter,Bengaluru,Apex Dairy Supplies Bengaluru,75,610,45750
23-04-2024,Nandini Fresh Paneer (200g),Fresh Dairy,Mangaluru,Coastal Cool Logistics Mangaluru,121,95,11495
23-04-2024,Nandini Flavoured Milk Badam (200ml),Beverages,Davanagere,Central Karnataka Traders Davanagere,228,35,7980
23-04-2024,Nandini Spiced Buttermilk (200ml),Beverages,Belagavi,North Karnataka Milk Center Belagavi,1039,12,12468
23-04-2024,Nandini Curd (500g),Fresh Dairy,Davanagere,Central Karnataka Traders Davanagere,1050,26,27300
23-04-2024,Nandini Sweet Lassi (200ml),Beverages,Bengaluru,Apex Dairy Supplies Bengaluru,1038,20,20760
24-04-2024,Nandini Shubham Milk (1L),Milk,Bengaluru,Apex Dairy Supplies Bengaluru,219,50,10950
24-04-2024,Nandini Homogenised Cow Milk (1L),Milk,Mangaluru,Coastal Cool Logistics Mangaluru,592,46,27232
24-04-2024,Nandini Gulab Jamun (1kg),Sweets,Belagavi,North Karnataka Milk Center Belagavi,39,260,10140
24-04-2024,Nandini Fresh Paneer (200g),Fresh Dairy,Mangaluru,Coastal Cool Logistics Mangaluru,116,95,11020
24-04-2024,Nandini Salted Butter (500g),Ghee & Butter,Bengaluru,Apex Dairy Supplies Bengaluru,116,275,31900
24-04-2024,Nandini Cassata Ice Cream (150ml),Frozen,Shivamogga,Malnad Dairy Network Shivamogga,74,55,4070
24-04-2024,Nandini Sweet Lassi (200ml),Beverages,Bengaluru,Apex Dairy Supplies Bengaluru,381,20,7620
24-04-2024,Nandini Kulfi (50ml),Frozen,Hubballi,Kittur Distributors Hubballi,325,25,8125
24-04-2024,Nandini Toned Milk (1L),Milk,Hubballi,Kittur Distributors Hubballi,981,42,41202
25-04-2024,Nandini Gulab Jamun (1kg),Sweets,Kalaburagi,Kalyana Karnataka Foods Kalaburagi,77,260,20020
25-04-2024,Nandini Samrudhi Milk (1L),Milk,Tumakuru,Siddaganga Milk Express Tumakuru,107,54,5778
25-04-2024,Nandini Unsalted Butter (500g),Ghee & Butter,Mysuru,Chamundi Agencies Mysuru,18,280,5040
25-04-2024,Nandini Toned Milk (1L),Milk,Bengaluru,Apex Dairy Supplies Bengaluru,812,42,34104
25-04-2024,Nandini Salted Butter (500g),Ghee & Butter,Tumakuru,Siddaganga Milk Express Tumakuru,29,275,7975
25-04-2024,Nandini Pure Ghee (500ml),Ghee & Butter,Shivamogga,Malnad Dairy Network Shivamogga,122,315,38430
25-04-2024,Nandini Pure Ghee (500ml),Ghee & Butter,Davanagere,Central Karnataka Traders Davanagere,74,315,23310
25-04-2024,Nandini Toned Milk (1L),Milk,Bengaluru,Apex Dairy Supplies Bengaluru,761,42,31962
25-04-2024,Nandini Spiced Buttermilk (200ml),Beverages,Kalaburagi,Kalyana Karnataka Foods Kalaburagi,790,12,9480
26-04-2024,Nandini Sweet Lassi (200ml),Beverages,Bengaluru,Apex Dairy Supplies Bengaluru,332,20,6640
26-04-2024,Nandini Salted Butter (500g),Ghee & Butter,Belagavi,North Karnataka Milk Center Belagavi,36,275,9900
26-04-2024,Nandini Kulfi (50ml),Frozen,Belagavi,North Karnataka Milk Center Belagavi,274,25,6850
26-04-2024,Nandini Pure Ghee (500ml),Ghee & Butter,Bengaluru,Apex Dairy Supplies Bengaluru,119,315,37485
26-04-2024,Nandini Special Milk (1L),Milk,Bengaluru,Apex Dairy Supplies Bengaluru,515,48,24720
26-04-2024,Nandini Fresh Paneer (200g),Fresh Dairy,Bengaluru,Apex Dairy Supplies Bengaluru,256,95,24320
26-04-2024,Nandini Gulab Jamun (1kg),Sweets,Mysuru,Chamundi Agencies Mysuru,57,260,14820
26-04-2024,Nandini Spiced Buttermilk (200ml),Beverages,Bengaluru,Apex Dairy Supplies Bengaluru,1187,12,14244
27-04-2024,Nandini Toned Milk (1L),Milk,Hubballi,Kittur Distributors Hubballi,540,42,22680
27-04-2024,Nandini Set Curd (400g),Fresh Dairy,Bengaluru,Apex Dairy Supplies Bengaluru,388,40,15520
27-04-2024,Nandini Samrudhi Milk (1L),Milk,Bengaluru,Apex Dairy Supplies Bengaluru,176,54,9504
27-04-2024,Nandini Milk Peda (250g),Sweets,Bengaluru,Apex Dairy Supplies Bengaluru,170,140,23800
27-04-2024,Nandini Salted Butter (500g),Ghee & Butter,Mysuru,Chamundi Agencies Mysuru,57,275,15675
27-04-2024,Nandini Mysore Pak (250g),Sweets,Shivamogga,Malnad Dairy Network Shivamogga,89,160,14240
28-04-2024,Nandini Spiced Buttermilk (200ml),Beverages,Mysuru,Chamundi Agencies Mysuru,1484,12,17808
28-04-2024,Nandini Samrudhi Milk (1L),Milk,Ballari,Tungabhadra Dairy Logistics Ballari,291,54,15714
28-04-2024,Nandini Mysore Pak (250g),Sweets,Davanagere,Central Karnataka Traders Davanagere,127,160,20320
28-04-2024,Nandini Mysore Pak (250g),Sweets,Mysuru,Chamundi Agencies Mysuru,143,160,22880
29-04-2024,Nandini Pure Ghee (500ml),Ghee & Butter,Davanagere,Central Karnataka Traders Davanagere,61,315,19215
29-04-2024,Nandini Salted Butter (500g),Ghee & Butter,Davanagere,Central Karnataka Traders Davanagere,34,275,9350
29-04-2024,Nandini Toned Milk (1L),Milk,Hubballi,Kittur Distributors Hubballi,831,42,34902
29-04-2024,Nandini Toned Milk (1L),Milk,Bengaluru,Apex Dairy Supplies Bengaluru,1250,42,52500
29-04-2024,Nandini Sweet Lassi (200ml),Beverages,Bengaluru,Apex Dairy Supplies Bengaluru,437,20,8740
29-04-2024,Nandini Pure Ghee (1L),Ghee & Butter,Bengaluru,Apex Dairy Supplies Bengaluru,54,610,32940
29-04-2024,Nandini Mysore Pak (250g),Sweets,Kalaburagi,Kalyana Karnataka Foods Kalaburagi,91,160,14560
29-04-2024,Nandini Flavoured Milk Badam (200ml),Beverages,Shivamogga,Malnad Dairy Network Shivamogga,385,35,13475
29-04-2024,Nandini Gulab Jamun (1kg),Sweets,Mysuru,Chamundi Agencies Mysuru,70,260,18200
30-04-2024,Nandini Shubham Milk (1L),Milk,Davanagere,Central Karnataka Traders Davanagere,295,50,14750
30-04-2024,Nandini Special Milk (1L),Milk,Mysuru,Chamundi Agencies Mysuru,453,48,21744
30-04-2024,Nandini Pure Ghee (500ml),Ghee & Butter,Hubballi,Kittur Distributors Hubballi,82,315,25830
30-04-2024,Nandini Milk Peda (250g),Sweets,Tumakuru,Siddaganga Milk Express Tumakuru,72,140,10080
30-04-2024,Nandini Kulfi (50ml),Frozen,Mangaluru,Coastal Cool Logistics Mangaluru,142,25,3550
30-04-2024,Nandini Pure Ghee (1L),Ghee & Butter,Mysuru,Chamundi Agencies Mysuru,30,610,18300
30-04-2024,Nandini Fresh Paneer (200g),Fresh Dairy,Bengaluru,Apex Dairy Supplies Bengaluru,87,95,8265
30-04-2024,Nandini Unsalted Butter (500g),Ghee & Butter,Mangaluru,Coastal Cool Logistics Mangaluru,25,280,7000
30-04-2024,Nandini Mysore Pak (250g),Sweets,Bengaluru,Apex Dairy Supplies Bengaluru,105,160,16800
30-04-2024,Nandini Flavoured Milk Badam (200ml),Beverages,Bengaluru,Apex Dairy Supplies Bengaluru,414,35,14490
01-05-2024,Nandini Mysore Pak (250g),Sweets,Bengaluru,Apex Dairy Supplies Bengaluru,74,160,11840
01-05-2024,Nandini Pure Ghee (1L),Ghee & Butter,Mysuru,Chamundi Agencies Mysuru,107,610,65270
01-05-2024,Nandini Homogenised Cow Milk (1L),Milk,Bengaluru,Apex Dairy Supplies Bengaluru,555,46,25530
01-05-2024,Nandini Toned Milk (1L),Milk,Kalaburagi,Kalyana Karnataka Foods Kalaburagi,809,42,33978
01-05-2024,Nandini Pure Ghee (500ml),Ghee & Butter,Bengaluru,Apex Dairy Supplies Bengaluru,154,315,48510
01-05-2024,Nandini Mysore Pak (250g),Sweets,Bengaluru,Apex Dairy Supplies Bengaluru,74,160,11840
01-05-2024,Nandini Sweet Lassi (200ml),Beverages,Mysuru,Chamundi Agencies Mysuru,317,20,6340
01-05-2024,Nandini Sweet Lassi (200ml),Beverages,Bengaluru,Apex Dairy Supplies Bengaluru,542,20,10840
01-05-2024,Nandini Spiced Buttermilk (200ml),Beverages,Mangaluru,Coastal Cool Logistics Mangaluru,1149,12,13788
01-05-2024,Nandini Curd (500g),Fresh Dairy,Mangaluru,Coastal Cool Logistics Mangaluru,494,26,12844
01-05-2024,Nandini Flavoured Milk Badam (200ml),Beverages,Bengaluru,Apex Dairy Supplies Bengaluru,467,35,16345
01-05-2024,Nandini Milk Peda (250g),Sweets,Mysuru,Chamundi Agencies Mysuru,93,140,13020
01-05-2024,Nandini Cassata Ice Cream (150ml),Frozen,Ballari,Tungabhadra Dairy Logistics Ballari,175,55,9625
01-05-2024,Nandini Set Curd (400g),Fresh Dairy,Belagavi,North Karnataka Milk Center Belagavi,105,40,4200
01-05-2024,Nandini Kulfi (50ml),Frozen,Bengaluru,Apex Dairy Supplies Bengaluru,138,25,3450
01-05-2024,Nandini Toned Milk (1L),Milk,Bengaluru,Apex Dairy Supplies Bengaluru,731,42,30702
01-05-2024,Nandini Kulfi (50ml),Frozen,Bengaluru,Apex Dairy Supplies Bengaluru,356,25,8900
02-05-2024,Nandini Kulfi (50ml),Frozen,Bengaluru,Apex Dairy Supplies Bengaluru,198,25,4950
02-05-2024,Nandini Special Milk (1L),Milk,Bengaluru,Apex Dairy Supplies Bengaluru,445,48,21360
02-05-2024,Nandini Sweet Lassi (200ml),Beverages,Mangaluru,Coastal Cool Logistics Mangaluru,638,20,12760
02-05-2024,Nandini Sweet Lassi (200ml),Beverages,Hubballi,Kittur Distributors Hubballi,595,20,11900
02-05-2024,Nandini Cassata Ice Cream (150ml),Frozen,Mysuru,Chamundi Agencies Mysuru,245,55,13475
02-05-2024,Nandini Pure Ghee (500ml),Ghee & Butter,Ballari,Tungabhadra Dairy Logistics Ballari,114,315,35910
02-05-2024,Nandini Curd (500g),Fresh Dairy,Ballari,Tungabhadra Dairy Logistics Ballari,813,26,21138
02-05-2024,Nandini Gulab Jamun (1kg),Sweets,Bengaluru,Apex Dairy Supplies Bengaluru,25,260,6500
02-05-2024,Nandini Set Curd (400g),Fresh Dairy,Mangaluru,Coastal Cool Logistics Mangaluru,194,40,7760
02-05-2024,Nandini Shubham Milk (1L),Milk,Bengaluru,Apex Dairy Supplies Bengaluru,338,50,16900
03-05-2024,Nandini Mysore Pak (250g),Sweets,Belagavi,North Karnataka Milk Center Belagavi,104,160,16640
03-05-2024,Nandini Mysore Pak (250g),Sweets,Mangaluru,Coastal Cool Logistics Mangaluru,85,160,13600
03-05-2024,Nandini Sweet Lassi (200ml),Beverages,Mangaluru,Coastal Cool Logistics Mangaluru,503,20,10060
03-05-2024,Nandini Shubham Milk (1L),Milk,Belagavi,North Karnataka Milk Center Belagavi,297,50,14850
03-05-2024,Nandini Milk Peda (250g),Sweets,Bengaluru,Apex Dairy Supplies Bengaluru,91,140,12740
03-05-2024,Nandini Cassata Ice Cream (150ml),Frozen,Bengaluru,Apex Dairy Supplies Bengaluru,199,55,10945
03-05-2024,Nandini Salted Butter (500g),Ghee & Butter,Hubballi,Kittur Distributors Hubballi,77,275,21175
03-05-2024,Nandini Gulab Jamun (1kg),Sweets,Mysuru,Chamundi Agencies Mysuru,30,260,7800
03-05-2024,Nandini Pure Ghee (500ml),Ghee & Butter,Hubballi,Kittur Distributors Hubballi,68,315,21420
03-05-2024,Nandini Mysore Pak (250g),Sweets,Hubballi,Kittur Distributors Hubballi,86,160,13760
03-05-2024,Nandini Unsalted Butter (500g),Ghee & Butter,Bengaluru,Apex Dairy Supplies Bengaluru,57,280,15960
03-05-2024,Nandini Pure Ghee (500ml),Ghee & Butter,Hubballi,Kittur Distributors Hubballi,167,315,52605
03-05-2024,Nandini Unsalted Butter (500g),Ghee & Butter,Kalaburagi,Kalyana Karnataka Foods Kalaburagi,95,280,26600
04-05-2024,Nandini Samrudhi Milk (1L),Milk,Mysuru,Chamundi Agencies Mysuru,229,54,12366
04-05-2024,Nandini Milk Peda (250g),Sweets,Bengaluru,Apex Dairy Supplies Bengaluru,117,140,16380
04-05-2024,Nandini Fresh Paneer (200g),Fresh Dairy,Mangaluru,Coastal Cool Logistics Mangaluru,204,95,19380
04-05-2024,Nandini Curd (500g),Fresh Dairy,Hubballi,Kittur Distributors Hubballi,841,26,21866
04-05-2024,Nandini Spiced Buttermilk (200ml),Beverages,Bengaluru,Apex Dairy Supplies Bengaluru,1458,12,17496
04-05-2024,Nandini Gulab Jamun (1kg),Sweets,Mysuru,Chamundi Agencies Mysuru,38,260,9880
04-05-2024,Nandini Kulfi (50ml),Frozen,Mysuru,Chamundi Agencies Mysuru,333,25,8325
04-05-2024,Nandini Kulfi (50ml),Frozen,Bengaluru,Apex Dairy Supplies Bengaluru,458,25,11450
04-05-2024,Nandini Homogenised Cow Milk (1L),Milk,Bengaluru,Apex Dairy Supplies Bengaluru,773,46,35558
04-05-2024,Nandini Homogenised Cow Milk (1L),Milk,Shivamogga,Malnad Dairy Network Shivamogga,294,46,13524
04-05-2024,Nandini Unsalted Butter (500g),Ghee & Butter,Mangaluru,Coastal Cool Logistics Mangaluru,29,280,8120
04-05-2024,Nandini Pure Ghee (1L),Ghee & Butter,Mysuru,Chamundi Agencies Mysuru,28,610,17080
04-05-2024,Nandini Fresh Paneer (200g),Fresh Dairy,Kalaburagi,Kalyana Karnataka Foods Kalaburagi,205,95,19475
04-05-2024,Nandini Kulfi (50ml),Frozen,Hubballi,Kittur Distributors Hubballi,327,25,8175
05-05-2024,Nandini Pure Ghee (500ml),Ghee & Butter,Bengaluru,Apex Dairy Supplies Bengaluru,87,315,27405
05-05-2024,Nandini Curd (500g),Fresh Dairy,Bengaluru,Apex Dairy Supplies Bengaluru,979,26,25454
05-05-2024,Nandini Pure Ghee (500ml),Ghee & Butter,Kalaburagi,Kalyana Karnataka Foods Kalaburagi,87,315,27405
05-05-2024,Nandini Salted Butter (500g),Ghee & Butter,Bengaluru,Apex Dairy Supplies Bengaluru,51,275,14025
05-05-2024,Nandini Salted Butter (500g),Ghee & Butter,Bengaluru,Apex Dairy Supplies Bengaluru,41,275,11275
05-05-2024,Nandini Pure Ghee (500ml),Ghee & Butter,Mysuru,Chamundi Agencies Mysuru,136,315,42840
05-05-2024,Nandini Sweet Lassi (200ml),Beverages,Bengaluru,Apex Dairy Supplies Bengaluru,1030,20,20600
05-05-2024,Nandini Special Milk (1L),Milk,Mysuru,Chamundi Agencies Mysuru,592,48,28416
05-05-2024,Nandini Mysore Pak (250g),Sweets,Kalaburagi,Kalyana Karnataka Foods Kalaburagi,115,160,18400
05-05-2024,Nandini Salted Butter (500g),Ghee & Butter,Belagavi,North Karnataka Milk Center Belagavi,93,275,25575
05-05-2024,Nandini Mysore Pak (250g),Sweets,Mysuru,Chamundi Agencies Mysuru,120,160,19200
06-05-2024,Nandini Special Milk (1L),Milk,Bengaluru,Apex Dairy Supplies Bengaluru,409,48,19632
06-05-2024,Nandini Milk Peda (250g),Sweets,Bengaluru,Apex Dairy Supplies Bengaluru,138,140,19320
06-05-2024,Nandini Kulfi (50ml),Frozen,Hubballi,Kittur Distributors Hubballi,293,25,7325
06-05-2024,Nandini Curd (500g),Fresh Dairy,Hubballi,Kittur Distributors Hubballi,320,26,8320
06-05-2024,Nandini Milk Peda (250g),Sweets,Hubballi,Kittur Distributors Hubballi,72,140,10080
06-05-2024,Nandini Homogenised Cow Milk (1L),Milk,Bengaluru,Apex Dairy Supplies Bengaluru,434,46,19964
06-05-2024,Nandini Mysore Pak (250g),Sweets,Bengaluru,Apex Dairy Supplies Bengaluru,41,160,6560
06-05-2024,Nandini Shubham Milk (1L),Milk,Mangaluru,Coastal Cool Logistics Mangaluru,225,50,11250
07-05-2024,Nandini Shubham Milk (1L),Milk,Bengaluru,Apex Dairy Supplies Bengaluru,415,50,20750
07-05-2024,Nandini Salted Butter (500g),Ghee & Butter,Bengaluru,Apex Dairy Supplies Bengaluru,147,275,40425
07-05-2024,Nandini Pure Ghee (1L),Ghee & Butter,Mangaluru,Coastal Cool Logistics Mangaluru,37,610,22570
07-05-2024,Nandini Flavoured Milk Badam (200ml),Beverages,Bengaluru,Apex Dairy Supplies Bengaluru,297,35,10395
07-05-2024,Nandini Unsalted Butter (500g),Ghee & Butter,Bengaluru,Apex Dairy Supplies Bengaluru,34,280,9520
07-05-2024,Nandini Sweet Lassi (200ml),Beverages,Hubballi,Kittur Distributors Hubballi,713,20,14260
07-05-2024,Nandini Flavoured Milk Badam (200ml),Beverages,Bengaluru,Apex Dairy Supplies Bengaluru,340,35,11900
07-05-2024,Nandini Cassata Ice Cream (150ml),Frozen,Bengaluru,Apex Dairy Supplies Bengaluru,277,55,15235
07-05-2024,Nandini Shubham Milk (1L),Milk,Bengaluru,Apex Dairy Supplies Bengaluru,364,50,18200
07-05-2024,Nandini Fresh Paneer (200g),Fresh Dairy,Tumakuru,Siddaganga Milk Express Tumakuru,194,95,18430
07-05-2024,Nandini Set Curd (400g),Fresh Dairy,Ballari,Tungabhadra Dairy Logistics Ballari,120,40,4800
07-05-2024,Nandini Pure Ghee (500ml),Ghee & Butter,Bengaluru,Apex Dairy Supplies Bengaluru,135,315,42525
08-05-2024,Nandini Kulfi (50ml),Frozen,Bengaluru,Apex Dairy Supplies Bengaluru,377,25,9425
08-05-2024,Nandini Set Curd (400g),Fresh Dairy,Bengaluru,Apex Dairy Supplies Bengaluru,305,40,12200
08-05-2024,Nandini Mysore Pak (250g),Sweets,Davanagere,Central Karnataka Traders Davanagere,113,160,18080
08-05-2024,Nandini Toned Milk (1L),Milk,Bengaluru,Apex Dairy Supplies Bengaluru,607,42,25494
08-05-2024,Nandini Unsalted Butter (500g),Ghee & Butter,Bengaluru,Apex Dairy Supplies Bengaluru,23,280,6440
08-05-2024,Nandini Mysore Pak (250g),Sweets,Bengaluru,Apex Dairy Supplies Bengaluru,82,160,13120
08-05-2024,Nandini Cassata Ice Cream (150ml),Frozen,Ballari,Tungabhadra Dairy Logistics Ballari,123,55,6765
08-05-2024,Nandini Spiced Buttermilk (200ml),Beverages,Bengaluru,Apex Dairy Supplies Bengaluru,1646,12,19752
08-05-2024,Nandini Sweet Lassi (200ml),Beverages,Bengaluru,Apex Dairy Supplies Bengaluru,759,20,15180
08-05-2024,Nandini Gulab Jamun (1kg),Sweets,Mangaluru,Coastal Cool Logistics Mangaluru,64,260,16640
09-05-2024,Nandini Pure Ghee (500ml),Ghee & Butter,Bengaluru,Apex Dairy Supplies Bengaluru,137,315,43155
09-05-2024,Nandini Cassata Ice Cream (150ml),Frozen,Belagavi,North Karnataka Milk Center Belagavi,232,55,12760
09-05-2024,Nandini Fresh Paneer (200g),Fresh Dairy,Bengaluru,Apex Dairy Supplies Bengaluru,185,95,17575
09-05-2024,Nandini Salted Butter (500g),Ghee & Butter,Mangaluru,Coastal Cool Logistics Mangaluru,73,275,20075
09-05-2024,Nandini Curd (500g),Fresh Dairy,Bengaluru,Apex Dairy Supplies Bengaluru,1246,26,32396
09-05-2024,Nandini Kulfi (50ml),Frozen,Tumakuru,Siddaganga Milk Express Tumakuru,224,25,5600
09-05-2024,Nandini Milk Peda (250g),Sweets,Mangaluru,Coastal Cool Logistics Mangaluru,120,140,16800
09-05-2024,Nandini Gulab Jamun (1kg),Sweets,Davanagere,Central Karnataka Traders Davanagere,37,260,9620
09-05-2024,Nandini Sweet Lassi (200ml),Beverages,Hubballi,Kittur Distributors Hubballi,635,20,12700
09-05-2024,Nandini Toned Milk (1L),Milk,Mysuru,Chamundi Agencies Mysuru,748,42,31416
10-05-2024,Nandini Unsalted Butter (500g),Ghee & Butter,Mangaluru,Coastal Cool Logistics Mangaluru,51,280,14280
10-05-2024,Nandini Samrudhi Milk (1L),Milk,Bengaluru,Apex Dairy Supplies Bengaluru,304,54,16416
10-05-2024,Nandini Shubham Milk (1L),Milk,Bengaluru,Apex Dairy Supplies Bengaluru,164,50,8200
10-05-2024,Nandini Fresh Paneer (200g),Fresh Dairy,Hubballi,Kittur Distributors Hubballi,128,95,12160
10-05-2024,Nandini Sweet Lassi (200ml),Beverages,Bengaluru,Apex Dairy Supplies Bengaluru,588,20,11760
10-05-2024,Nandini Fresh Paneer (200g),Fresh Dairy,Shivamogga,Malnad Dairy Network Shivamogga,220,95,20900
11-05-2024,Nandini Mysore Pak (250g),Sweets,Shivamogga,Malnad Dairy Network Shivamogga,85,160,13600
11-05-2024,Nandini Samrudhi Milk (1L),Milk,Bengaluru,Apex Dairy Supplies Bengaluru,304,54,16416
11-05-2024,Nandini Toned Milk (1L),Milk,Bengaluru,Apex Dairy Supplies Bengaluru,1201,42,50442
11-05-2024,Nandini Salted Butter (500g),Ghee & Butter,Bengaluru,Apex Dairy Supplies Bengaluru,56,275,15400
11-05-2024,Nandini Homogenised Cow Milk (1L),Milk,Davanagere,Central Karnataka Traders Davanagere,288,46,13248
11-05-2024,Nandini Gulab Jamun (1kg),Sweets,Ballari,Tungabhadra Dairy Logistics Ballari,101,260,26260
11-05-2024,Nandini Cassata Ice Cream (150ml),Frozen,Davanagere,Central Karnataka Traders Davanagere,238,55,13090
12-05-2024,Nandini Spiced Buttermilk (200ml),Beverages,Belagavi,North Karnataka Milk Center Belagavi,1364,12,16368
12-05-2024,Nandini Samrudhi Milk (1L),Milk,Bengaluru,Apex Dairy Supplies Bengaluru,212,54,11448
12-05-2024,Nandini Pure Ghee (500ml),Ghee & Butter,Shivamogga,Malnad Dairy Network Shivamogga,80,315,25200
12-05-2024,Nandini Cassata Ice Cream (150ml),Frozen,Hubballi,Kittur Distributors Hubballi,252,55,13860
12-05-2024,Nandini Pure Ghee (500ml),Ghee & Butter,Shivamogga,Malnad Dairy Network Shivamogga,56,315,17640
12-05-2024,Nandini Special Milk (1L),Milk,Bengaluru,Apex Dairy Supplies Bengaluru,301,48,14448
12-05-2024,Nandini Shubham Milk (1L),Milk,Bengaluru,Apex Dairy Supplies Bengaluru,209,50,10450
12-05-2024,Nandini Set Curd (400g),Fresh Dairy,Shivamogga,Malnad Dairy Network Shivamogga,190,40,7600
12-05-2024,Nandini Shubham Milk (1L),Milk,Tumakuru,Siddaganga Milk Express Tumakuru,263,50,13150
13-05-2024,Nandini Unsalted Butter (500g),Ghee & Butter,Mysuru,Chamundi Agencies Mysuru,65,280,18200
13-05-2024,Nandini Set Curd (400g),Fresh Dairy,Mangaluru,Coastal Cool Logistics Mangaluru,102,40,4080
13-05-2024,Nandini Mysore Pak (250g),Sweets,Bengaluru,Apex Dairy Supplies Bengaluru,107,160,17120
13-05-2024,Nandini Kulfi (50ml),Frozen,Hubballi,Kittur Distributors Hubballi,336,25,8400
13-05-2024,Nandini Unsalted Butter (500g),Ghee & Butter,Hubballi,Kittur Distributors Hubballi,36,280,10080
13-05-2024,Nandini Gulab Jamun (1kg),Sweets,Hubballi,Kittur Distributors Hubballi,62,260,16120
13-05-2024,Nandini Sweet Lassi (200ml),Beverages,Bengaluru,Apex Dairy Supplies Bengaluru,522,20,10440
13-05-2024,Nandini Spiced Buttermilk (200ml),Beverages,Mangaluru,Coastal Cool Logistics Mangaluru,556,12,6672
13-05-2024,Nandini Pure Ghee (500ml),Ghee & Butter,Bengaluru,Apex Dairy Supplies Bengaluru,134,315,42210
13-05-2024,Nandini Cassata Ice Cream (150ml),Frozen,Tumakuru,Siddaganga Milk Express Tumakuru,153,55,8415
13-05-2024,Nandini Gulab Jamun (1kg),Sweets,Davanagere,Central Karnataka Traders Davanagere,21,260,5460
14-05-2024,Nandini Salted Butter (500g),Ghee & Butter,Belagavi,North Karnataka Milk Center Belagavi,99,275,27225
14-05-2024,Nandini Unsalted Butter (500g),Ghee & Butter,Bengaluru,Apex Dairy Supplies Bengaluru,88,280,24640
14-05-2024,Nandini Mysore Pak (250g),Sweets,Mangaluru,Coastal Cool Logistics Mangaluru,100,160,16000
14-05-2024,Nandini Special Milk (1L),Milk,Hubballi,Kittur Distributors Hubballi,626,48,30048
14-05-2024,Nandini Unsalted Butter (500g),Ghee & Butter,Hubballi,Kittur Distributors Hubballi,18,280,5040
14-05-2024,Nandini Salted Butter (500g),Ghee & Butter,Bengaluru,Apex Dairy Supplies Bengaluru,34,275,9350
14-05-2024,Nandini Homogenised Cow Milk (1L),Milk,Mangaluru,Coastal Cool Logistics Mangaluru,435,46,20010
14-05-2024,Nandini Mysore Pak (250g),Sweets,Belagavi,North Karnataka Milk Center Belagavi,40,160,6400
15-05-2024,Nandini Gulab Jamun (1kg),Sweets,Bengaluru,Apex Dairy Supplies Bengaluru,63,260,16380
15-05-2024,Nandini Unsalted Butter (500g),Ghee & Butter,Shivamogga,Malnad Dairy Network Shivamogga,55,280,15400
15-05-2024,Nandini Pure Ghee (1L),Ghee & Butter,Bengaluru,Apex Dairy Supplies Bengaluru,38,610,23180
15-05-2024,Nandini Kulfi (50ml),Frozen,Belagavi,North Karnataka Milk Center Belagavi,387,25,9675
15-05-2024,Nandini Unsalted Butter (500g),Ghee & Butter,Hubballi,Kittur Distributors Hubballi,79,280,22120
15-05-2024,Nandini Kulfi (50ml),Frozen,Ballari,Tungabhadra Dairy Logistics Ballari,356,25,8900
15-05-2024,Nandini Special Milk (1L),Milk,Bengaluru,Apex Dairy Supplies Bengaluru,554,48,26592
15-05-2024,Nandini Kulfi (50ml),Frozen,Bengaluru,Apex Dairy Supplies Bengaluru,390,25,9750
15-05-2024,Nandini Cassata Ice Cream (150ml),Frozen,Bengaluru,Apex Dairy Supplies Bengaluru,325,55,17875
15-05-2024,Nandini Pure Ghee (1L),Ghee & Butter,Shivamogga,Malnad Dairy Network Shivamogga,62,610,37820
15-05-2024,Nandini Mysore Pak (250g),Sweets,Mysuru,Chamundi Agencies Mysuru,52,160,8320
15-05-2024,Nandini Pure Ghee (1L),Ghee & Butter,Bengaluru,Apex Dairy Supplies Bengaluru,128,610,78080
16-05-2024,Nandini Samrudhi Milk (1L),Milk,Mysuru,Chamundi Agencies Mysuru,122,54,6588
16-05-2024,Nandini Special Milk (1L),Milk,Belagavi,North Karnataka Milk Center Belagavi,443,48,21264
16-05-2024,Nandini Spiced Buttermilk (200ml),Beverages,Kalaburagi,Kalyana Karnataka Foods Kalaburagi,1389,12,16668
16-05-2024,Nandini Toned Milk (1L),Milk,Belagavi,North Karnataka Milk Center Belagavi,947,42,39774
16-05-2024,Nandini Mysore Pak (250g),Sweets,Bengaluru,Apex Dairy Supplies Bengaluru,152,160,24320
16-05-2024,Nandini Milk Peda (250g),Sweets,Bengaluru,Apex Dairy Supplies Bengaluru,132,140,18480
16-05-2024,Nandini Pure Ghee (1L),Ghee & Butter,Bengaluru,Apex Dairy Supplies Bengaluru,114,610,69540
17-05-2024,Nandini Cassata Ice Cream (150ml),Frozen,Bengaluru,Apex Dairy Supplies Bengaluru,216,55,11880
17-05-2024,Nandini Special Milk (1L),Milk,Mysuru,Chamundi Agencies Mysuru,327,48,15696
17-05-2024,Nandini Pure Ghee (1L),Ghee & Butter,Belagavi,North Karnataka Milk Center Belagavi,96,610,58560
17-05-2024,Nandini Cassata Ice Cream (150ml),Frozen,Belagavi,North Karnataka Milk Center Belagavi,199,55,10945
17-05-2024,Nandini Special Milk (1L),Milk,Mysuru,Chamundi Agencies Mysuru,281,48,13488
17-05-2024,Nandini Unsalted Butter (500g),Ghee & Butter,Bengaluru,Apex Dairy Supplies Bengaluru,20,280,5600
17-05-2024,Nandini Pure Ghee (500ml),Ghee & Butter,Belagavi,North Karnataka Milk Center Belagavi,130,315,40950
17-05-2024,Nandini Unsalted Butter (500g),Ghee & Butter,Bengaluru,Apex Dairy Supplies Bengaluru,107,280,29960
17-05-2024,Nandini Pure Ghee (1L),Ghee & Butter,Bengaluru,Apex Dairy Supplies Bengaluru,90,610,54900
17-05-2024,Nandini Pure Ghee (500ml),Ghee & Butter,Bengaluru,Apex Dairy Supplies Bengaluru,78,315,24570
17-05-2024,Nandini Kulfi (50ml),Frozen,Bengaluru,Apex Dairy Supplies Bengaluru,439,25,10975
17-05-2024,Nandini Spiced Buttermilk (200ml),Beverages,Davanagere,Central Karnataka Traders Davanagere,936,12,11232
17-05-2024,Nandini Set Curd (400g),Fresh Dairy,Mysuru,Chamundi Agencies Mysuru,247,40,9880
17-05-2024,Nandini Fresh Paneer (200g),Fresh Dairy,Bengaluru,Apex Dairy Supplies Bengaluru,166,95,15770
18-05-2024,Nandini Special Milk (1L),Milk,Bengaluru,Apex Dairy Supplies Bengaluru,412,48,19776
18-05-2024,Nandini Pure Ghee (1L),Ghee & Butter,Davanagere,Central Karnataka Traders Davanagere,103,610,62830
18-05-2024,Nandini Salted Butter (500g),Ghee & Butter,Hubballi,Kittur Distributors Hubballi,69,275,18975
18-05-2024,Nandini Homogenised Cow Milk (1L),Milk,Davanagere,Central Karnataka Traders Davanagere,576,46,26496
19-05-2024,Nandini Fresh Paneer (200g),Fresh Dairy,Bengaluru,Apex Dairy Supplies Bengaluru,263,95,24985
19-05-2024,Nandini Samrudhi Milk (1L),Milk,Hubballi,Kittur Distributors Hubballi,308,54,16632
19-05-2024,Nandini Mysore Pak (250g),Sweets,Mangaluru,Coastal Cool Logistics Mangaluru,70,160,11200
19-05-2024,Nandini Pure Ghee (1L),Ghee & Butter,Bengaluru,Apex Dairy Supplies Bengaluru,37,610,22570
19-05-2024,Nandini Spiced Buttermilk (200ml),Beverages,Bengaluru,Apex Dairy Supplies Bengaluru,1278,12,15336
19-05-2024,Nandini Flavoured Milk Badam (200ml),Beverages,Bengaluru,Apex Dairy Supplies Bengaluru,371,35,12985
19-05-2024,Nandini Set Curd (400g),Fresh Dairy,Bengaluru,Apex Dairy Supplies Bengaluru,272,40,10880
19-05-2024,Nandini Toned Milk (1L),Milk,Bengaluru,Apex Dairy Supplies Bengaluru,707,42,29694
19-05-2024,Nandini Pure Ghee (500ml),Ghee & Butter,Belagavi,North Karnataka Milk Center Belagavi,110,315,34650
20-05-2024,Nandini Homogenised Cow Milk (1L),Milk,Mangaluru,Coastal Cool Logistics Mangaluru,283,46,13018
20-05-2024,Nandini Sweet Lassi (200ml),Beverages,Hubballi,Kittur Distributors Hubballi,244,20,4880
20-05-2024,Nandini Pure Ghee (1L),Ghee & Butter,Bengaluru,Apex Dairy Supplies Bengaluru,63,610,38430
20-05-2024,Nandini Spiced Buttermilk (200ml),Beverages,Kalaburagi,Kalyana Karnataka Foods Kalaburagi,1469,12,17628
20-05-2024,Nandini Salted Butter (500g),Ghee & Butter,Bengaluru,Apex Dairy Supplies Bengaluru,65,275,17875
20-05-2024,Nandini Spiced Buttermilk (200ml),Beverages,Mysuru,Chamundi Agencies Mysuru,678,12,8136
20-05-2024,Nandini Mysore Pak (250g),Sweets,Davanagere,Central Karnataka Traders Davanagere,84,160,13440
20-05-2024,Nandini Set Curd (400g),Fresh Dairy,Belagavi,North Karnataka Milk Center Belagavi,249,40,9960
20-05-2024,Nandini Shubham Milk (1L),Milk,Mangaluru,Coastal Cool Logistics Mangaluru,212,50,10600
20-05-2024,Nandini Special Milk (1L),Milk,Mysuru,Chamundi Agencies Mysuru,426,48,20448
20-05-2024,Nandini Shubham Milk (1L),Milk,Mysuru,Chamundi Agencies Mysuru,308,50,15400
20-05-2024,Nandini Salted Butter (500g),Ghee & Butter,Bengaluru,Apex Dairy Supplies Bengaluru,153,275,42075
20-05-2024,Nandini Curd (500g),Fresh Dairy,Belagavi,North Karnataka Milk Center Belagavi,510,26,13260
20-05-2024,Nandini Fresh Paneer (200g),Fresh Dairy,Bengaluru,Apex Dairy Supplies Bengaluru,155,95,14725
20-05-2024,Nandini Flavoured Milk Badam (200ml),Beverages,Belagavi,North Karnataka Milk Center Belagavi,138,35,4830
21-05-2024,Nandini Milk Peda (250g),Sweets,Belagavi,North Karnataka Milk Center Belagavi,112,140,15680
21-05-2024,Nandini Samrudhi Milk (1L),Milk,Davanagere,Central Karnataka Traders Davanagere,123,54,6642
21-05-2024,Nandini Samrudhi Milk (1L),Milk,Davanagere,Central Karnataka Traders Davanagere,120,54,6480
21-05-2024,Nandini Toned Milk (1L),Milk,Mysuru,Chamundi Agencies Mysuru,969,42,40698
21-05-2024,Nandini Spiced Buttermilk (200ml),Beverages,Mangaluru,Coastal Cool Logistics Mangaluru,921,12,11052
21-05-2024,Nandini Pure Ghee (500ml),Ghee & Butter,Hubballi,Kittur Distributors Hubballi,191,315,60165
21-05-2024,Nandini Shubham Milk (1L),Milk,Bengaluru,Apex Dairy Supplies Bengaluru,283,50,14150
21-05-2024,Nandini Mysore Pak (250g),Sweets,Hubballi,Kittur Distributors Hubballi,111,160,17760
21-05-2024,Nandini Cassata Ice Cream (150ml),Frozen,Ballari,Tungabhadra Dairy Logistics Ballari,225,55,12375
22-05-2024,Nandini Spiced Buttermilk (200ml),Beverages,Davanagere,Central Karnataka Traders Davanagere,1156,12,13872
22-05-2024,Nandini Shubham Milk (1L),Milk,Bengaluru,Apex Dairy Supplies Bengaluru,200,50,10000
22-05-2024,Nandini Special Milk (1L),Milk,Bengaluru,Apex Dairy Supplies Bengaluru,587,48,28176
22-05-2024,Nandini Mysore Pak (250g),Sweets,Hubballi,Kittur Distributors Hubballi,70,160,11200
22-05-2024,Nandini Gulab Jamun (1kg),Sweets,Mysuru,Chamundi Agencies Mysuru,28,260,7280
22-05-2024,Nandini Sweet Lassi (200ml),Beverages,Hubballi,Kittur Distributors Hubballi,300,20,6000
22-05-2024,Nandini Shubham Milk (1L),Milk,Belagavi,North Karnataka Milk Center Belagavi,329,50,16450
22-05-2024,Nandini Gulab Jamun (1kg),Sweets,Mysuru,Chamundi Agencies Mysuru,58,260,15080
22-05-2024,Nandini Flavoured Milk Badam (200ml),Beverages,Bengaluru,Apex Dairy Supplies Bengaluru,372,35,13020
23-05-2024,Nandini Spiced Buttermilk (200ml),Beverages,Davanagere,Central Karnataka Traders Davanagere,1266,12,15192
23-05-2024,Nandini Samrudhi Milk (1L),Milk,Mysuru,Chamundi Agencies Mysuru,109,54,5886
23-05-2024,Nandini Mysore Pak (250g),Sweets,Bengaluru,Apex Dairy Supplies Bengaluru,132,160,21120
23-05-2024,Nandini Shubham Milk (1L),Milk,Kalaburagi,Kalyana Karnataka Foods Kalaburagi,244,50,12200
23-05-2024,Nandini Samrudhi Milk (1L),Milk,Davanagere,Central Karnataka Traders Davanagere,233,54,12582
23-05-2024,Nandini Kulfi (50ml),Frozen,Mysuru,Chamundi Agencies Mysuru,183,25,4575
23-05-2024,Nandini Unsalted Butter (500g),Ghee & Butter,Bengaluru,Apex Dairy Supplies Bengaluru,113,280,31640
23-05-2024,Nandini Milk Peda (250g),Sweets,Davanagere,Central Karnataka Traders Davanagere,114,140,15960
23-05-2024,Nandini Spiced Buttermilk (200ml),Beverages,Bengaluru,Apex Dairy Supplies Bengaluru,1617,12,19404
23-05-2024,Nandini Pure Ghee (1L),Ghee & Butter,Hubballi,Kittur Distributors Hubballi,33,610,20130
24-05-2024,Nandini Fresh Paneer (200g),Fresh Dairy,Tumakuru,Siddaganga Milk Express Tumakuru,123,95,11685
24-05-2024,Nandini Shubham Milk (1L),Milk,Bengaluru,Apex Dairy Supplies Bengaluru,522,50,26100
24-05-2024,Nandini Milk Peda (250g),Sweets,Bengaluru,Apex Dairy Supplies Bengaluru,100,140,14000
24-05-2024,Nandini Cassata Ice Cream (150ml),Frozen,Belagavi,North Karnataka Milk Center Belagavi,179,55,9845
24-05-2024,Nandini Set Curd (400g),Fresh Dairy,Davanagere,Central Karnataka Traders Davanagere,236,40,9440
24-05-2024,Nandini Fresh Paneer (200g),Fresh Dairy,Belagavi,North Karnataka Milk Center Belagavi,182,95,17290
24-05-2024,Nandini Cassata Ice Cream (150ml),Frozen,Hubballi,Kittur Distributors Hubballi,67,55,3685
24-05-2024,Nandini Curd (500g),Fresh Dairy,Bengaluru,Apex Dairy Supplies Bengaluru,591,26,15366
25-05-2024,Nandini Unsalted Butter (500g),Ghee & Butter,Mysuru,Chamundi Agencies Mysuru,66,280,18480
25-05-2024,Nandini Kulfi (50ml),Frozen,Mangaluru,Coastal Cool Logistics Mangaluru,307,25,7675
25-05-2024,Nandini Curd (500g),Fresh Dairy,Bengaluru,Apex Dairy Supplies Bengaluru,696,26,18096
25-05-2024,Nandini Fresh Paneer (200g),Fresh Dairy,Hubballi,Kittur Distributors Hubballi,213,95,20235
25-05-2024,Nandini Milk Peda (250g),Sweets,Bengaluru,Apex Dairy Supplies Bengaluru,171,140,23940
25-05-2024,Nandini Sweet Lassi (200ml),Beverages,Bengaluru,Apex Dairy Supplies Bengaluru,770,20,15400
25-05-2024,Nandini Homogenised Cow Milk (1L),Milk,Bengaluru,Apex Dairy Supplies Bengaluru,691,46,31786
25-05-2024,Nandini Shubham Milk (1L),Milk,Mangaluru,Coastal Cool Logistics Mangaluru,154,50,7700
25-05-2024,Nandini Kulfi (50ml),Frozen,Bengaluru,Apex Dairy Supplies Bengaluru,141,25,3525
25-05-2024,Nandini Kulfi (50ml),Frozen,Mysuru,Chamundi Agencies Mysuru,272,25,6800
25-05-2024,Nandini Samrudhi Milk (1L),Milk,Bengaluru,Apex Dairy Supplies Bengaluru,133,54,7182
26-05-2024,Nandini Special Milk (1L),Milk,Mangaluru,Coastal Cool Logistics Mangaluru,445,48,21360
26-05-2024,Nandini Milk Peda (250g),Sweets,Hubballi,Kittur Distributors Hubballi,166,140,23240
26-05-2024,Nandini Salted Butter (500g),Ghee & Butter,Davanagere,Central Karnataka Traders Davanagere,27,275,7425
26-05-2024,Nandini Samrudhi Milk (1L),Milk,Mysuru,Chamundi Agencies Mysuru,141,54,7614
26-05-2024,Nandini Special Milk (1L),Milk,Mysuru,Chamundi Agencies Mysuru,348,48,16704
26-05-2024,Nandini Spiced Buttermilk (200ml),Beverages,Bengaluru,Apex Dairy Supplies Bengaluru,838,12,10056
26-05-2024,Nandini Fresh Paneer (200g),Fresh Dairy,Hubballi,Kittur Distributors Hubballi,213,95,20235
26-05-2024,Nandini Cassata Ice Cream (150ml),Frozen,Mysuru,Chamundi Agencies Mysuru,112,55,6160
27-05-2024,Nandini Pure Ghee (1L),Ghee & Butter,Hubballi,Kittur Distributors Hubballi,38,610,23180
27-05-2024,Nandini Flavoured Milk Badam (200ml),Beverages,Bengaluru,Apex Dairy Supplies Bengaluru,191,35,6685
27-05-2024,Nandini Unsalted Butter (500g),Ghee & Butter,Shivamogga,Malnad Dairy Network Shivamogga,68,280,19040
27-05-2024,Nandini Pure Ghee (500ml),Ghee & Butter,Belagavi,North Karnataka Milk Center Belagavi,51,315,16065
27-05-2024,Nandini Set Curd (400g),Fresh Dairy,Belagavi,North Karnataka Milk Center Belagavi,202,40,8080
27-05-2024,Nandini Unsalted Butter (500g),Ghee & Butter,Mysuru,Chamundi Agencies Mysuru,56,280,15680
27-05-2024,Nandini Flavoured Milk Badam (200ml),Beverages,Bengaluru,Apex Dairy Supplies Bengaluru,631,35,22085
28-05-2024,Nandini Curd (500g),Fresh Dairy,Davanagere,Central Karnataka Traders Davanagere,775,26,20150
28-05-2024,Nandini Toned Milk (1L),Milk,Davanagere,Central Karnataka Traders Davanagere,669,42,28098
28-05-2024,Nandini Milk Peda (250g),Sweets,Mysuru,Chamundi Agencies Mysuru,114,140,15960
28-05-2024,Nandini Flavoured Milk Badam (200ml),Beverages,Bengaluru,Apex Dairy Supplies Bengaluru,427,35,14945
28-05-2024,Nandini Samrudhi Milk (1L),Milk,Mangaluru,Coastal Cool Logistics Mangaluru,259,54,13986
28-05-2024,Nandini Milk Peda (250g),Sweets,Bengaluru,Apex Dairy Supplies Bengaluru,136,140,19040
28-05-2024,Nandini Kulfi (50ml),Frozen,Ballari,Tungabhadra Dairy Logistics Ballari,408,25,10200
28-05-2024,Nandini Special Milk (1L),Milk,Bengaluru,Apex Dairy Supplies Bengaluru,524,48,25152
28-05-2024,Nandini Set Curd (400g),Fresh Dairy,Tumakuru,Siddaganga Milk Express Tumakuru,201,40,8040
28-05-2024,Nandini Special Milk (1L),Milk,Mysuru,Chamundi Agencies Mysuru,466,48,22368
28-05-2024,Nandini Special Milk (1L),Milk,Bengaluru,Apex Dairy Supplies Bengaluru,485,48,23280
28-05-2024,Nandini Kulfi (50ml),Frozen,Bengaluru,Apex Dairy Supplies Bengaluru,186,25,4650
28-05-2024,Nandini Curd (500g),Fresh Dairy,Hubballi,Kittur Distributors Hubballi,534,26,13884
28-05-2024,Nandini Spiced Buttermilk (200ml),Beverages,Shivamogga,Malnad Dairy Network Shivamogga,935,12,11220
28-05-2024,Nandini Fresh Paneer (200g),Fresh Dairy,Bengaluru,Apex Dairy Supplies Bengaluru,210,95,19950
29-05-2024,Nandini Sweet Lassi (200ml),Beverages,Bengaluru,Apex Dairy Supplies Bengaluru,664,20,13280
29-05-2024,Nandini Mysore Pak (250g),Sweets,Belagavi,North Karnataka Milk Center Belagavi,104,160,16640
29-05-2024,Nandini Flavoured Milk Badam (200ml),Beverages,Bengaluru,Apex Dairy Supplies Bengaluru,360,35,12600
29-05-2024,Nandini Mysore Pak (250g),Sweets,Tumakuru,Siddaganga Milk Express Tumakuru,39,160,6240
29-05-2024,Nandini Pure Ghee (1L),Ghee & Butter,Mysuru,Chamundi Agencies Mysuru,36,610,21960
29-05-2024,Nandini Pure Ghee (500ml),Ghee & Butter,Mangaluru,Coastal Cool Logistics Mangaluru,43,315,13545
29-05-2024,Nandini Set Curd (400g),Fresh Dairy,Davanagere,Central Karnataka Traders Davanagere,176,40,7040
30-05-2024,Nandini Cassata Ice Cream (150ml),Frozen,Mysuru,Chamundi Agencies Mysuru,176,55,9680
30-05-2024,Nandini Special Milk (1L),Milk,Bengaluru,Apex Dairy Supplies Bengaluru,469,48,22512
30-05-2024,Nandini Special Milk (1L),Milk,Mysuru,Chamundi Agencies Mysuru,342,48,16416
30-05-2024,Nandini Shubham Milk (1L),Milk,Bengaluru,Apex Dairy Supplies Bengaluru,331,50,16550
30-05-2024,Nandini Gulab Jamun (1kg),Sweets,Bengaluru,Apex Dairy Supplies Bengaluru,25,260,6500
30-05-2024,Nandini Homogenised Cow Milk (1L),Milk,Bengaluru,Apex Dairy Supplies Bengaluru,826,46,37996
30-05-2024,Nandini Mysore Pak (250g),Sweets,Mangaluru,Coastal Cool Logistics Mangaluru,86,160,13760
30-05-2024,Nandini Pure Ghee (500ml),Ghee & Butter,Kalaburagi,Kalyana Karnataka Foods Kalaburagi,60,315,18900
30-05-2024,Nandini Gulab Jamun (1kg),Sweets,Mysuru,Chamundi Agencies Mysuru,83,260,21580
30-05-2024,Nandini Curd (500g),Fresh Dairy,Bengaluru,Apex Dairy Supplies Bengaluru,1015,26,26390
30-05-2024,Nandini Flavoured Milk Badam (200ml),Beverages,Shivamogga,Malnad Dairy Network Shivamogga,212,35,7420
30-05-2024,Nandini Spiced Buttermilk (200ml),Beverages,Mangaluru,Coastal Cool Logistics Mangaluru,1397,12,16764
31-05-2024,Nandini Sweet Lassi (200ml),Beverages,Tumakuru,Siddaganga Milk Express Tumakuru,242,20,4840
31-05-2024,Nandini Shubham Milk (1L),Milk,Kalaburagi,Kalyana Karnataka Foods Kalaburagi,477,50,23850
31-05-2024,Nandini Set Curd (400g),Fresh Dairy,Mangaluru,Coastal Cool Logistics Mangaluru,292,40,11680
31-05-2024,Nandini Cassata Ice Cream (150ml),Frozen,Hubballi,Kittur Distributors Hubballi,242,55,13310
31-05-2024,Nandini Toned Milk (1L),Milk,Belagavi,North Karnataka Milk Center Belagavi,898,42,37716
01-06-2024,Nandini Sweet Lassi (200ml),Beverages,Bengaluru,Apex Dairy Supplies Bengaluru,408,20,8160
01-06-2024,Nandini Samrudhi Milk (1L),Milk,Mysuru,Chamundi Agencies Mysuru,143,54,7722
01-06-2024,Nandini Special Milk (1L),Milk,Bengaluru,Apex Dairy Supplies Bengaluru,254,48,12192
01-06-2024,Nandini Salted Butter (500g),Ghee & Butter,Mysuru,Chamundi Agencies Mysuru,70,275,19250
01-06-2024,Nandini Toned Milk (1L),Milk,Hubballi,Kittur Distributors Hubballi,750,42,31500
01-06-2024,Nandini Toned Milk (1L),Milk,Bengaluru,Apex Dairy Supplies Bengaluru,1002,42,42084
01-06-2024,Nandini Pure Ghee (1L),Ghee & Butter,Bengaluru,Apex Dairy Supplies Bengaluru,107,610,65270
01-06-2024,Nandini Unsalted Butter (500g),Ghee & Butter,Mangaluru,Coastal Cool Logistics Mangaluru,79,280,22120
01-06-2024,Nandini Homogenised Cow Milk (1L),Milk,Mysuru,Chamundi Agencies Mysuru,589,46,27094
02-06-2024,Nandini Milk Peda (250g),Sweets,Hubballi,Kittur Distributors Hubballi,130,140,18200
02-06-2024,Nandini Set Curd (400g),Fresh Dairy,Bengaluru,Apex Dairy Supplies Bengaluru,219,40,8760
02-06-2024,Nandini Fresh Paneer (200g),Fresh Dairy,Bengaluru,Apex Dairy Supplies Bengaluru,272,95,25840
02-06-2024,Nandini Kulfi (50ml),Frozen,Bengaluru,Apex Dairy Supplies Bengaluru,102,25,2550
02-06-2024,Nandini Salted Butter (500g),Ghee & Butter,Bengaluru,Apex Dairy Supplies Bengaluru,73,275,20075
02-06-2024,Nandini Fresh Paneer (200g),Fresh Dairy,Tumakuru,Siddaganga Milk Express Tumakuru,167,95,15865
02-06-2024,Nandini Mysore Pak (250g),Sweets,Ballari,Tungabhadra Dairy Logistics Ballari,53,160,8480
02-06-2024,Nandini Samrudhi Milk (1L),Milk,Bengaluru,Apex Dairy Supplies Bengaluru,219,54,11826
02-06-2024,Nandini Curd (500g),Fresh Dairy,Mysuru,Chamundi Agencies Mysuru,260,26,6760
02-06-2024,Nandini Milk Peda (250g),Sweets,Bengaluru,Apex Dairy Supplies Bengaluru,123,140,17220
02-06-2024,Nandini Curd (500g),Fresh Dairy,Mysuru,Chamundi Agencies Mysuru,383,26,9958
02-06-2024,Nandini Kulfi (50ml),Frozen,Hubballi,Kittur Distributors Hubballi,188,25,4700
02-06-2024,Nandini Gulab Jamun (1kg),Sweets,Bengaluru,Apex Dairy Supplies Bengaluru,53,260,13780
03-06-2024,Nandini Toned Milk (1L),Milk,Bengaluru,Apex Dairy Supplies Bengaluru,984,42,41328
03-06-2024,Nandini Sweet Lassi (200ml),Beverages,Mysuru,Chamundi Agencies Mysuru,467,20,9340
03-06-2024,Nandini Set Curd (400g),Fresh Dairy,Bengaluru,Apex Dairy Supplies Bengaluru,174,40,6960
03-06-2024,Nandini Pure Ghee (1L),Ghee & Butter,Tumakuru,Siddaganga Milk Express Tumakuru,37,610,22570
03-06-2024,Nandini Samrudhi Milk (1L),Milk,Bengaluru,Apex Dairy Supplies Bengaluru,131,54,7074
03-06-2024,Nandini Salted Butter (500g),Ghee & Butter,Hubballi,Kittur Distributors Hubballi,30,275,8250
03-06-2024,Nandini Mysore Pak (250g),Sweets,Belagavi,North Karnataka Milk Center Belagavi,46,160,7360
03-06-2024,Nandini Kulfi (50ml),Frozen,Belagavi,North Karnataka Milk Center Belagavi,174,25,4350
04-06-2024,Nandini Spiced Buttermilk (200ml),Beverages,Mysuru,Chamundi Agencies Mysuru,530,12,6360
04-06-2024,Nandini Sweet Lassi (200ml),Beverages,Belagavi,North Karnataka Milk Center Belagavi,335,20,6700
04-06-2024,Nandini Unsalted Butter (500g),Ghee & Butter,Mysuru,Chamundi Agencies Mysuru,47,280,13160
04-06-2024,Nandini Flavoured Milk Badam (200ml),Beverages,Belagavi,North Karnataka Milk Center Belagavi,149,35,5215
04-06-2024,Nandini Toned Milk (1L),Milk,Bengaluru,Apex Dairy Supplies Bengaluru,661,42,27762
04-06-2024,Nandini Set Curd (400g),Fresh Dairy,Kalaburagi,Kalyana Karnataka Foods Kalaburagi,98,40,3920
04-06-2024,Nandini Sweet Lassi (200ml),Beverages,Davanagere,Central Karnataka Traders Davanagere,302,20,6040
04-06-2024,Nandini Flavoured Milk Badam (200ml),Beverages,Kalaburagi,Kalyana Karnataka Foods Kalaburagi,198,35,6930
04-06-2024,Nandini Flavoured Milk Badam (200ml),Beverages,Bengaluru,Apex Dairy Supplies Bengaluru,238,35,8330
05-06-2024,Nandini Shubham Milk (1L),Milk,Bengaluru,Apex Dairy Supplies Bengaluru,263,50,13150
05-06-2024,Nandini Spiced Buttermilk (200ml),Beverages,Mangaluru,Coastal Cool Logistics Mangaluru,765,12,9180
05-06-2024,Nandini Samrudhi Milk (1L),Milk,Mangaluru,Coastal Cool Logistics Mangaluru,243,54,13122
05-06-2024,Nandini Pure Ghee (1L),Ghee & Butter,Bengaluru,Apex Dairy Supplies Bengaluru,89,610,54290
05-06-2024,Nandini Spiced Buttermilk (200ml),Beverages,Bengaluru,Apex Dairy Supplies Bengaluru,763,12,9156
05-06-2024,Nandini Fresh Paneer (200g),Fresh Dairy,Davanagere,Central Karnataka Traders Davanagere,89,95,8455
05-06-2024,Nandini Kulfi (50ml),Frozen,Bengaluru,Apex Dairy Supplies Bengaluru,248,25,6200
05-06-2024,Nandini Pure Ghee (500ml),Ghee & Butter,Bengaluru,Apex Dairy Supplies Bengaluru,84,315,26460
05-06-2024,Nandini Gulab Jamun (1kg),Sweets,Bengaluru,Apex Dairy Supplies Bengaluru,37,260,9620
06-06-2024,Nandini Homogenised Cow Milk (1L),Milk,Bengaluru,Apex Dairy Supplies Bengaluru,596,46,27416
06-06-2024,Nandini Special Milk (1L),Milk,Mysuru,Chamundi Agencies Mysuru,441,48,21168
06-06-2024,Nandini Toned Milk (1L),Milk,Kalaburagi,Kalyana Karnataka Foods Kalaburagi,801,42,33642
06-06-2024,Nandini Milk Peda (250g),Sweets,Bengaluru,Apex Dairy Supplies Bengaluru,90,140,12600
06-06-2024,Nandini Mysore Pak (250g),Sweets,Belagavi,North Karnataka Milk Center Belagavi,87,160,13920
06-06-2024,Nandini Unsalted Butter (500g),Ghee & Butter,Bengaluru,Apex Dairy Supplies Bengaluru,76,280,21280
06-06-2024,Nandini Flavoured Milk Badam (200ml),Beverages,Mangaluru,Coastal Cool Logistics Mangaluru,236,35,8260
06-06-2024,Nandini Special Milk (1L),Milk,Ballari,Tungabhadra Dairy Logistics Ballari,489,48,23472
06-06-2024,Nandini Unsalted Butter (500g),Ghee & Butter,Mysuru,Chamundi Agencies Mysuru,18,280,5040
06-06-2024,Nandini Samrudhi Milk (1L),Milk,Bengaluru,Apex Dairy Supplies Bengaluru,140,54,7560
06-06-2024,Nandini Curd (500g),Fresh Dairy,Bengaluru,Apex Dairy Supplies Bengaluru,599,26,15574
06-06-2024,Nandini Fresh Paneer (200g),Fresh Dairy,Kalaburagi,Kalyana Karnataka Foods Kalaburagi,88,95,8360
06-06-2024,Nandini Set Curd (400g),Fresh Dairy,Bengaluru,Apex Dairy Supplies Bengaluru,159,40,6360
06-06-2024,Nandini Pure Ghee (500ml),Ghee & Butter,Mysuru,Chamundi Agencies Mysuru,161,315,50715
07-06-2024,Nandini Set Curd (400g),Fresh Dairy,Belagavi,North Karnataka Milk Center Belagavi,155,40,6200
07-06-2024,Nandini Samrudhi Milk (1L),Milk,Belagavi,North Karnataka Milk Center Belagavi,116,54,6264
07-06-2024,Nandini Pure Ghee (1L),Ghee & Butter,Mangaluru,Coastal Cool Logistics Mangaluru,36,610,21960
07-06-2024,Nandini Sweet Lassi (200ml),Beverages,Bengaluru,Apex Dairy Supplies Bengaluru,369,20,7380
07-06-2024,Nandini Samrudhi Milk (1L),Milk,Kalaburagi,Kalyana Karnataka Foods Kalaburagi,160,54,8640
07-06-2024,Nandini Samrudhi Milk (1L),Milk,Bengaluru,Apex Dairy Supplies Bengaluru,248,54,13392
07-06-2024,Nandini Shubham Milk (1L),Milk,Hubballi,Kittur Distributors Hubballi,185,50,9250
08-06-2024,Nandini Toned Milk (1L),Milk,Bengaluru,Apex Dairy Supplies Bengaluru,955,42,40110
08-06-2024,Nandini Fresh Paneer (200g),Fresh Dairy,Bengaluru,Apex Dairy Supplies Bengaluru,384,95,36480
08-06-2024,Nandini Unsalted Butter (500g),Ghee & Butter,Mangaluru,Coastal Cool Logistics Mangaluru,41,280,11480
08-06-2024,Nandini Salted Butter (500g),Ghee & Butter,Bengaluru,Apex Dairy Supplies Bengaluru,85,275,23375
08-06-2024,Nandini Homogenised Cow Milk (1L),Milk,Mysuru,Chamundi Agencies Mysuru,640,46,29440
08-06-2024,Nandini Samrudhi Milk (1L),Milk,Belagavi,North Karnataka Milk Center Belagavi,97,54,5238
09-06-2024,Nandini Kulfi (50ml),Frozen,Bengaluru,Apex Dairy Supplies Bengaluru,247,25,6175
09-06-2024,Nandini Pure Ghee (500ml),Ghee & Butter,Bengaluru,Apex Dairy Supplies Bengaluru,67,315,21105
09-06-2024,Nandini Shubham Milk (1L),Milk,Mangaluru,Coastal Cool Logistics Mangaluru,272,50,13600
09-06-2024,Nandini Pure Ghee (500ml),Ghee & Butter,Bengaluru,Apex Dairy Supplies Bengaluru,113,315,35595
09-06-2024,Nandini Sweet Lassi (200ml),Beverages,Bengaluru,Apex Dairy Supplies Bengaluru,298,20,5960
09-06-2024,Nandini Gulab Jamun (1kg),Sweets,Mysuru,Chamundi Agencies Mysuru,63,260,16380
09-06-2024,Nandini Gulab Jamun (1kg),Sweets,Mangaluru,Coastal Cool Logistics Mangaluru,83,260,21580
09-06-2024,Nandini Shubham Milk (1L),Milk,Bengaluru,Apex Dairy Supplies Bengaluru,283,50,14150
09-06-2024,Nandini Kulfi (50ml),Frozen,Bengaluru,Apex Dairy Supplies Bengaluru,314,25,7850
09-06-2024,Nandini Special Milk (1L),Milk,Davanagere,Central Karnataka Traders Davanagere,226,48,10848
09-06-2024,Nandini Samrudhi Milk (1L),Milk,Bengaluru,Apex Dairy Supplies Bengaluru,334,54,18036
09-06-2024,Nandini Special Milk (1L),Milk,Kalaburagi,Kalyana Karnataka Foods Kalaburagi,185,48,8880
09-06-2024,Nandini Pure Ghee (500ml),Ghee & Butter,Mangaluru,Coastal Cool Logistics Mangaluru,138,315,43470
09-06-2024,Nandini Homogenised Cow Milk (1L),Milk,Mysuru,Chamundi Agencies Mysuru,514,46,23644
09-06-2024,Nandini Sweet Lassi (200ml),Beverages,Belagavi,North Karnataka Milk Center Belagavi,377,20,7540
10-06-2024,Nandini Special Milk (1L),Milk,Mysuru,Chamundi Agencies Mysuru,325,48,15600
10-06-2024,Nandini Fresh Paneer (200g),Fresh Dairy,Shivamogga,Malnad Dairy Network Shivamogga,232,95,22040
10-06-2024,Nandini Gulab Jamun (1kg),Sweets,Bengaluru,Apex Dairy Supplies Bengaluru,98,260,25480
10-06-2024,Nandini Special Milk (1L),Milk,Bengaluru,Apex Dairy Supplies Bengaluru,482,48,23136
10-06-2024,Nandini Fresh Paneer (200g),Fresh Dairy,Bengaluru,Apex Dairy Supplies Bengaluru,318,95,30210
10-06-2024,Nandini Cassata Ice Cream (150ml),Frozen,Kalaburagi,Kalyana Karnataka Foods Kalaburagi,54,55,2970
10-06-2024,Nandini Shubham Milk (1L),Milk,Bengaluru,Apex Dairy Supplies Bengaluru,182,50,9100
10-06-2024,Nandini Pure Ghee (1L),Ghee & Butter,Mysuru,Chamundi Agencies Mysuru,86,610,52460
10-06-2024,Nandini Fresh Paneer (200g),Fresh Dairy,Bengaluru,Apex Dairy Supplies Bengaluru,244,95,23180
11-06-2024,Nandini Pure Ghee (500ml),Ghee & Butter,Belagavi,North Karnataka Milk Center Belagavi,90,315,28350
11-06-2024,Nandini Kulfi (50ml),Frozen,Bengaluru,Apex Dairy Supplies Bengaluru,253,25,6325
11-06-2024,Nandini Spiced Buttermilk (200ml),Beverages,Mangaluru,Coastal Cool Logistics Mangaluru,779,12,9348
11-06-2024,Nandini Samrudhi Milk (1L),Milk,Kalaburagi,Kalyana Karnataka Foods Kalaburagi,114,54,6156
11-06-2024,Nandini Kulfi (50ml),Frozen,Bengaluru,Apex Dairy Supplies Bengaluru,306,25,7650
11-06-2024,Nandini Samrudhi Milk (1L),Milk,Tumakuru,Siddaganga Milk Express Tumakuru,185,54,9990
11-06-2024,Nandini Cassata Ice Cream (150ml),Frozen,Bengaluru,Apex Dairy Supplies Bengaluru,155,55,8525
11-06-2024,Nandini Salted Butter (500g),Ghee & Butter,Bengaluru,Apex Dairy Supplies Bengaluru,76,275,20900
11-06-2024,Nandini Samrudhi Milk (1L),Milk,Mysuru,Chamundi Agencies Mysuru,250,54,13500
12-06-2024,Nandini Pure Ghee (1L),Ghee & Butter,Belagavi,North Karnataka Milk Center Belagavi,72,610,43920
12-06-2024,Nandini Special Milk (1L),Milk,Shivamogga,Malnad Dairy Network Shivamogga,222,48,10656
12-06-2024,Nandini Salted Butter (500g),Ghee & Butter,Davanagere,Central Karnataka Traders Davanagere,73,275,20075
12-06-2024,Nandini Shubham Milk (1L),Milk,Belagavi,North Karnataka Milk Center Belagavi,243,50,12150
12-06-2024,Nandini Shubham Milk (1L),Milk,Bengaluru,Apex Dairy Supplies Bengaluru,362,50,18100
12-06-2024,Nandini Flavoured Milk Badam (200ml),Beverages,Mangaluru,Coastal Cool Logistics Mangaluru,128,35,4480
12-06-2024,Nandini Homogenised Cow Milk (1L),Milk,Bengaluru,Apex Dairy Supplies Bengaluru,880,46,40480
12-06-2024,Nandini Milk Peda (250g),Sweets,Mangaluru,Coastal Cool Logistics Mangaluru,45,140,6300
12-06-2024,Nandini Milk Peda (250g),Sweets,Bengaluru,Apex Dairy Supplies Bengaluru,108,140,15120
13-06-2024,Nandini Set Curd (400g),Fresh Dairy,Davanagere,Central Karnataka Traders Davanagere,157,40,6280
13-06-2024,Nandini Flavoured Milk Badam (200ml),Beverages,Bengaluru,Apex Dairy Supplies Bengaluru,208,35,7280
13-06-2024,Nandini Milk Peda (250g),Sweets,Belagavi,North Karnataka Milk Center Belagavi,60,140,8400
13-06-2024,Nandini Pure Ghee (500ml),Ghee & Butter,Mysuru,Chamundi Agencies Mysuru,102,315,32130
13-06-2024,Nandini Homogenised Cow Milk (1L),Milk,Bengaluru,Apex Dairy Supplies Bengaluru,734,46,33764
13-06-2024,Nandini Gulab Jamun (1kg),Sweets,Belagavi,North Karnataka Milk Center Belagavi,72,260,18720
13-06-2024,Nandini Spiced Buttermilk (200ml),Beverages,Bengaluru,Apex Dairy Supplies Bengaluru,1042,12,12504
13-06-2024,Nandini Kulfi (50ml),Frozen,Bengaluru,Apex Dairy Supplies Bengaluru,129,25,3225
13-06-2024,Nandini Mysore Pak (250g),Sweets,Belagavi,North Karnataka Milk Center Belagavi,56,160,8960
13-06-2024,Nandini Milk Peda (250g),Sweets,Mysuru,Chamundi Agencies Mysuru,159,140,22260
13-06-2024,Nandini Cassata Ice Cream (150ml),Frozen,Mangaluru,Coastal Cool Logistics Mangaluru,87,55,4785
13-06-2024,Nandini Unsalted Butter (500g),Ghee & Butter,Mysuru,Chamundi Agencies Mysuru,73,280,20440
14-06-2024,Nandini Special Milk (1L),Milk,Davanagere,Central Karnataka Traders Davanagere,354,48,16992
14-06-2024,Nandini Sweet Lassi (200ml),Beverages,Tumakuru,Siddaganga Milk Express Tumakuru,310,20,6200
14-06-2024,Nandini Shubham Milk (1L),Milk,Belagavi,North Karnataka Milk Center Belagavi,289,50,14450
14-06-2024,Nandini Sweet Lassi (200ml),Beverages,Davanagere,Central Karnataka Traders Davanagere,308,20,6160
14-06-2024,Nandini Salted Butter (500g),Ghee & Butter,Mysuru,Chamundi Agencies Mysuru,71,275,19525
14-06-2024,Nandini Pure Ghee (500ml),Ghee & Butter,Bengaluru,Apex Dairy Supplies Bengaluru,165,315,51975
14-06-2024,Nandini Special Milk (1L),Milk,Bengaluru,Apex Dairy Supplies Bengaluru,282,48,13536
14-06-2024,Nandini Pure Ghee (1L),Ghee & Butter,Hubballi,Kittur Distributors Hubballi,94,610,57340
14-06-2024,Nandini Pure Ghee (1L),Ghee & Butter,Mangaluru,Coastal Cool Logistics Mangaluru,22,610,13420
15-06-2024,Nandini Sweet Lassi (200ml),Beverages,Kalaburagi,Kalyana Karnataka Foods Kalaburagi,299,20,5980
15-06-2024,Nandini Curd (500g),Fresh Dairy,Kalaburagi,Kalyana Karnataka Foods Kalaburagi,443,26,11518
15-06-2024,Nandini Set Curd (400g),Fresh Dairy,Bengaluru,Apex Dairy Supplies Bengaluru,228,40,9120
15-06-2024,Nandini Kulfi (50ml),Frozen,Ballari,Tungabhadra Dairy Logistics Ballari,104,25,2600
15-06-2024,Nandini Curd (500g),Fresh Dairy,Mysuru,Chamundi Agencies Mysuru,329,26,8554
15-06-2024,Nandini Set Curd (400g),Fresh Dairy,Mangaluru,Coastal Cool Logistics Mangaluru,185,40,7400
15-06-2024,Nandini Gulab Jamun (1kg),Sweets,Bengaluru,Apex Dairy Supplies Bengaluru,59,260,15340
15-06-2024,Nandini Toned Milk (1L),Milk,Tumakuru,Siddaganga Milk Express Tumakuru,648,42,27216
15-06-2024,Nandini Curd (500g),Fresh Dairy,Hubballi,Kittur Distributors Hubballi,473,26,12298
15-06-2024,Nandini Salted Butter (500g),Ghee & Butter,Tumakuru,Siddaganga Milk Express Tumakuru,44,275,12100
16-06-2024,Nandini Set Curd (400g),Fresh Dairy,Shivamogga,Malnad Dairy Network Shivamogga,69,40,2760
16-06-2024,Nandini Shubham Milk (1L),Milk,Bengaluru,Apex Dairy Supplies Bengaluru,280,50,14000
16-06-2024,Nandini Set Curd (400g),Fresh Dairy,Mysuru,Chamundi Agencies Mysuru,102,40,4080
16-06-2024,Nandini Toned Milk (1L),Milk,Mysuru,Chamundi Agencies Mysuru,437,42,18354
16-06-2024,Nandini Unsalted Butter (500g),Ghee & Butter,Mangaluru,Coastal Cool Logistics Mangaluru,69,280,19320
16-06-2024,Nandini Fresh Paneer (200g),Fresh Dairy,Bengaluru,Apex Dairy Supplies Bengaluru,359,95,34105
16-06-2024,Nandini Set Curd (400g),Fresh Dairy,Hubballi,Kittur Distributors Hubballi,59,40,2360
16-06-2024,Nandini Flavoured Milk Badam (200ml),Beverages,Bengaluru,Apex Dairy Supplies Bengaluru,206,35,7210
17-06-2024,Nandini Salted Butter (500g),Ghee & Butter,Mangaluru,Coastal Cool Logistics Mangaluru,72,275,19800
17-06-2024,Nandini Kulfi (50ml),Frozen,Bengaluru,Apex Dairy Supplies Bengaluru,98,25,2450
17-06-2024,Nandini Cassata Ice Cream (150ml),Frozen,Ballari,Tungabhadra Dairy Logistics Ballari,102,55,5610
17-06-2024,Nandini Flavoured Milk Badam (200ml),Beverages,Bengaluru,Apex Dairy Supplies Bengaluru,325,35,11375
17-06-2024,Nandini Homogenised Cow Milk (1L),Milk,Shivamogga,Malnad Dairy Network Shivamogga,396,46,18216
18-06-2024,Nandini Shubham Milk (1L),Milk,Mangaluru,Coastal Cool Logistics Mangaluru,205,50,10250
18-06-2024,Nandini Unsalted Butter (500g),Ghee & Butter,Hubballi,Kittur Distributors Hubballi,47,280,13160
18-06-2024,Nandini Cassata Ice Cream (150ml),Frozen,Hubballi,Kittur Distributors Hubballi,116,55,6380
18-06-2024,Nandini Samrudhi Milk (1L),Milk,Mysuru,Chamundi Agencies Mysuru,112,54,6048
18-06-2024,Nandini Set Curd (400g),Fresh Dairy,Bengaluru,Apex Dairy Supplies Bengaluru,107,40,4280
18-06-2024,Nandini Pure Ghee (1L),Ghee & Butter,Kalaburagi,Kalyana Karnataka Foods Kalaburagi,26,610,15860
18-06-2024,Nandini Sweet Lassi (200ml),Beverages,Mangaluru,Coastal Cool Logistics Mangaluru,362,20,7240
18-06-2024,Nandini Pure Ghee (500ml),Ghee & Butter,Kalaburagi,Kalyana Karnataka Foods Kalaburagi,62,315,19530
18-06-2024,Nandini Set Curd (400g),Fresh Dairy,Mysuru,Chamundi Agencies Mysuru,74,40,2960
18-06-2024,Nandini Cassata Ice Cream (150ml),Frozen,Bengaluru,Apex Dairy Supplies Bengaluru,133,55,7315
18-06-2024,Nandini Curd (500g),Fresh Dairy,Davanagere,Central Karnataka Traders Davanagere,369,26,9594
18-06-2024,Nandini Kulfi (50ml),Frozen,Bengaluru,Apex Dairy Supplies Bengaluru,198,25,4950
19-06-2024,Nandini Salted Butter (500g),Ghee & Butter,Belagavi,North Karnataka Milk Center Belagavi,106,275,29150
19-06-2024,Nandini Toned Milk (1L),Milk,Bengaluru,Apex Dairy Supplies Bengaluru,695,42,29190
19-06-2024,Nandini Curd (500g),Fresh Dairy,Mysuru,Chamundi Agencies Mysuru,251,26,6526
19-06-2024,Nandini Salted Butter (500g),Ghee & Butter,Bengaluru,Apex Dairy Supplies Bengaluru,98,275,26950
19-06-2024,Nandini Mysore Pak (250g),Sweets,Bengaluru,Apex Dairy Supplies Bengaluru,77,160,12320
19-06-2024,Nandini Fresh Paneer (200g),Fresh Dairy,Bengaluru,Apex Dairy Supplies Bengaluru,147,95,13965
19-06-2024,Nandini Spiced Buttermilk (200ml),Beverages,Bengaluru,Apex Dairy Supplies Bengaluru,879,12,10548
20-06-2024,Nandini Gulab Jamun (1kg),Sweets,Bengaluru,Apex Dairy Supplies Bengaluru,29,260,7540
20-06-2024,Nandini Cassata Ice Cream (150ml),Frozen,Mysuru,Chamundi Agencies Mysuru,73,55,4015
20-06-2024,Nandini Salted Butter (500g),Ghee & Butter,Mysuru,Chamundi Agencies Mysuru,36,275,9900
20-06-2024,Nandini Kulfi (50ml),Frozen,Bengaluru,Apex Dairy Supplies Bengaluru,107,25,2675
20-06-2024,Nandini Homogenised Cow Milk (1L),Milk,Belagavi,North Karnataka Milk Center Belagavi,524,46,24104
20-06-2024,Nandini Shubham Milk (1L),Milk,Bengaluru,Apex Dairy Supplies Bengaluru,514,50,25700
20-06-2024,Nandini Kulfi (50ml),Frozen,Bengaluru,Apex Dairy Supplies Bengaluru,207,25,5175
20-06-2024,Nandini Kulfi (50ml),Frozen,Bengaluru,Apex Dairy Supplies Bengaluru,111,25,2775
20-06-2024,Nandini Shubham Milk (1L),Milk,Bengaluru,Apex Dairy Supplies Bengaluru,153,50,7650
20-06-2024,Nandini Kulfi (50ml),Frozen,Bengaluru,Apex Dairy Supplies Bengaluru,251,25,6275
21-06-2024,Nandini Flavoured Milk Badam (200ml),Beverages,Bengaluru,Apex Dairy Supplies Bengaluru,202,35,7070
21-06-2024,Nandini Pure Ghee (500ml),Ghee & Butter,Kalaburagi,Kalyana Karnataka Foods Kalaburagi,74,315,23310
21-06-2024,Nandini Gulab Jamun (1kg),Sweets,Bengaluru,Apex Dairy Supplies Bengaluru,45,260,11700
21-06-2024,Nandini Flavoured Milk Badam (200ml),Beverages,Mysuru,Chamundi Agencies Mysuru,140,35,4900
21-06-2024,Nandini Flavoured Milk Badam (200ml),Beverages,Bengaluru,Apex Dairy Supplies Bengaluru,208,35,7280
21-06-2024,Nandini Homogenised Cow Milk (1L),Milk,Mysuru,Chamundi Agencies Mysuru,594,46,27324
21-06-2024,Nandini Toned Milk (1L),Milk,Mysuru,Chamundi Agencies Mysuru,771,42,32382
21-06-2024,Nandini Spiced Buttermilk (200ml),Beverages,Shivamogga,Malnad Dairy Network Shivamogga,537,12,6444
22-06-2024,Nandini Unsalted Butter (500g),Ghee & Butter,Kalaburagi,Kalyana Karnataka Foods Kalaburagi,23,280,6440
22-06-2024,Nandini Pure Ghee (500ml),Ghee & Butter,Kalaburagi,Kalyana Karnataka Foods Kalaburagi,88,315,27720
22-06-2024,Nandini Mysore Pak (250g),Sweets,Ballari,Tungabhadra Dairy Logistics Ballari,142,160,22720
22-06-2024,Nandini Cassata Ice Cream (150ml),Frozen,Kalaburagi,Kalyana Karnataka Foods Kalaburagi,167,55,9185
22-06-2024,Nandini Mysore Pak (250g),Sweets,Shivamogga,Malnad Dairy Network Shivamogga,124,160,19840
22-06-2024,Nandini Homogenised Cow Milk (1L),Milk,Hubballi,Kittur Distributors Hubballi,263,46,12098
22-06-2024,Nandini Kulfi (50ml),Frozen,Tumakuru,Siddaganga Milk Express Tumakuru,217,25,5425
22-06-2024,Nandini Samrudhi Milk (1L),Milk,Hubballi,Kittur Distributors Hubballi,286,54,15444
22-06-2024,Nandini Curd (500g),Fresh Dairy,Mysuru,Chamundi Agencies Mysuru,461,26,11986
23-06-2024,Nandini Milk Peda (250g),Sweets,Shivamogga,Malnad Dairy Network Shivamogga,86,140,12040
23-06-2024,Nandini Mysore Pak (250g),Sweets,Ballari,Tungabhadra Dairy Logistics Ballari,64,160,10240
23-06-2024,Nandini Flavoured Milk Badam (200ml),Beverages,Hubballi,Kittur Distributors Hubballi,247,35,8645
23-06-2024,Nandini Sweet Lassi (200ml),Beverages,Bengaluru,Apex Dairy Supplies Bengaluru,594,20,11880
23-06-2024,Nandini Kulfi (50ml),Frozen,Mysuru,Chamundi Agencies Mysuru,247,25,6175
23-06-2024,Nandini Unsalted Butter (500g),Ghee & Butter,Bengaluru,Apex Dairy Supplies Bengaluru,59,280,16520
23-06-2024,Nandini Curd (500g),Fresh Dairy,Ballari,Tungabhadra Dairy Logistics Ballari,281,26,7306
23-06-2024,Nandini Salted Butter (500g),Ghee & Butter,Mysuru,Chamundi Agencies Mysuru,30,275,8250
23-06-2024,Nandini Flavoured Milk Badam (200ml),Beverages,Kalaburagi,Kalyana Karnataka Foods Kalaburagi,205,35,7175
23-06-2024,Nandini Special Milk (1L),Milk,Bengaluru,Apex Dairy Supplies Bengaluru,481,48,23088
23-06-2024,Nandini Gulab Jamun (1kg),Sweets,Bengaluru,Apex Dairy Supplies Bengaluru,96,260,24960
24-06-2024,Nandini Special Milk (1L),Milk,Tumakuru,Siddaganga Milk Express Tumakuru,453,48,21744
24-06-2024,Nandini Curd (500g),Fresh Dairy,Mangaluru,Coastal Cool Logistics Mangaluru,598,26,15548
24-06-2024,Nandini Homogenised Cow Milk (1L),Milk,Davanagere,Central Karnataka Traders Davanagere,271,46,12466
24-06-2024,Nandini Pure Ghee (500ml),Ghee & Butter,Bengaluru,Apex Dairy Supplies Bengaluru,76,315,23940
24-06-2024,Nandini Set Curd (400g),Fresh Dairy,Belagavi,North Karnataka Milk Center Belagavi,173,40,6920
24-06-2024,Nandini Shubham Milk (1L),Milk,Mangaluru,Coastal Cool Logistics Mangaluru,273,50,13650
24-06-2024,Nandini Set Curd (400g),Fresh Dairy,Hubballi,Kittur Distributors Hubballi,95,40,3800
24-06-2024,Nandini Sweet Lassi (200ml),Beverages,Bengaluru,Apex Dairy Supplies Bengaluru,218,20,4360
24-06-2024,Nandini Fresh Paneer (200g),Fresh Dairy,Belagavi,North Karnataka Milk Center Belagavi,153,95,14535
24-06-2024,Nandini Gulab Jamun (1kg),Sweets,Bengaluru,Apex Dairy Supplies Bengaluru,24,260,6240
24-06-2024,Nandini Shubham Milk (1L),Milk,Kalaburagi,Kalyana Karnataka Foods Kalaburagi,348,50,17400
24-06-2024,Nandini Milk Peda (250g),Sweets,Mangaluru,Coastal Cool Logistics Mangaluru,97,140,13580
24-06-2024,Nandini Pure Ghee (1L),Ghee & Butter,Bengaluru,Apex Dairy Supplies Bengaluru,94,610,57340
24-06-2024,Nandini Unsalted Butter (500g),Ghee & Butter,Bengaluru,Apex Dairy Supplies Bengaluru,83,280,23240
24-06-2024,Nandini Pure Ghee (1L),Ghee & Butter,Bengaluru,Apex Dairy Supplies Bengaluru,116,610,70760
25-06-2024,Nandini Sweet Lassi (200ml),Beverages,Tumakuru,Siddaganga Milk Express Tumakuru,492,20,9840
25-06-2024,Nandini Pure Ghee (500ml),Ghee & Butter,Ballari,Tungabhadra Dairy Logistics Ballari,125,315,39375
25-06-2024,Nandini Spiced Buttermilk (200ml),Beverages,Davanagere,Central Karnataka Traders Davanagere,698,12,8376
25-06-2024,Nandini Kulfi (50ml),Frozen,Tumakuru,Siddaganga Milk Express Tumakuru,72,25,1800
25-06-2024,Nandini Gulab Jamun (1kg),Sweets,Kalaburagi,Kalyana Karnataka Foods Kalaburagi,50,260,13000
25-06-2024,Nandini Milk Peda (250g),Sweets,Bengaluru,Apex Dairy Supplies Bengaluru,172,140,24080
26-06-2024,Nandini Pure Ghee (1L),Ghee & Butter,Hubballi,Kittur Distributors Hubballi,26,610,15860
26-06-2024,Nandini Gulab Jamun (1kg),Sweets,Mangaluru,Coastal Cool Logistics Mangaluru,45,260,11700
26-06-2024,Nandini Fresh Paneer (200g),Fresh Dairy,Bengaluru,Apex Dairy Supplies Bengaluru,109,95,10355
26-06-2024,Nandini Salted Butter (500g),Ghee & Butter,Bengaluru,Apex Dairy Supplies Bengaluru,70,275,19250
26-06-2024,Nandini Curd (500g),Fresh Dairy,Tumakuru,Siddaganga Milk Express Tumakuru,568,26,14768
26-06-2024,Nandini Pure Ghee (500ml),Ghee & Butter,Mangaluru,Coastal Cool Logistics Mangaluru,52,315,16380
26-06-2024,Nandini Set Curd (400g),Fresh Dairy,Mysuru,Chamundi Agencies Mysuru,67,40,2680
26-06-2024,Nandini Pure Ghee (1L),Ghee & Butter,Mangaluru,Coastal Cool Logistics Mangaluru,57,610,34770
26-06-2024,Nandini Pure Ghee (500ml),Ghee & Butter,Belagavi,North Karnataka Milk Center Belagavi,92,315,28980
26-06-2024,Nandini Cassata Ice Cream (150ml),Frozen,Mysuru,Chamundi Agencies Mysuru,146,55,8030
26-06-2024,Nandini Gulab Jamun (1kg),Sweets,Mysuru,Chamundi Agencies Mysuru,74,260,19240
27-06-2024,Nandini Samrudhi Milk (1L),Milk,Bengaluru,Apex Dairy Supplies Bengaluru,214,54,11556
27-06-2024,Nandini Salted Butter (500g),Ghee & Butter,Shivamogga,Malnad Dairy Network Shivamogga,33,275,9075
27-06-2024,Nandini Unsalted Butter (500g),Ghee & Butter,Bengaluru,Apex Dairy Supplies Bengaluru,77,280,21560
27-06-2024,Nandini Pure Ghee (1L),Ghee & Butter,Bengaluru,Apex Dairy Supplies Bengaluru,32,610,19520
27-06-2024,Nandini Milk Peda (250g),Sweets,Bengaluru,Apex Dairy Supplies Bengaluru,167,140,23380
27-06-2024,Nandini Sweet Lassi (200ml),Beverages,Bengaluru,Apex Dairy Supplies Bengaluru,326,20,6520
27-06-2024,Nandini Pure Ghee (500ml),Ghee & Butter,Belagavi,North Karnataka Milk Center Belagavi,46,315,14490
27-06-2024,Nandini Pure Ghee (500ml),Ghee & Butter,Hubballi,Kittur Distributors Hubballi,38,315,11970
27-06-2024,Nandini Cassata Ice Cream (150ml),Frozen,Shivamogga,Malnad Dairy Network Shivamogga,136,55,7480
27-06-2024,Nandini Special Milk (1L),Milk,Davanagere,Central Karnataka Traders Davanagere,401,48,19248
28-06-2024,Nandini Samrudhi Milk (1L),Milk,Bengaluru,Apex Dairy Supplies Bengaluru,300,54,16200
28-06-2024,Nandini Cassata Ice Cream (150ml),Frozen,Davanagere,Central Karnataka Traders Davanagere,125,55,6875
28-06-2024,Nandini Samrudhi Milk (1L),Milk,Belagavi,North Karnataka Milk Center Belagavi,198,54,10692
28-06-2024,Nandini Flavoured Milk Badam (200ml),Beverages,Ballari,Tungabhadra Dairy Logistics Ballari,107,35,3745
28-06-2024,Nandini Shubham Milk (1L),Milk,Bengaluru,Apex Dairy Supplies Bengaluru,166,50,8300
28-06-2024,Nandini Kulfi (50ml),Frozen,Hubballi,Kittur Distributors Hubballi,90,25,2250
28-06-2024,Nandini Cassata Ice Cream (150ml),Frozen,Davanagere,Central Karnataka Traders Davanagere,64,55,3520
28-06-2024,Nandini Unsalted Butter (500g),Ghee & Butter,Bengaluru,Apex Dairy Supplies Bengaluru,34,280,9520
28-06-2024,Nandini Set Curd (400g),Fresh Dairy,Bengaluru,Apex Dairy Supplies Bengaluru,164,40,6560
28-06-2024,Nandini Unsalted Butter (500g),Ghee & Butter,Ballari,Tungabhadra Dairy Logistics Ballari,72,280,20160
29-06-2024,Nandini Sweet Lassi (200ml),Beverages,Mysuru,Chamundi Agencies Mysuru,420,20,8400
29-06-2024,Nandini Pure Ghee (1L),Ghee & Butter,Kalaburagi,Kalyana Karnataka Foods Kalaburagi,83,610,50630
29-06-2024,Nandini Pure Ghee (500ml),Ghee & Butter,Mangaluru,Coastal Cool Logistics Mangaluru,101,315,31815
29-06-2024,Nandini Pure Ghee (500ml),Ghee & Butter,Ballari,Tungabhadra Dairy Logistics Ballari,145,315,45675
29-06-2024,Nandini Salted Butter (500g),Ghee & Butter,Ballari,Tungabhadra Dairy Logistics Ballari,96,275,26400
29-06-2024,Nandini Set Curd (400g),Fresh Dairy,Hubballi,Kittur Distributors Hubballi,100,40,4000
29-06-2024,Nandini Gulab Jamun (1kg),Sweets,Bengaluru,Apex Dairy Supplies Bengaluru,34,260,8840
29-06-2024,Nandini Salted Butter (500g),Ghee & Butter,Bengaluru,Apex Dairy Supplies Bengaluru,37,275,10175
30-06-2024,Nandini Pure Ghee (500ml),Ghee & Butter,Bengaluru,Apex Dairy Supplies Bengaluru,59,315,18585
30-06-2024,Nandini Curd (500g),Fresh Dairy,Bengaluru,Apex Dairy Supplies Bengaluru,477,26,12402
30-06-2024,Nandini Kulfi (50ml),Frozen,Bengaluru,Apex Dairy Supplies Bengaluru,191,25,4775
30-06-2024,Nandini Cassata Ice Cream (150ml),Frozen,Shivamogga,Malnad Dairy Network Shivamogga,143,55,7865
30-06-2024,Nandini Salted Butter (500g),Ghee & Butter,Ballari,Tungabhadra Dairy Logistics Ballari,99,275,27225
30-06-2024,Nandini Special Milk (1L),Milk,Bengaluru,Apex Dairy Supplies Bengaluru,589,48,28272
30-06-2024,Nandini Gulab Jamun (1kg),Sweets,Belagavi,North Karnataka Milk Center Belagavi,41,260,10660
30-06-2024,Nandini Samrudhi Milk (1L),Milk,Mysuru,Chamundi Agencies Mysuru,237,54,12798
30-06-2024,Nandini Salted Butter (500g),Ghee & Butter,Mysuru,Chamundi Agencies Mysuru,85,275,23375
30-06-2024,Nandini Gulab Jamun (1kg),Sweets,Bengaluru,Apex Dairy Supplies Bengaluru,46,260,11960
30-06-2024,Nandini Flavoured Milk Badam (200ml),Beverages,Kalaburagi,Kalyana Karnataka Foods Kalaburagi,198,35,6930
30-06-2024,Nandini Kulfi (50ml),Frozen,Davanagere,Central Karnataka Traders Davanagere,109,25,2725
30-06-2024,Nandini Unsalted Butter (500g),Ghee & Butter,Bengaluru,Apex Dairy Supplies Bengaluru,43,280,12040
01-07-2024,Nandini Homogenised Cow Milk (1L),Milk,Davanagere,Central Karnataka Traders Davanagere,667,46,30682
01-07-2024,Nandini Kulfi (50ml),Frozen,Bengaluru,Apex Dairy Supplies Bengaluru,149,25,3725
01-07-2024,Nandini Homogenised Cow Milk (1L),Milk,Bengaluru,Apex Dairy Supplies Bengaluru,807,46,37122
01-07-2024,Nandini Curd (500g),Fresh Dairy,Mangaluru,Coastal Cool Logistics Mangaluru,534,26,13884
01-07-2024,Nandini Unsalted Butter (500g),Ghee & Butter,Bengaluru,Apex Dairy Supplies Bengaluru,84,280,23520
01-07-2024,Nandini Pure Ghee (500ml),Ghee & Butter,Belagavi,North Karnataka Milk Center Belagavi,102,315,32130
01-07-2024,Nandini Shubham Milk (1L),Milk,Ballari,Tungabhadra Dairy Logistics Ballari,275,50,13750
01-07-2024,Nandini Kulfi (50ml),Frozen,Mysuru,Chamundi Agencies Mysuru,248,25,6200
02-07-2024,Nandini Set Curd (400g),Fresh Dairy,Belagavi,North Karnataka Milk Center Belagavi,134,40,5360
02-07-2024,Nandini Mysore Pak (250g),Sweets,Ballari,Tungabhadra Dairy Logistics Ballari,48,160,7680
02-07-2024,Nandini Set Curd (400g),Fresh Dairy,Belagavi,North Karnataka Milk Center Belagavi,97,40,3880
02-07-2024,Nandini Cassata Ice Cream (150ml),Frozen,Davanagere,Central Karnataka Traders Davanagere,68,55,3740
02-07-2024,Nandini Sweet Lassi (200ml),Beverages,Shivamogga,Malnad Dairy Network Shivamogga,406,20,8120
02-07-2024,Nandini Cassata Ice Cream (150ml),Frozen,Bengaluru,Apex Dairy Supplies Bengaluru,142,55,7810
02-07-2024,Nandini Fresh Paneer (200g),Fresh Dairy,Davanagere,Central Karnataka Traders Davanagere,89,95,8455
03-07-2024,Nandini Milk Peda (250g),Sweets,Bengaluru,Apex Dairy Supplies Bengaluru,140,140,19600
03-07-2024,Nandini Toned Milk (1L),Milk,Bengaluru,Apex Dairy Supplies Bengaluru,970,42,40740
03-07-2024,Nandini Special Milk (1L),Milk,Bengaluru,Apex Dairy Supplies Bengaluru,442,48,21216
03-07-2024,Nandini Spiced Buttermilk (200ml),Beverages,Mangaluru,Coastal Cool Logistics Mangaluru,748,12,8976
03-07-2024,Nandini Cassata Ice Cream (150ml),Frozen,Bengaluru,Apex Dairy Supplies Bengaluru,160,55,8800
03-07-2024,Nandini Flavoured Milk Badam (200ml),Beverages,Bengaluru,Apex Dairy Supplies Bengaluru,261,35,9135
03-07-2024,Nandini Gulab Jamun (1kg),Sweets,Bengaluru,Apex Dairy Supplies Bengaluru,100,260,26000
03-07-2024,Nandini Salted Butter (500g),Ghee & Butter,Mysuru,Chamundi Agencies Mysuru,82,275,22550
03-07-2024,Nandini Pure Ghee (1L),Ghee & Butter,Belagavi,North Karnataka Milk Center Belagavi,86,610,52460
03-07-2024,Nandini Salted Butter (500g),Ghee & Butter,Bengaluru,Apex Dairy Supplies Bengaluru,134,275,36850
03-07-2024,Nandini Milk Peda (250g),Sweets,Mysuru,Chamundi Agencies Mysuru,53,140,7420
03-07-2024,Nandini Special Milk (1L),Milk,Ballari,Tungabhadra Dairy Logistics Ballari,384,48,18432
04-07-2024,Nandini Special Milk (1L),Milk,Hubballi,Kittur Distributors Hubballi,206,48,9888
04-07-2024,Nandini Salted Butter (500g),Ghee & Butter,Bengaluru,Apex Dairy Supplies Bengaluru,149,275,40975
04-07-2024,Nandini Sweet Lassi (200ml),Beverages,Bengaluru,Apex Dairy Supplies Bengaluru,523,20,10460
04-07-2024,Nandini Homogenised Cow Milk (1L),Milk,Mysuru,Chamundi Agencies Mysuru,773,46,35558
04-07-2024,Nandini Samrudhi Milk (1L),Milk,Hubballi,Kittur Distributors Hubballi,108,54,5832
04-07-2024,Nandini Flavoured Milk Badam (200ml),Beverages,Hubballi,Kittur Distributors Hubballi,85,35,2975
04-07-2024,Nandini Flavoured Milk Badam (200ml),Beverages,Bengaluru,Apex Dairy Supplies Bengaluru,390,35,13650
04-07-2024,Nandini Gulab Jamun (1kg),Sweets,Bengaluru,Apex Dairy Supplies Bengaluru,67,260,17420
04-07-2024,Nandini Flavoured Milk Badam (200ml),Beverages,Mangaluru,Coastal Cool Logistics Mangaluru,189,35,6615
05-07-2024,Nandini Sweet Lassi (200ml),Beverages,Bengaluru,Apex Dairy Supplies Bengaluru,508,20,10160
05-07-2024,Nandini Kulfi (50ml),Frozen,Bengaluru,Apex Dairy Supplies Bengaluru,157,25,3925
05-07-2024,Nandini Set Curd (400g),Fresh Dairy,Kalaburagi,Kalyana Karnataka Foods Kalaburagi,165,40,6600
05-07-2024,Nandini Pure Ghee (500ml),Ghee & Butter,Davanagere,Central Karnataka Traders Davanagere,103,315,32445
05-07-2024,Nandini Sweet Lassi (200ml),Beverages,Bengaluru,Apex Dairy Supplies Bengaluru,560,20,11200
05-07-2024,Nandini Milk Peda (250g),Sweets,Bengaluru,Apex Dairy Supplies Bengaluru,123,140,17220
06-07-2024,Nandini Spiced Buttermilk (200ml),Beverages,Hubballi,Kittur Distributors Hubballi,447,12,5364
06-07-2024,Nandini Homogenised Cow Milk (1L),Milk,Bengaluru,Apex Dairy Supplies Bengaluru,691,46,31786
06-07-2024,Nandini Fresh Paneer (200g),Fresh Dairy,Belagavi,North Karnataka Milk Center Belagavi,260,95,24700
06-07-2024,Nandini Unsalted Butter (500g),Ghee & Butter,Bengaluru,Apex Dairy Supplies Bengaluru,39,280,10920
06-07-2024,Nandini Curd (500g),Fresh Dairy,Hubballi,Kittur Distributors Hubballi,593,26,15418
06-07-2024,Nandini Gulab Jamun (1kg),Sweets,Bengaluru,Apex Dairy Supplies Bengaluru,106,260,27560
06-07-2024,Nandini Shubham Milk (1L),Milk,Mysuru,Chamundi Agencies Mysuru,351,50,17550
06-07-2024,Nandini Cassata Ice Cream (150ml),Frozen,Mysuru,Chamundi Agencies Mysuru,111,55,6105
06-07-2024,Nandini Pure Ghee (1L),Ghee & Butter,Davanagere,Central Karnataka Traders Davanagere,76,610,46360
06-07-2024,Nandini Pure Ghee (500ml),Ghee & Butter,Mysuru,Chamundi Agencies Mysuru,104,315,32760
06-07-2024,Nandini Cassata Ice Cream (150ml),Frozen,Bengaluru,Apex Dairy Supplies Bengaluru,243,55,13365
07-07-2024,Nandini Kulfi (50ml),Frozen,Mangaluru,Coastal Cool Logistics Mangaluru,201,25,5025
07-07-2024,Nandini Special Milk (1L),Milk,Davanagere,Central Karnataka Traders Davanagere,385,48,18480
07-07-2024,Nandini Mysore Pak (250g),Sweets,Bengaluru,Apex Dairy Supplies Bengaluru,202,160,32320
07-07-2024,Nandini Mysore Pak (250g),Sweets,Mysuru,Chamundi Agencies Mysuru,128,160,20480
07-07-2024,Nandini Milk Peda (250g),Sweets,Ballari,Tungabhadra Dairy Logistics Ballari,143,140,20020
07-07-2024,Nandini Shubham Milk (1L),Milk,Bengaluru,Apex Dairy Supplies Bengaluru,547,50,27350
07-07-2024,Nandini Special Milk (1L),Milk,Shivamogga,Malnad Dairy Network Shivamogga,206,48,9888
07-07-2024,Nandini Gulab Jamun (1kg),Sweets,Kalaburagi,Kalyana Karnataka Foods Kalaburagi,18,260,4680
07-07-2024,Nandini Set Curd (400g),Fresh Dairy,Belagavi,North Karnataka Milk Center Belagavi,83,40,3320
08-07-2024,Nandini Spiced Buttermilk (200ml),Beverages,Bengaluru,Apex Dairy Supplies Bengaluru,467,12,5604
08-07-2024,Nandini Flavoured Milk Badam (200ml),Beverages,Bengaluru,Apex Dairy Supplies Bengaluru,397,35,13895
08-07-2024,Nandini Fresh Paneer (200g),Fresh Dairy,Bengaluru,Apex Dairy Supplies Bengaluru,91,95,8645
08-07-2024,Nandini Homogenised Cow Milk (1L),Milk,Hubballi,Kittur Distributors Hubballi,510,46,23460
08-07-2024,Nandini Unsalted Butter (500g),Ghee & Butter,Shivamogga,Malnad Dairy Network Shivamogga,17,280,4760
08-07-2024,Nandini Unsalted Butter (500g),Ghee & Butter,Mangaluru,Coastal Cool Logistics Mangaluru,63,280,17640
08-07-2024,Nandini Flavoured Milk Badam (200ml),Beverages,Bengaluru,Apex Dairy Supplies Bengaluru,352,35,12320
08-07-2024,Nandini Flavoured Milk Badam (200ml),Beverages,Bengaluru,Apex Dairy Supplies Bengaluru,386,35,13510
09-07-2024,Nandini Sweet Lassi (200ml),Beverages,Bengaluru,Apex Dairy Supplies Bengaluru,403,20,8060
09-07-2024,Nandini Homogenised Cow Milk (1L),Milk,Mysuru,Chamundi Agencies Mysuru,480,46,22080
09-07-2024,Nandini Set Curd (400g),Fresh Dairy,Belagavi,North Karnataka Milk Center Belagavi,103,40,4120
09-07-2024,Nandini Mysore Pak (250g),Sweets,Bengaluru,Apex Dairy Supplies Bengaluru,119,160,19040
09-07-2024,Nandini Salted Butter (500g),Ghee & Butter,Mangaluru,Coastal Cool Logistics Mangaluru,71,275,19525
09-07-2024,Nandini Milk Peda (250g),Sweets,Bengaluru,Apex Dairy Supplies Bengaluru,117,140,16380
09-07-2024,Nandini Milk Peda (250g),Sweets,Mangaluru,Coastal Cool Logistics Mangaluru,119,140,16660
09-07-2024,Nandini Shubham Milk (1L),Milk,Belagavi,North Karnataka Milk Center Belagavi,352,50,17600
09-07-2024,Nandini Spiced Buttermilk (200ml),Beverages,Mysuru,Chamundi Agencies Mysuru,835,12,10020
10-07-2024,Nandini Gulab Jamun (1kg),Sweets,Belagavi,North Karnataka Milk Center Belagavi,55,260,14300
10-07-2024,Nandini Set Curd (400g),Fresh Dairy,Mysuru,Chamundi Agencies Mysuru,172,40,6880
10-07-2024,Nandini Unsalted Butter (500g),Ghee & Butter,Ballari,Tungabhadra Dairy Logistics Ballari,50,280,14000
10-07-2024,Nandini Milk Peda (250g),Sweets,Mangaluru,Coastal Cool Logistics Mangaluru,78,140,10920
10-07-2024,Nandini Gulab Jamun (1kg),Sweets,Bengaluru,Apex Dairy Supplies Bengaluru,59,260,15340
10-07-2024,Nandini Shubham Milk (1L),Milk,Hubballi,Kittur Distributors Hubballi,258,50,12900
10-07-2024,Nandini Sweet Lassi (200ml),Beverages,Mysuru,Chamundi Agencies Mysuru,568,20,11360
10-07-2024,Nandini Salted Butter (500g),Ghee & Butter,Bengaluru,Apex Dairy Supplies Bengaluru,119,275,32725
10-07-2024,Nandini Milk Peda (250g),Sweets,Belagavi,North Karnataka Milk Center Belagavi,67,140,9380
10-07-2024,Nandini Gulab Jamun (1kg),Sweets,Bengaluru,Apex Dairy Supplies Bengaluru,94,260,24440
10-07-2024,Nandini Sweet Lassi (200ml),Beverages,Mysuru,Chamundi Agencies Mysuru,472,20,9440
10-07-2024,Nandini Toned Milk (1L),Milk,Bengaluru,Apex Dairy Supplies Bengaluru,672,42,28224
10-07-2024,Nandini Fresh Paneer (200g),Fresh Dairy,Hubballi,Kittur Distributors Hubballi,166,95,15770
11-07-2024,Nandini Flavoured Milk Badam (200ml),Beverages,Mysuru,Chamundi Agencies Mysuru,152,35,5320
11-07-2024,Nandini Unsalted Butter (500g),Ghee & Butter,Davanagere,Central Karnataka Traders Davanagere,45,280,12600
11-07-2024,Nandini Spiced Buttermilk (200ml),Beverages,Belagavi,North Karnataka Milk Center Belagavi,628,12,7536
11-07-2024,Nandini Curd (500g),Fresh Dairy,Hubballi,Kittur Distributors Hubballi,448,26,11648
11-07-2024,Nandini Mysore Pak (250g),Sweets,Hubballi,Kittur Distributors Hubballi,37,160,5920
11-07-2024,Nandini Spiced Buttermilk (200ml),Beverages,Hubballi,Kittur Distributors Hubballi,796,12,9552
11-07-2024,Nandini Set Curd (400g),Fresh Dairy,Davanagere,Central Karnataka Traders Davanagere,97,40,3880
11-07-2024,Nandini Homogenised Cow Milk (1L),Milk,Bengaluru,Apex Dairy Supplies Bengaluru,851,46,39146
11-07-2024,Nandini Fresh Paneer (200g),Fresh Dairy,Bengaluru,Apex Dairy Supplies Bengaluru,225,95,21375
12-07-2024,Nandini Sweet Lassi (200ml),Beverages,Bengaluru,Apex Dairy Supplies Bengaluru,294,20,5880
12-07-2024,Nandini Set Curd (400g),Fresh Dairy,Mysuru,Chamundi Agencies Mysuru,81,40,3240
12-07-2024,Nandini Special Milk (1L),Milk,Bengaluru,Apex Dairy Supplies Bengaluru,651,48,31248
12-07-2024,Nandini Pure Ghee (1L),Ghee & Butter,Hubballi,Kittur Distributors Hubballi,55,610,33550
12-07-2024,Nandini Flavoured Milk Badam (200ml),Beverages,Hubballi,Kittur Distributors Hubballi,220,35,7700
12-07-2024,Nandini Cassata Ice Cream (150ml),Frozen,Mysuru,Chamundi Agencies Mysuru,62,55,3410
12-07-2024,Nandini Unsalted Butter (500g),Ghee & Butter,Bengaluru,Apex Dairy Supplies Bengaluru,91,280,25480
12-07-2024,Nandini Special Milk (1L),Milk,Bengaluru,Apex Dairy Supplies Bengaluru,508,48,24384
12-07-2024,Nandini Spiced Buttermilk (200ml),Beverages,Hubballi,Kittur Distributors Hubballi,369,12,4428
12-07-2024,Nandini Samrudhi Milk (1L),Milk,Tumakuru,Siddaganga Milk Express Tumakuru,152,54,8208
12-07-2024,Nandini Fresh Paneer (200g),Fresh Dairy,Bengaluru,Apex Dairy Supplies Bengaluru,168,95,15960
12-07-2024,Nandini Homogenised Cow Milk (1L),Milk,Kalaburagi,Kalyana Karnataka Foods Kalaburagi,547,46,25162
13-07-2024,Nandini Pure Ghee (1L),Ghee & Butter,Mysuru,Chamundi Agencies Mysuru,60,610,36600
13-07-2024,Nandini Set Curd (400g),Fresh Dairy,Hubballi,Kittur Distributors Hubballi,186,40,7440
13-07-2024,Nandini Set Curd (400g),Fresh Dairy,Bengaluru,Apex Dairy Supplies Bengaluru,86,40,3440
13-07-2024,Nandini Set Curd (400g),Fresh Dairy,Kalaburagi,Kalyana Karnataka Foods Kalaburagi,170,40,6800
13-07-2024,Nandini Mysore Pak (250g),Sweets,Bengaluru,Apex Dairy Supplies Bengaluru,70,160,11200
13-07-2024,Nandini Spiced Buttermilk (200ml),Beverages,Bengaluru,Apex Dairy Supplies Bengaluru,790,12,9480
13-07-2024,Nandini Cassata Ice Cream (150ml),Frozen,Belagavi,North Karnataka Milk Center Belagavi,50,55,2750
13-07-2024,Nandini Shubham Milk (1L),Milk,Mysuru,Chamundi Agencies Mysuru,309,50,15450
13-07-2024,Nandini Pure Ghee (500ml),Ghee & Butter,Belagavi,North Karnataka Milk Center Belagavi,118,315,37170
13-07-2024,Nandini Homogenised Cow Milk (1L),Milk,Bengaluru,Apex Dairy Supplies Bengaluru,425,46,19550
13-07-2024,Nandini Pure Ghee (500ml),Ghee & Butter,Mangaluru,Coastal Cool Logistics Mangaluru,105,315,33075
13-07-2024,Nandini Unsalted Butter (500g),Ghee & Butter,Mysuru,Chamundi Agencies Mysuru,58,280,16240
13-07-2024,Nandini Toned Milk (1L),Milk,Hubballi,Kittur Distributors Hubballi,685,42,28770
13-07-2024,Nandini Shubham Milk (1L),Milk,Bengaluru,Apex Dairy Supplies Bengaluru,415,50,20750
13-07-2024,Nandini Pure Ghee (1L),Ghee & Butter,Bengaluru,Apex Dairy Supplies Bengaluru,98,610,59780
13-07-2024,Nandini Pure Ghee (1L),Ghee & Butter,Bengaluru,Apex Dairy Supplies Bengaluru,87,610,53070
13-07-2024,Nandini Curd (500g),Fresh Dairy,Bengaluru,Apex Dairy Supplies Bengaluru,349,26,9074
13-07-2024,Nandini Flavoured Milk Badam (200ml),Beverages,Bengaluru,Apex Dairy Supplies Bengaluru,215,35,7525
14-07-2024,Nandini Pure Ghee (1L),Ghee & Butter,Kalaburagi,Kalyana Karnataka Foods Kalaburagi,35,610,21350
14-07-2024,Nandini Pure Ghee (500ml),Ghee & Butter,Mysuru,Chamundi Agencies Mysuru,90,315,28350
14-07-2024,Nandini Samrudhi Milk (1L),Milk,Belagavi,North Karnataka Milk Center Belagavi,245,54,13230
14-07-2024,Nandini Flavoured Milk Badam (200ml),Beverages,Mysuru,Chamundi Agencies Mysuru,261,35,9135
14-07-2024,Nandini Salted Butter (500g),Ghee & Butter,Mysuru,Chamundi Agencies Mysuru,105,275,28875
14-07-2024,Nandini Homogenised Cow Milk (1L),Milk,Mysuru,Chamundi Agencies Mysuru,408,46,18768
14-07-2024,Nandini Salted Butter (500g),Ghee & Butter,Bengaluru,Apex Dairy Supplies Bengaluru,137,275,37675
15-07-2024,Nandini Homogenised Cow Milk (1L),Milk,Ballari,Tungabhadra Dairy Logistics Ballari,548,46,25208
15-07-2024,Nandini Shubham Milk (1L),Milk,Bengaluru,Apex Dairy Supplies Bengaluru,223,50,11150
15-07-2024,Nandini Salted Butter (500g),Ghee & Butter,Bengaluru,Apex Dairy Supplies Bengaluru,105,275,28875
15-07-2024,Nandini Fresh Paneer (200g),Fresh Dairy,Bengaluru,Apex Dairy Supplies Bengaluru,315,95,29925
15-07-2024,Nandini Sweet Lassi (200ml),Beverages,Mangaluru,Coastal Cool Logistics Mangaluru,335,20,6700
15-07-2024,Nandini Cassata Ice Cream (150ml),Frozen,Bengaluru,Apex Dairy Supplies Bengaluru,52,55,2860
15-07-2024,Nandini Salted Butter (500g),Ghee & Butter,Mysuru,Chamundi Agencies Mysuru,74,275,20350
15-07-2024,Nandini Salted Butter (500g),Ghee & Butter,Belagavi,North Karnataka Milk Center Belagavi,34,275,9350
15-07-2024,Nandini Set Curd (400g),Fresh Dairy,Bengaluru,Apex Dairy Supplies Bengaluru,83,40,3320
16-07-2024,Nandini Fresh Paneer (200g),Fresh Dairy,Davanagere,Central Karnataka Traders Davanagere,125,95,11875
16-07-2024,Nandini Mysore Pak (250g),Sweets,Bengaluru,Apex Dairy Supplies Bengaluru,134,160,21440
16-07-2024,Nandini Mysore Pak (250g),Sweets,Mangaluru,Coastal Cool Logistics Mangaluru,80,160,12800
16-07-2024,Nandini Sweet Lassi (200ml),Beverages,Bengaluru,Apex Dairy Supplies Bengaluru,433,20,8660
16-07-2024,Nandini Cassata Ice Cream (150ml),Frozen,Bengaluru,Apex Dairy Supplies Bengaluru,189,55,10395
16-07-2024,Nandini Curd (500g),Fresh Dairy,Shivamogga,Malnad Dairy Network Shivamogga,300,26,7800
16-07-2024,Nandini Mysore Pak (250g),Sweets,Bengaluru,Apex Dairy Supplies Bengaluru,120,160,19200
16-07-2024,Nandini Shubham Milk (1L),Milk,Bengaluru,Apex Dairy Supplies Bengaluru,399,50,19950
16-07-2024,Nandini Shubham Milk (1L),Milk,Mangaluru,Coastal Cool Logistics Mangaluru,367,50,18350
16-07-2024,Nandini Pure Ghee (1L),Ghee & Butter,Mangaluru,Coastal Cool Logistics Mangaluru,56,610,34160
17-07-2024,Nandini Gulab Jamun (1kg),Sweets,Mysuru,Chamundi Agencies Mysuru,49,260,12740
17-07-2024,Nandini Salted Butter (500g),Ghee & Butter,Kalaburagi,Kalyana Karnataka Foods Kalaburagi,100,275,27500
17-07-2024,Nandini Gulab Jamun (1kg),Sweets,Hubballi,Kittur Distributors Hubballi,38,260,9880
17-07-2024,Nandini Mysore Pak (250g),Sweets,Bengaluru,Apex Dairy Supplies Bengaluru,128,160,20480
17-07-2024,Nandini Kulfi (50ml),Frozen,Mysuru,Chamundi Agencies Mysuru,281,25,7025
17-07-2024,Nandini Milk Peda (250g),Sweets,Belagavi,North Karnataka Milk Center Belagavi,81,140,11340
17-07-2024,Nandini Special Milk (1L),Milk,Davanagere,Central Karnataka Traders Davanagere,344,48,16512
18-07-2024,Nandini Salted Butter (500g),Ghee & Butter,Davanagere,Central Karnataka Traders Davanagere,96,275,26400
18-07-2024,Nandini Pure Ghee (500ml),Ghee & Butter,Bengaluru,Apex Dairy Supplies Bengaluru,175,315,55125
18-07-2024,Nandini Set Curd (400g),Fresh Dairy,Bengaluru,Apex Dairy Supplies Bengaluru,166,40,6640
18-07-2024,Nandini Set Curd (400g),Fresh Dairy,Kalaburagi,Kalyana Karnataka Foods Kalaburagi,151,40,6040
19-07-2024,Nandini Kulfi (50ml),Frozen,Mysuru,Chamundi Agencies Mysuru,272,25,6800
19-07-2024,Nandini Pure Ghee (1L),Ghee & Butter,Hubballi,Kittur Distributors Hubballi,65,610,39650
19-07-2024,Nandini Kulfi (50ml),Frozen,Bengaluru,Apex Dairy Supplies Bengaluru,336,25,8400
19-07-2024,Nandini Set Curd (400g),Fresh Dairy,Mysuru,Chamundi Agencies Mysuru,106,40,4240
19-07-2024,Nandini Milk Peda (250g),Sweets,Hubballi,Kittur Distributors Hubballi,122,140,17080
19-07-2024,Nandini Fresh Paneer (200g),Fresh Dairy,Tumakuru,Siddaganga Milk Express Tumakuru,144,95,13680
19-07-2024,Nandini Curd (500g),Fresh Dairy,Bengaluru,Apex Dairy Supplies Bengaluru,278,26,7228
19-07-2024,Nandini Toned Milk (1L),Milk,Bengaluru,Apex Dairy Supplies Bengaluru,888,42,37296
19-07-2024,Nandini Spiced Buttermilk (200ml),Beverages,Hubballi,Kittur Distributors Hubballi,627,12,7524
20-07-2024,Nandini Fresh Paneer (200g),Fresh Dairy,Bengaluru,Apex Dairy Supplies Bengaluru,253,95,24035
20-07-2024,Nandini Cassata Ice Cream (150ml),Frozen,Ballari,Tungabhadra Dairy Logistics Ballari,133,55,7315
20-07-2024,Nandini Flavoured Milk Badam (200ml),Beverages,Bengaluru,Apex Dairy Supplies Bengaluru,130,35,4550
20-07-2024,Nandini Unsalted Butter (500g),Ghee & Butter,Mysuru,Chamundi Agencies Mysuru,19,280,5320
20-07-2024,Nandini Flavoured Milk Badam (200ml),Beverages,Bengaluru,Apex Dairy Supplies Bengaluru,290,35,10150
20-07-2024,Nandini Kulfi (50ml),Frozen,Davanagere,Central Karnataka Traders Davanagere,120,25,3000
20-07-2024,Nandini Fresh Paneer (200g),Fresh Dairy,Mangaluru,Coastal Cool Logistics Mangaluru,111,95,10545
20-07-2024,Nandini Spiced Buttermilk (200ml),Beverages,Bengaluru,Apex Dairy Supplies Bengaluru,1110,12,13320
20-07-2024,Nandini Toned Milk (1L),Milk,Bengaluru,Apex Dairy Supplies Bengaluru,1145,42,48090
20-07-2024,Nandini Pure Ghee (1L),Ghee & Butter,Hubballi,Kittur Distributors Hubballi,82,610,50020
21-07-2024,Nandini Homogenised Cow Milk (1L),Milk,Tumakuru,Siddaganga Milk Express Tumakuru,262,46,12052
21-07-2024,Nandini Set Curd (400g),Fresh Dairy,Mysuru,Chamundi Agencies Mysuru,158,40,6320
21-07-2024,Nandini Samrudhi Milk (1L),Milk,Kalaburagi,Kalyana Karnataka Foods Kalaburagi,159,54,8586
21-07-2024,Nandini Set Curd (400g),Fresh Dairy,Hubballi,Kittur Distributors Hubballi,170,40,6800
21-07-2024,Nandini Flavoured Milk Badam (200ml),Beverages,Davanagere,Central Karnataka Traders Davanagere,248,35,8680
21-07-2024,Nandini Toned Milk (1L),Milk,Kalaburagi,Kalyana Karnataka Foods Kalaburagi,851,42,35742
21-07-2024,Nandini Pure Ghee (500ml),Ghee & Butter,Bengaluru,Apex Dairy Supplies Bengaluru,107,315,33705
22-07-2024,Nandini Shubham Milk (1L),Milk,Bengaluru,Apex Dairy Supplies Bengaluru,468,50,23400
22-07-2024,Nandini Homogenised Cow Milk (1L),Milk,Davanagere,Central Karnataka Traders Davanagere,480,46,22080
22-07-2024,Nandini Mysore Pak (250g),Sweets,Tumakuru,Siddaganga Milk Express Tumakuru,108,160,17280
22-07-2024,Nandini Curd (500g),Fresh Dairy,Belagavi,North Karnataka Milk Center Belagavi,651,26,16926
22-07-2024,Nandini Flavoured Milk Badam (200ml),Beverages,Ballari,Tungabhadra Dairy Logistics Ballari,79,35,2765
22-07-2024,Nandini Toned Milk (1L),Milk,Hubballi,Kittur Distributors Hubballi,958,42,40236
22-07-2024,Nandini Sweet Lassi (200ml),Beverages,Ballari,Tungabhadra Dairy Logistics Ballari,394,20,7880
22-07-2024,Nandini Curd (500g),Fresh Dairy,Bengaluru,Apex Dairy Supplies Bengaluru,303,26,7878
22-07-2024,Nandini Pure Ghee (500ml),Ghee & Butter,Mangaluru,Coastal Cool Logistics Mangaluru,135,315,42525
22-07-2024,Nandini Cassata Ice Cream (150ml),Frozen,Mysuru,Chamundi Agencies Mysuru,61,55,3355
22-07-2024,Nandini Curd (500g),Fresh Dairy,Bengaluru,Apex Dairy Supplies Bengaluru,478,26,12428
22-07-2024,Nandini Homogenised Cow Milk (1L),Milk,Kalaburagi,Kalyana Karnataka Foods Kalaburagi,437,46,20102
23-07-2024,Nandini Samrudhi Milk (1L),Milk,Bengaluru,Apex Dairy Supplies Bengaluru,273,54,14742
23-07-2024,Nandini Pure Ghee (1L),Ghee & Butter,Tumakuru,Siddaganga Milk Express Tumakuru,72,610,43920
23-07-2024,Nandini Pure Ghee (500ml),Ghee & Butter,Bengaluru,Apex Dairy Supplies Bengaluru,139,315,43785
23-07-2024,Nandini Kulfi (50ml),Frozen,Mysuru,Chamundi Agencies Mysuru,268,25,6700
23-07-2024,Nandini Toned Milk (1L),Milk,Bengaluru,Apex Dairy Supplies Bengaluru,1109,42,46578
23-07-2024,Nandini Special Milk (1L),Milk,Belagavi,North Karnataka Milk Center Belagavi,349,48,16752
23-07-2024,Nandini Pure Ghee (500ml),Ghee & Butter,Mysuru,Chamundi Agencies Mysuru,55,315,17325
23-07-2024,Nandini Spiced Buttermilk (200ml),Beverages,Bengaluru,Apex Dairy Supplies Bengaluru,1021,12,12252
23-07-2024,Nandini Shubham Milk (1L),Milk,Bengaluru,Apex Dairy Supplies Bengaluru,424,50,21200
23-07-2024,Nandini Milk Peda (250g),Sweets,Mangaluru,Coastal Cool Logistics Mangaluru,115,140,16100
24-07-2024,Nandini Gulab Jamun (1kg),Sweets,Mysuru,Chamundi Agencies Mysuru,33,260,8580
24-07-2024,Nandini Curd (500g),Fresh Dairy,Mysuru,Chamundi Agencies Mysuru,602,26,15652
24-07-2024,Nandini Shubham Milk (1L),Milk,Mangaluru,Coastal Cool Logistics Mangaluru,189,50,9450
24-07-2024,Nandini Milk Peda (250g),Sweets,Bengaluru,Apex Dairy Supplies Bengaluru,153,140,21420
24-07-2024,Nandini Cassata Ice Cream (150ml),Frozen,Hubballi,Kittur Distributors Hubballi,72,55,3960
24-07-2024,Nandini Mysore Pak (250g),Sweets,Hubballi,Kittur Distributors Hubballi,29,160,4640
24-07-2024,Nandini Fresh Paneer (200g),Fresh Dairy,Bengaluru,Apex Dairy Supplies Bengaluru,124,95,11780
24-07-2024,Nandini Set Curd (400g),Fresh Dairy,Hubballi,Kittur Distributors Hubballi,149,40,5960
24-07-2024,Nandini Spiced Buttermilk (200ml),Beverages,Bengaluru,Apex Dairy Supplies Bengaluru,507,12,6084
24-07-2024,Nandini Curd (500g),Fresh Dairy,Hubballi,Kittur Distributors Hubballi,436,26,11336
24-07-2024,Nandini Pure Ghee (1L),Ghee & Butter,Hubballi,Kittur Distributors Hubballi,43,610,26230
24-07-2024,Nandini Toned Milk (1L),Milk,Hubballi,Kittur Distributors Hubballi,805,42,33810
25-07-2024,Nandini Shubham Milk (1L),Milk,Belagavi,North Karnataka Milk Center Belagavi,241,50,12050
25-07-2024,Nandini Gulab Jamun (1kg),Sweets,Mangaluru,Coastal Cool Logistics Mangaluru,24,260,6240
25-07-2024,Nandini Set Curd (400g),Fresh Dairy,Bengaluru,Apex Dairy Supplies Bengaluru,125,40,5000
25-07-2024,Nandini Gulab Jamun (1kg),Sweets,Mysuru,Chamundi Agencies Mysuru,57,260,14820
25-07-2024,Nandini Samrudhi Milk (1L),Milk,Bengaluru,Apex Dairy Supplies Bengaluru,165,54,8910
25-07-2024,Nandini Shubham Milk (1L),Milk,Bengaluru,Apex Dairy Supplies Bengaluru,291,50,14550
25-07-2024,Nandini Kulfi (50ml),Frozen,Bengaluru,Apex Dairy Supplies Bengaluru,122,25,3050
26-07-2024,Nandini Sweet Lassi (200ml),Beverages,Mangaluru,Coastal Cool Logistics Mangaluru,197,20,3940
26-07-2024,Nandini Curd (500g),Fresh Dairy,Hubballi,Kittur Distributors Hubballi,588,26,15288
26-07-2024,Nandini Samrudhi Milk (1L),Milk,Bengaluru,Apex Dairy Supplies Bengaluru,185,54,9990
26-07-2024,Nandini Pure Ghee (500ml),Ghee & Butter,Shivamogga,Malnad Dairy Network Shivamogga,132,315,41580
26-07-2024,Nandini Toned Milk (1L),Milk,Kalaburagi,Kalyana Karnataka Foods Kalaburagi,757,42,31794
27-07-2024,Nandini Fresh Paneer (200g),Fresh Dairy,Mysuru,Chamundi Agencies Mysuru,221,95,20995
27-07-2024,Nandini Unsalted Butter (500g),Ghee & Butter,Bengaluru,Apex Dairy Supplies Bengaluru,93,280,26040
27-07-2024,Nandini Spiced Buttermilk (200ml),Beverages,Shivamogga,Malnad Dairy Network Shivamogga,335,12,4020
27-07-2024,Nandini Pure Ghee (500ml),Ghee & Butter,Mysuru,Chamundi Agencies Mysuru,121,315,38115
27-07-2024,Nandini Special Milk (1L),Milk,Davanagere,Central Karnataka Traders Davanagere,413,48,19824
27-07-2024,Nandini Toned Milk (1L),Milk,Mangaluru,Coastal Cool Logistics Mangaluru,622,42,26124
27-07-2024,Nandini Milk Peda (250g),Sweets,Davanagere,Central Karnataka Traders Davanagere,55,140,7700
27-07-2024,Nandini Special Milk (1L),Milk,Hubballi,Kittur Distributors Hubballi,347,48,16656
27-07-2024,Nandini Salted Butter (500g),Ghee & Butter,Bengaluru,Apex Dairy Supplies Bengaluru,141,275,38775
28-07-2024,Nandini Samrudhi Milk (1L),Milk,Davanagere,Central Karnataka Traders Davanagere,112,54,6048
28-07-2024,Nandini Cassata Ice Cream (150ml),Frozen,Belagavi,North Karnataka Milk Center Belagavi,57,55,3135
28-07-2024,Nandini Cassata Ice Cream (150ml),Frozen,Mysuru,Chamundi Agencies Mysuru,171,55,9405
28-07-2024,Nandini Cassata Ice Cream (150ml),Frozen,Mysuru,Chamundi Agencies Mysuru,74,55,4070
28-07-2024,Nandini Salted Butter (500g),Ghee & Butter,Mangaluru,Coastal Cool Logistics Mangaluru,60,275,16500
28-07-2024,Nandini Curd (500g),Fresh Dairy,Bengaluru,Apex Dairy Supplies Bengaluru,687,26,17862
28-07-2024,Nandini Samrudhi Milk (1L),Milk,Bengaluru,Apex Dairy Supplies Bengaluru,303,54,16362
29-07-2024,Nandini Sweet Lassi (200ml),Beverages,Mangaluru,Coastal Cool Logistics Mangaluru,371,20,7420
29-07-2024,Nandini Kulfi (50ml),Frozen,Belagavi,North Karnataka Milk Center Belagavi,93,25,2325
29-07-2024,Nandini Milk Peda (250g),Sweets,Bengaluru,Apex Dairy Supplies Bengaluru,164,140,22960
29-07-2024,Nandini Flavoured Milk Badam (200ml),Beverages,Hubballi,Kittur Distributors Hubballi,197,35,6895
29-07-2024,Nandini Curd (500g),Fresh Dairy,Bengaluru,Apex Dairy Supplies Bengaluru,313,26,8138
29-07-2024,Nandini Special Milk (1L),Milk,Bengaluru,Apex Dairy Supplies Bengaluru,684,48,32832
29-07-2024,Nandini Gulab Jamun (1kg),Sweets,Tumakuru,Siddaganga Milk Express Tumakuru,23,260,5980
29-07-2024,Nandini Special Milk (1L),Milk,Belagavi,North Karnataka Milk Center Belagavi,212,48,10176
29-07-2024,Nandini Gulab Jamun (1kg),Sweets,Bengaluru,Apex Dairy Supplies Bengaluru,62,260,16120
30-07-2024,Nandini Milk Peda (250g),Sweets,Bengaluru,Apex Dairy Supplies Bengaluru,104,140,14560
30-07-2024,Nandini Salted Butter (500g),Ghee & Butter,Mangaluru,Coastal Cool Logistics Mangaluru,92,275,25300
30-07-2024,Nandini Homogenised Cow Milk (1L),Milk,Bengaluru,Apex Dairy Supplies Bengaluru,790,46,36340
30-07-2024,Nandini Pure Ghee (500ml),Ghee & Butter,Mysuru,Chamundi Agencies Mysuru,90,315,28350
30-07-2024,Nandini Milk Peda (250g),Sweets,Shivamogga,Malnad Dairy Network Shivamogga,48,140,6720
30-07-2024,Nandini Salted Butter (500g),Ghee & Butter,Belagavi,North Karnataka Milk Center Belagavi,70,275,19250
30-07-2024,Nandini Fresh Paneer (200g),Fresh Dairy,Bengaluru,Apex Dairy Supplies Bengaluru,142,95,13490
30-07-2024,Nandini Flavoured Milk Badam (200ml),Beverages,Shivamogga,Malnad Dairy Network Shivamogga,259,35,9065
30-07-2024,Nandini Unsalted Butter (500g),Ghee & Butter,Shivamogga,Malnad Dairy Network Shivamogga,54,280,15120
30-07-2024,Nandini Toned Milk (1L),Milk,Mangaluru,Coastal Cool Logistics Mangaluru,695,42,29190
31-07-2024,Nandini Samrudhi Milk (1L),Milk,Bengaluru,Apex Dairy Supplies Bengaluru,313,54,16902
31-07-2024,Nandini Mysore Pak (250g),Sweets,Mangaluru,Coastal Cool Logistics Mangaluru,94,160,15040
31-07-2024,Nandini Homogenised Cow Milk (1L),Milk,Kalaburagi,Kalyana Karnataka Foods Kalaburagi,733,46,33718
31-07-2024,Nandini Flavoured Milk Badam (200ml),Beverages,Mysuru,Chamundi Agencies Mysuru,206,35,7210
31-07-2024,Nandini Toned Milk (1L),Milk,Mangaluru,Coastal Cool Logistics Mangaluru,837,42,35154
31-07-2024,Nandini Spiced Buttermilk (200ml),Beverages,Belagavi,North Karnataka Milk Center Belagavi,628,12,7536
31-07-2024,Nandini Special Milk (1L),Milk,Bengaluru,Apex Dairy Supplies Bengaluru,553,48,26544
31-07-2024,Nandini Gulab Jamun (1kg),Sweets,Davanagere,Central Karnataka Traders Davanagere,45,260,11700
01-08-2024,Nandini Curd (500g),Fresh Dairy,Davanagere,Central Karnataka Traders Davanagere,218,26,5668
01-08-2024,Nandini Fresh Paneer (200g),Fresh Dairy,Bengaluru,Apex Dairy Supplies Bengaluru,191,95,18145
01-08-2024,Nandini Gulab Jamun (1kg),Sweets,Ballari,Tungabhadra Dairy Logistics Ballari,128,260,33280
01-08-2024,Nandini Sweet Lassi (200ml),Beverages,Davanagere,Central Karnataka Traders Davanagere,260,20,5200
01-08-2024,Nandini Pure Ghee (1L),Ghee & Butter,Kalaburagi,Kalyana Karnataka Foods Kalaburagi,143,610,87230
01-08-2024,Nandini Samrudhi Milk (1L),Milk,Kalaburagi,Kalyana Karnataka Foods Kalaburagi,206,54,11124
01-08-2024,Nandini Salted Butter (500g),Ghee & Butter,Mangaluru,Coastal Cool Logistics Mangaluru,70,275,19250
01-08-2024,Nandini Samrudhi Milk (1L),Milk,Kalaburagi,Kalyana Karnataka Foods Kalaburagi,105,54,5670
01-08-2024,Nandini Pure Ghee (500ml),Ghee & Butter,Bengaluru,Apex Dairy Supplies Bengaluru,94,315,29610
02-08-2024,Nandini Kulfi (50ml),Frozen,Mangaluru,Coastal Cool Logistics Mangaluru,214,25,5350
02-08-2024,Nandini Cassata Ice Cream (150ml),Frozen,Mangaluru,Coastal Cool Logistics Mangaluru,98,55,5390
02-08-2024,Nandini Curd (500g),Fresh Dairy,Bengaluru,Apex Dairy Supplies Bengaluru,521,26,13546
02-08-2024,Nandini Pure Ghee (1L),Ghee & Butter,Hubballi,Kittur Distributors Hubballi,152,610,92720
02-08-2024,Nandini Kulfi (50ml),Frozen,Hubballi,Kittur Distributors Hubballi,152,25,3800
02-08-2024,Nandini Homogenised Cow Milk (1L),Milk,Mysuru,Chamundi Agencies Mysuru,355,46,16330
02-08-2024,Nandini Milk Peda (250g),Sweets,Bengaluru,Apex Dairy Supplies Bengaluru,156,140,21840
02-08-2024,Nandini Samrudhi Milk (1L),Milk,Bengaluru,Apex Dairy Supplies Bengaluru,193,54,10422
02-08-2024,Nandini Cassata Ice Cream (150ml),Frozen,Kalaburagi,Kalyana Karnataka Foods Kalaburagi,49,55,2695
02-08-2024,Nandini Set Curd (400g),Fresh Dairy,Bengaluru,Apex Dairy Supplies Bengaluru,142,40,5680
02-08-2024,Nandini Flavoured Milk Badam (200ml),Beverages,Bengaluru,Apex Dairy Supplies Bengaluru,181,35,6335
02-08-2024,Nandini Gulab Jamun (1kg),Sweets,Mysuru,Chamundi Agencies Mysuru,151,260,39260
02-08-2024,Nandini Pure Ghee (500ml),Ghee & Butter,Mysuru,Chamundi Agencies Mysuru,251,315,79065
02-08-2024,Nandini Special Milk (1L),Milk,Mysuru,Chamundi Agencies Mysuru,419,48,20112
02-08-2024,Nandini Gulab Jamun (1kg),Sweets,Hubballi,Kittur Distributors Hubballi,83,260,21580
02-08-2024,Nandini Shubham Milk (1L),Milk,Kalaburagi,Kalyana Karnataka Foods Kalaburagi,145,50,7250
02-08-2024,Nandini Spiced Buttermilk (200ml),Beverages,Shivamogga,Malnad Dairy Network Shivamogga,595,12,7140
03-08-2024,Nandini Special Milk (1L),Milk,Bengaluru,Apex Dairy Supplies Bengaluru,519,48,24912
03-08-2024,Nandini Special Milk (1L),Milk,Hubballi,Kittur Distributors Hubballi,425,48,20400
03-08-2024,Nandini Flavoured Milk Badam (200ml),Beverages,Belagavi,North Karnataka Milk Center Belagavi,169,35,5915
03-08-2024,Nandini Milk Peda (250g),Sweets,Mangaluru,Coastal Cool Logistics Mangaluru,167,140,23380
03-08-2024,Nandini Homogenised Cow Milk (1L),Milk,Bengaluru,Apex Dairy Supplies Bengaluru,786,46,36156
03-08-2024,Nandini Gulab Jamun (1kg),Sweets,Hubballi,Kittur Distributors Hubballi,135,260,35100
03-08-2024,Nandini Samrudhi Milk (1L),Milk,Belagavi,North Karnataka Milk Center Belagavi,181,54,9774
03-08-2024,Nandini Homogenised Cow Milk (1L),Milk,Belagavi,North Karnataka Milk Center Belagavi,308,46,14168
03-08-2024,Nandini Set Curd (400g),Fresh Dairy,Bengaluru,Apex Dairy Supplies Bengaluru,97,40,3880
03-08-2024,Nandini Samrudhi Milk (1L),Milk,Bengaluru,Apex Dairy Supplies Bengaluru,360,54,19440
03-08-2024,Nandini Flavoured Milk Badam (200ml),Beverages,Bengaluru,Apex Dairy Supplies Bengaluru,348,35,12180
03-08-2024,Nandini Samrudhi Milk (1L),Milk,Mysuru,Chamundi Agencies Mysuru,289,54,15606
03-08-2024,Nandini Shubham Milk (1L),Milk,Mysuru,Chamundi Agencies Mysuru,308,50,15400
04-08-2024,Nandini Pure Ghee (500ml),Ghee & Butter,Hubballi,Kittur Distributors Hubballi,138,315,43470
04-08-2024,Nandini Homogenised Cow Milk (1L),Milk,Mysuru,Chamundi Agencies Mysuru,727,46,33442
04-08-2024,Nandini Unsalted Butter (500g),Ghee & Butter,Bengaluru,Apex Dairy Supplies Bengaluru,112,280,31360
04-08-2024,Nandini Gulab Jamun (1kg),Sweets,Mangaluru,Coastal Cool Logistics Mangaluru,125,260,32500
04-08-2024,Nandini Gulab Jamun (1kg),Sweets,Bengaluru,Apex Dairy Supplies Bengaluru,164,260,42640
04-08-2024,Nandini Special Milk (1L),Milk,Mangaluru,Coastal Cool Logistics Mangaluru,494,48,23712
04-08-2024,Nandini Shubham Milk (1L),Milk,Davanagere,Central Karnataka Traders Davanagere,191,50,9550
04-08-2024,Nandini Spiced Buttermilk (200ml),Beverages,Belagavi,North Karnataka Milk Center Belagavi,379,12,4548
04-08-2024,Nandini Salted Butter (500g),Ghee & Butter,Bengaluru,Apex Dairy Supplies Bengaluru,175,275,48125
04-08-2024,Nandini Pure Ghee (1L),Ghee & Butter,Bengaluru,Apex Dairy Supplies Bengaluru,87,610,53070
04-08-2024,Nandini Unsalted Butter (500g),Ghee & Butter,Mangaluru,Coastal Cool Logistics Mangaluru,86,280,24080
05-08-2024,Nandini Milk Peda (250g),Sweets,Bengaluru,Apex Dairy Supplies Bengaluru,199,140,27860
05-08-2024,Nandini Unsalted Butter (500g),Ghee & Butter,Mangaluru,Coastal Cool Logistics Mangaluru,91,280,25480
05-08-2024,Nandini Set Curd (400g),Fresh Dairy,Bengaluru,Apex Dairy Supplies Bengaluru,169,40,6760
05-08-2024,Nandini Fresh Paneer (200g),Fresh Dairy,Kalaburagi,Kalyana Karnataka Foods Kalaburagi,192,95,18240
05-08-2024,Nandini Mysore Pak (250g),Sweets,Bengaluru,Apex Dairy Supplies Bengaluru,123,160,19680
05-08-2024,Nandini Kulfi (50ml),Frozen,Hubballi,Kittur Distributors Hubballi,182,25,4550
05-08-2024,Nandini Mysore Pak (250g),Sweets,Hubballi,Kittur Distributors Hubballi,193,160,30880
05-08-2024,Nandini Shubham Milk (1L),Milk,Mangaluru,Coastal Cool Logistics Mangaluru,169,50,8450
05-08-2024,Nandini Set Curd (400g),Fresh Dairy,Bengaluru,Apex Dairy Supplies Bengaluru,165,40,6600
05-08-2024,Nandini Toned Milk (1L),Milk,Mysuru,Chamundi Agencies Mysuru,804,42,33768
05-08-2024,Nandini Pure Ghee (500ml),Ghee & Butter,Mangaluru,Coastal Cool Logistics Mangaluru,88,315,27720
05-08-2024,Nandini Milk Peda (250g),Sweets,Mysuru,Chamundi Agencies Mysuru,211,140,29540
05-08-2024,Nandini Shubham Milk (1L),Milk,Bengaluru,Apex Dairy Supplies Bengaluru,486,50,24300
05-08-2024,Nandini Pure Ghee (500ml),Ghee & Butter,Hubballi,Kittur Distributors Hubballi,209,315,65835
05-08-2024,Nandini Set Curd (400g),Fresh Dairy,Tumakuru,Siddaganga Milk Express Tumakuru,102,40,4080
06-08-2024,Nandini Gulab Jamun (1kg),Sweets,Kalaburagi,Kalyana Karnataka Foods Kalaburagi,69,260,17940
06-08-2024,Nandini Homogenised Cow Milk (1L),Milk,Mysuru,Chamundi Agencies Mysuru,624,46,28704
06-08-2024,Nandini Cassata Ice Cream (150ml),Frozen,Belagavi,North Karnataka Milk Center Belagavi,106,55,5830
06-08-2024,Nandini Special Milk (1L),Milk,Bengaluru,Apex Dairy Supplies Bengaluru,663,48,31824
06-08-2024,Nandini Curd (500g),Fresh Dairy,Mangaluru,Coastal Cool Logistics Mangaluru,206,26,5356
06-08-2024,Nandini Fresh Paneer (200g),Fresh Dairy,Bengaluru,Apex Dairy Supplies Bengaluru,118,95,11210
06-08-2024,Nandini Sweet Lassi (200ml),Beverages,Mangaluru,Coastal Cool Logistics Mangaluru,213,20,4260
06-08-2024,Nandini Pure Ghee (1L),Ghee & Butter,Mysuru,Chamundi Agencies Mysuru,124,610,75640
06-08-2024,Nandini Special Milk (1L),Milk,Hubballi,Kittur Distributors Hubballi,464,48,22272
06-08-2024,Nandini Homogenised Cow Milk (1L),Milk,Belagavi,North Karnataka Milk Center Belagavi,615,46,28290
06-08-2024,Nandini Pure Ghee (500ml),Ghee & Butter,Bengaluru,Apex Dairy Supplies Bengaluru,182,315,57330
07-08-2024,Nandini Unsalted Butter (500g),Ghee & Butter,Bengaluru,Apex Dairy Supplies Bengaluru,82,280,22960
07-08-2024,Nandini Cassata Ice Cream (150ml),Frozen,Bengaluru,Apex Dairy Supplies Bengaluru,65,55,3575
07-08-2024,Nandini Samrudhi Milk (1L),Milk,Bengaluru,Apex Dairy Supplies Bengaluru,184,54,9936
07-08-2024,Nandini Special Milk (1L),Milk,Bengaluru,Apex Dairy Supplies Bengaluru,469,48,22512
07-08-2024,Nandini Pure Ghee (500ml),Ghee & Butter,Ballari,Tungabhadra Dairy Logistics Ballari,58,315,18270
07-08-2024,Nandini Mysore Pak (250g),Sweets,Shivamogga,Malnad Dairy Network Shivamogga,185,160,29600
07-08-2024,Nandini Gulab Jamun (1kg),Sweets,Davanagere,Central Karnataka Traders Davanagere,114,260,29640
07-08-2024,Nandini Pure Ghee (1L),Ghee & Butter,Kalaburagi,Kalyana Karnataka Foods Kalaburagi,79,610,48190
07-08-2024,Nandini Salted Butter (500g),Ghee & Butter,Bengaluru,Apex Dairy Supplies Bengaluru,241,275,66275
08-08-2024,Nandini Flavoured Milk Badam (200ml),Beverages,Bengaluru,Apex Dairy Supplies Bengaluru,329,35,11515
08-08-2024,Nandini Set Curd (400g),Fresh Dairy,Mysuru,Chamundi Agencies Mysuru,167,40,6680
08-08-2024,Nandini Kulfi (50ml),Frozen,Bengaluru,Apex Dairy Supplies Bengaluru,126,25,3150
08-08-2024,Nandini Samrudhi Milk (1L),Milk,Tumakuru,Siddaganga Milk Express Tumakuru,229,54,12366
08-08-2024,Nandini Shubham Milk (1L),Milk,Bengaluru,Apex Dairy Supplies Bengaluru,478,50,23900
08-08-2024,Nandini Cassata Ice Cream (150ml),Frozen,Davanagere,Central Karnataka Traders Davanagere,68,55,3740
08-08-2024,Nandini Spiced Buttermilk (200ml),Beverages,Bengaluru,Apex Dairy Supplies Bengaluru,768,12,9216
08-08-2024,Nandini Special Milk (1L),Milk,Mysuru,Chamundi Agencies Mysuru,500,48,24000
08-08-2024,Nandini Mysore Pak (250g),Sweets,Bengaluru,Apex Dairy Supplies Bengaluru,180,160,28800
08-08-2024,Nandini Toned Milk (1L),Milk,Bengaluru,Apex Dairy Supplies Bengaluru,559,42,23478
08-08-2024,Nandini Set Curd (400g),Fresh Dairy,Mysuru,Chamundi Agencies Mysuru,67,40,2680
08-08-2024,Nandini Toned Milk (1L),Milk,Mysuru,Chamundi Agencies Mysuru,712,42,29904
09-08-2024,Nandini Pure Ghee (1L),Ghee & Butter,Bengaluru,Apex Dairy Supplies Bengaluru,77,610,46970
09-08-2024,Nandini Set Curd (400g),Fresh Dairy,Mangaluru,Coastal Cool Logistics Mangaluru,168,40,6720
09-08-2024,Nandini Mysore Pak (250g),Sweets,Kalaburagi,Kalyana Karnataka Foods Kalaburagi,154,160,24640
09-08-2024,Nandini Milk Peda (250g),Sweets,Bengaluru,Apex Dairy Supplies Bengaluru,181,140,25340
09-08-2024,Nandini Mysore Pak (250g),Sweets,Kalaburagi,Kalyana Karnataka Foods Kalaburagi,87,160,13920
09-08-2024,Nandini Curd (500g),Fresh Dairy,Mysuru,Chamundi Agencies Mysuru,642,26,16692
09-08-2024,Nandini Flavoured Milk Badam (200ml),Beverages,Bengaluru,Apex Dairy Supplies Bengaluru,126,35,4410
09-08-2024,Nandini Homogenised Cow Milk (1L),Milk,Bengaluru,Apex Dairy Supplies Bengaluru,850,46,39100
09-08-2024,Nandini Special Milk (1L),Milk,Hubballi,Kittur Distributors Hubballi,325,48,15600
09-08-2024,Nandini Toned Milk (1L),Milk,Bengaluru,Apex Dairy Supplies Bengaluru,739,42,31038
09-08-2024,Nandini Special Milk (1L),Milk,Mysuru,Chamundi Agencies Mysuru,302,48,14496
09-08-2024,Nandini Milk Peda (250g),Sweets,Bengaluru,Apex Dairy Supplies Bengaluru,187,140,26180
09-08-2024,Nandini Fresh Paneer (200g),Fresh Dairy,Ballari,Tungabhadra Dairy Logistics Ballari,204,95,19380
10-08-2024,Nandini Sweet Lassi (200ml),Beverages,Bengaluru,Apex Dairy Supplies Bengaluru,509,20,10180
10-08-2024,Nandini Shubham Milk (1L),Milk,Bengaluru,Apex Dairy Supplies Bengaluru,396,50,19800
10-08-2024,Nandini Shubham Milk (1L),Milk,Mysuru,Chamundi Agencies Mysuru,280,50,14000
10-08-2024,Nandini Samrudhi Milk (1L),Milk,Belagavi,North Karnataka Milk Center Belagavi,134,54,7236
10-08-2024,Nandini Homogenised Cow Milk (1L),Milk,Shivamogga,Malnad Dairy Network Shivamogga,535,46,24610
10-08-2024,Nandini Special Milk (1L),Milk,Davanagere,Central Karnataka Traders Davanagere,247,48,11856
10-08-2024,Nandini Cassata Ice Cream (150ml),Frozen,Bengaluru,Apex Dairy Supplies Bengaluru,113,55,6215
10-08-2024,Nandini Fresh Paneer (200g),Fresh Dairy,Kalaburagi,Kalyana Karnataka Foods Kalaburagi,112,95,10640
10-08-2024,Nandini Gulab Jamun (1kg),Sweets,Bengaluru,Apex Dairy Supplies Bengaluru,146,260,37960
10-08-2024,Nandini Curd (500g),Fresh Dairy,Mangaluru,Coastal Cool Logistics Mangaluru,235,26,6110
11-08-2024,Nandini Milk Peda (250g),Sweets,Hubballi,Kittur Distributors Hubballi,108,140,15120
11-08-2024,Nandini Set Curd (400g),Fresh Dairy,Kalaburagi,Kalyana Karnataka Foods Kalaburagi,177,40,7080
11-08-2024,Nandini Unsalted Butter (500g),Ghee & Butter,Davanagere,Central Karnataka Traders Davanagere,107,280,29960
11-08-2024,Nandini Pure Ghee (1L),Ghee & Butter,Mysuru,Chamundi Agencies Mysuru,126,610,76860
11-08-2024,Nandini Pure Ghee (1L),Ghee & Butter,Ballari,Tungabhadra Dairy Logistics Ballari,152,610,92720
11-08-2024,Nandini Kulfi (50ml),Frozen,Bengaluru,Apex Dairy Supplies Bengaluru,243,25,6075
11-08-2024,Nandini Kulfi (50ml),Frozen,Bengaluru,Apex Dairy Supplies Bengaluru,140,25,3500
11-08-2024,Nandini Special Milk (1L),Milk,Bengaluru,Apex Dairy Supplies Bengaluru,362,48,17376
11-08-2024,Nandini Milk Peda (250g),Sweets,Bengaluru,Apex Dairy Supplies Bengaluru,281,140,39340
11-08-2024,Nandini Mysore Pak (250g),Sweets,Hubballi,Kittur Distributors Hubballi,277,160,44320
11-08-2024,Nandini Set Curd (400g),Fresh Dairy,Bengaluru,Apex Dairy Supplies Bengaluru,116,40,4640
12-08-2024,Nandini Mysore Pak (250g),Sweets,Davanagere,Central Karnataka Traders Davanagere,65,160,10400
12-08-2024,Nandini Cassata Ice Cream (150ml),Frozen,Hubballi,Kittur Distributors Hubballi,67,55,3685
12-08-2024,Nandini Pure Ghee (1L),Ghee & Butter,Bengaluru,Apex Dairy Supplies Bengaluru,125,610,76250
12-08-2024,Nandini Special Milk (1L),Milk,Kalaburagi,Kalyana Karnataka Foods Kalaburagi,419,48,20112
12-08-2024,Nandini Shubham Milk (1L),Milk,Davanagere,Central Karnataka Traders Davanagere,230,50,11500
12-08-2024,Nandini Gulab Jamun (1kg),Sweets,Hubballi,Kittur Distributors Hubballi,103,260,26780
12-08-2024,Nandini Unsalted Butter (500g),Ghee & Butter,Belagavi,North Karnataka Milk Center Belagavi,51,280,14280
12-08-2024,Nandini Cassata Ice Cream (150ml),Frozen,Davanagere,Central Karnataka Traders Davanagere,52,55,2860
12-08-2024,Nandini Curd (500g),Fresh Dairy,Bengaluru,Apex Dairy Supplies Bengaluru,523,26,13598
13-08-2024,Nandini Pure Ghee (1L),Ghee & Butter,Bengaluru,Apex Dairy Supplies Bengaluru,81,610,49410
13-08-2024,Nandini Unsalted Butter (500g),Ghee & Butter,Mysuru,Chamundi Agencies Mysuru,80,280,22400
13-08-2024,Nandini Shubham Milk (1L),Milk,Bengaluru,Apex Dairy Supplies Bengaluru,184,50,9200
13-08-2024,Nandini Fresh Paneer (200g),Fresh Dairy,Bengaluru,Apex Dairy Supplies Bengaluru,250,95,23750
14-08-2024,Nandini Spiced Buttermilk (200ml),Beverages,Mangaluru,Coastal Cool Logistics Mangaluru,343,12,4116
14-08-2024,Nandini Mysore Pak (250g),Sweets,Mangaluru,Coastal Cool Logistics Mangaluru,94,160,15040
14-08-2024,Nandini Samrudhi Milk (1L),Milk,Hubballi,Kittur Distributors Hubballi,226,54,12204
14-08-2024,Nandini Salted Butter (500g),Ghee & Butter,Bengaluru,Apex Dairy Supplies Bengaluru,141,275,38775
14-08-2024,Nandini Homogenised Cow Milk (1L),Milk,Bengaluru,Apex Dairy Supplies Bengaluru,530,46,24380
14-08-2024,Nandini Salted Butter (500g),Ghee & Butter,Bengaluru,Apex Dairy Supplies Bengaluru,172,275,47300
14-08-2024,Nandini Homogenised Cow Milk (1L),Milk,Mysuru,Chamundi Agencies Mysuru,321,46,14766
14-08-2024,Nandini Gulab Jamun (1kg),Sweets,Bengaluru,Apex Dairy Supplies Bengaluru,113,260,29380
14-08-2024,Nandini Pure Ghee (500ml),Ghee & Butter,Mangaluru,Coastal Cool Logistics Mangaluru,224,315,70560
14-08-2024,Nandini Milk Peda (250g),Sweets,Mangaluru,Coastal Cool Logistics Mangaluru,222,140,31080
14-08-2024,Nandini Spiced Buttermilk (200ml),Beverages,Mysuru,Chamundi Agencies Mysuru,425,12,5100
14-08-2024,Nandini Fresh Paneer (200g),Fresh Dairy,Bengaluru,Apex Dairy Supplies Bengaluru,74,95,7030
14-08-2024,Nandini Fresh Paneer (200g),Fresh Dairy,Bengaluru,Apex Dairy Supplies Bengaluru,125,95,11875
15-08-2024,Nandini Unsalted Butter (500g),Ghee & Butter,Hubballi,Kittur Distributors Hubballi,76,280,21280
15-08-2024,Nandini Kulfi (50ml),Frozen,Belagavi,North Karnataka Milk Center Belagavi,93,25,2325
15-08-2024,Nandini Spiced Buttermilk (200ml),Beverages,Bengaluru,Apex Dairy Supplies Bengaluru,504,12,6048
15-08-2024,Nandini Kulfi (50ml),Frozen,Mysuru,Chamundi Agencies Mysuru,131,25,3275
15-08-2024,Nandini Set Curd (400g),Fresh Dairy,Mysuru,Chamundi Agencies Mysuru,67,40,2680
15-08-2024,Nandini Pure Ghee (1L),Ghee & Butter,Mangaluru,Coastal Cool Logistics Mangaluru,170,610,103700
15-08-2024,Nandini Fresh Paneer (200g),Fresh Dairy,Bengaluru,Apex Dairy Supplies Bengaluru,211,95,20045
15-08-2024,Nandini Unsalted Butter (500g),Ghee & Butter,Hubballi,Kittur Distributors Hubballi,92,280,25760
15-08-2024,Nandini Homogenised Cow Milk (1L),Milk,Mangaluru,Coastal Cool Logistics Mangaluru,455,46,20930
16-08-2024,Nandini Pure Ghee (1L),Ghee & Butter,Hubballi,Kittur Distributors Hubballi,108,610,65880
16-08-2024,Nandini Pure Ghee (500ml),Ghee & Butter,Davanagere,Central Karnataka Traders Davanagere,165,315,51975
16-08-2024,Nandini Flavoured Milk Badam (200ml),Beverages,Bengaluru,Apex Dairy Supplies Bengaluru,204,35,7140
16-08-2024,Nandini Special Milk (1L),Milk,Mangaluru,Coastal Cool Logistics Mangaluru,453,48,21744
16-08-2024,Nandini Mysore Pak (250g),Sweets,Ballari,Tungabhadra Dairy Logistics Ballari,175,160,28000
16-08-2024,Nandini Salted Butter (500g),Ghee & Butter,Bengaluru,Apex Dairy Supplies Bengaluru,168,275,46200
16-08-2024,Nandini Spiced Buttermilk (200ml),Beverages,Mysuru,Chamundi Agencies Mysuru,717,12,8604
16-08-2024,Nandini Milk Peda (250g),Sweets,Mangaluru,Coastal Cool Logistics Mangaluru,168,140,23520
16-08-2024,Nandini Fresh Paneer (200g),Fresh Dairy,Belagavi,North Karnataka Milk Center Belagavi,115,95,10925
17-08-2024,Nandini Milk Peda (250g),Sweets,Belagavi,North Karnataka Milk Center Belagavi,253,140,35420
17-08-2024,Nandini Kulfi (50ml),Frozen,Mangaluru,Coastal Cool Logistics Mangaluru,220,25,5500
17-08-2024,Nandini Curd (500g),Fresh Dairy,Hubballi,Kittur Distributors Hubballi,465,26,12090
17-08-2024,Nandini Pure Ghee (500ml),Ghee & Butter,Bengaluru,Apex Dairy Supplies Bengaluru,141,315,44415
17-08-2024,Nandini Set Curd (400g),Fresh Dairy,Mysuru,Chamundi Agencies Mysuru,212,40,8480
18-08-2024,Nandini Unsalted Butter (500g),Ghee & Butter,Bengaluru,Apex Dairy Supplies Bengaluru,141,280,39480
18-08-2024,Nandini Sweet Lassi (200ml),Beverages,Shivamogga,Malnad Dairy Network Shivamogga,421,20,8420
18-08-2024,Nandini Kulfi (50ml),Frozen,Shivamogga,Malnad Dairy Network Shivamogga,251,25,6275
18-08-2024,Nandini Samrudhi Milk (1L),Milk,Shivamogga,Malnad Dairy Network Shivamogga,214,54,11556
18-08-2024,Nandini Pure Ghee (500ml),Ghee & Butter,Hubballi,Kittur Distributors Hubballi,51,315,16065
18-08-2024,Nandini Flavoured Milk Badam (200ml),Beverages,Mysuru,Chamundi Agencies Mysuru,139,35,4865
18-08-2024,Nandini Set Curd (400g),Fresh Dairy,Mysuru,Chamundi Agencies Mysuru,115,40,4600
18-08-2024,Nandini Salted Butter (500g),Ghee & Butter,Mysuru,Chamundi Agencies Mysuru,146,275,40150
18-08-2024,Nandini Homogenised Cow Milk (1L),Milk,Bengaluru,Apex Dairy Supplies Bengaluru,670,46,30820
18-08-2024,Nandini Curd (500g),Fresh Dairy,Kalaburagi,Kalyana Karnataka Foods Kalaburagi,284,26,7384
18-08-2024,Nandini Homogenised Cow Milk (1L),Milk,Bengaluru,Apex Dairy Supplies Bengaluru,705,46,32430
18-08-2024,Nandini Milk Peda (250g),Sweets,Tumakuru,Siddaganga Milk Express Tumakuru,117,140,16380
18-08-2024,Nandini Kulfi (50ml),Frozen,Mangaluru,Coastal Cool Logistics Mangaluru,131,25,3275
19-08-2024,Nandini Pure Ghee (1L),Ghee & Butter,Bengaluru,Apex Dairy Supplies Bengaluru,129,610,78690
19-08-2024,Nandini Special Milk (1L),Milk,Bengaluru,Apex Dairy Supplies Bengaluru,472,48,22656
19-08-2024,Nandini Special Milk (1L),Milk,Bengaluru,Apex Dairy Supplies Bengaluru,389,48,18672
19-08-2024,Nandini Homogenised Cow Milk (1L),Milk,Bengaluru,Apex Dairy Supplies Bengaluru,485,46,22310
19-08-2024,Nandini Pure Ghee (500ml),Ghee & Butter,Mysuru,Chamundi Agencies Mysuru,63,315,19845
19-08-2024,Nandini Homogenised Cow Milk (1L),Milk,Mysuru,Chamundi Agencies Mysuru,886,46,40756
19-08-2024,Nandini Mysore Pak (250g),Sweets,Hubballi,Kittur Distributors Hubballi,170,160,27200
19-08-2024,Nandini Milk Peda (250g),Sweets,Davanagere,Central Karnataka Traders Davanagere,107,140,14980
19-08-2024,Nandini Samrudhi Milk (1L),Milk,Davanagere,Central Karnataka Traders Davanagere,270,54,14580
20-08-2024,Nandini Pure Ghee (1L),Ghee & Butter,Mangaluru,Coastal Cool Logistics Mangaluru,65,610,39650
20-08-2024,Nandini Pure Ghee (500ml),Ghee & Butter,Bengaluru,Apex Dairy Supplies Bengaluru,165,315,51975
20-08-2024,Nandini Homogenised Cow Milk (1L),Milk,Bengaluru,Apex Dairy Supplies Bengaluru,418,46,19228
20-08-2024,Nandini Gulab Jamun (1kg),Sweets,Tumakuru,Siddaganga Milk Express Tumakuru,86,260,22360
20-08-2024,Nandini Salted Butter (500g),Ghee & Butter,Bengaluru,Apex Dairy Supplies Bengaluru,195,275,53625
20-08-2024,Nandini Homogenised Cow Milk (1L),Milk,Hubballi,Kittur Distributors Hubballi,369,46,16974
20-08-2024,Nandini Special Milk (1L),Milk,Mysuru,Chamundi Agencies Mysuru,490,48,23520
20-08-2024,Nandini Spiced Buttermilk (200ml),Beverages,Shivamogga,Malnad Dairy Network Shivamogga,667,12,8004
20-08-2024,Nandini Mysore Pak (250g),Sweets,Kalaburagi,Kalyana Karnataka Foods Kalaburagi,79,160,12640
20-08-2024,Nandini Spiced Buttermilk (200ml),Beverages,Hubballi,Kittur Distributors Hubballi,294,12,3528
20-08-2024,Nandini Salted Butter (500g),Ghee & Butter,Bengaluru,Apex Dairy Supplies Bengaluru,200,275,55000
20-08-2024,Nandini Salted Butter (500g),Ghee & Butter,Mysuru,Chamundi Agencies Mysuru,193,275,53075
20-08-2024,Nandini Homogenised Cow Milk (1L),Milk,Davanagere,Central Karnataka Traders Davanagere,540,46,24840
20-08-2024,Nandini Pure Ghee (1L),Ghee & Butter,Mangaluru,Coastal Cool Logistics Mangaluru,70,610,42700
20-08-2024,Nandini Pure Ghee (1L),Ghee & Butter,Hubballi,Kittur Distributors Hubballi,94,610,57340
20-08-2024,Nandini Sweet Lassi (200ml),Beverages,Bengaluru,Apex Dairy Supplies Bengaluru,635,20,12700
20-08-2024,Nandini Shubham Milk (1L),Milk,Bengaluru,Apex Dairy Supplies Bengaluru,508,50,25400
20-08-2024,Nandini Milk Peda (250g),Sweets,Mangaluru,Coastal Cool Logistics Mangaluru,191,140,26740
20-08-2024,Nandini Unsalted Butter (500g),Ghee & Butter,Mysuru,Chamundi Agencies Mysuru,107,280,29960
20-08-2024,Nandini Salted Butter (500g),Ghee & Butter,Hubballi,Kittur Distributors Hubballi,43,275,11825
21-08-2024,Nandini Cassata Ice Cream (150ml),Frozen,Bengaluru,Apex Dairy Supplies Bengaluru,165,55,9075
21-08-2024,Nandini Salted Butter (500g),Ghee & Butter,Bengaluru,Apex Dairy Supplies Bengaluru,116,275,31900
21-08-2024,Nandini Homogenised Cow Milk (1L),Milk,Mysuru,Chamundi Agencies Mysuru,620,46,28520
21-08-2024,Nandini Unsalted Butter (500g),Ghee & Butter,Bengaluru,Apex Dairy Supplies Bengaluru,164,280,45920
21-08-2024,Nandini Kulfi (50ml),Frozen,Hubballi,Kittur Distributors Hubballi,90,25,2250
21-08-2024,Nandini Milk Peda (250g),Sweets,Mysuru,Chamundi Agencies Mysuru,118,140,16520
21-08-2024,Nandini Spiced Buttermilk (200ml),Beverages,Tumakuru,Siddaganga Milk Express Tumakuru,714,12,8568
21-08-2024,Nandini Pure Ghee (500ml),Ghee & Butter,Bengaluru,Apex Dairy Supplies Bengaluru,331,315,104265
22-08-2024,Nandini Fresh Paneer (200g),Fresh Dairy,Bengaluru,Apex Dairy Supplies Bengaluru,95,95,9025
22-08-2024,Nandini Sweet Lassi (200ml),Beverages,Hubballi,Kittur Distributors Hubballi,439,20,8780
22-08-2024,Nandini Pure Ghee (1L),Ghee & Butter,Mangaluru,Coastal Cool Logistics Mangaluru,49,610,29890
22-08-2024,Nandini Kulfi (50ml),Frozen,Mangaluru,Coastal Cool Logistics Mangaluru,82,25,2050
22-08-2024,Nandini Mysore Pak (250g),Sweets,Mysuru,Chamundi Agencies Mysuru,195,160,31200
22-08-2024,Nandini Samrudhi Milk (1L),Milk,Mysuru,Chamundi Agencies Mysuru,139,54,7506
22-08-2024,Nandini Shubham Milk (1L),Milk,Ballari,Tungabhadra Dairy Logistics Ballari,187,50,9350
22-08-2024,Nandini Unsalted Butter (500g),Ghee & Butter,Mysuru,Chamundi Agencies Mysuru,30,280,8400
22-08-2024,Nandini Set Curd (400g),Fresh Dairy,Mangaluru,Coastal Cool Logistics Mangaluru,168,40,6720
23-08-2024,Nandini Pure Ghee (500ml),Ghee & Butter,Hubballi,Kittur Distributors Hubballi,74,315,23310
23-08-2024,Nandini Set Curd (400g),Fresh Dairy,Bengaluru,Apex Dairy Supplies Bengaluru,142,40,5680
23-08-2024,Nandini Pure Ghee (1L),Ghee & Butter,Kalaburagi,Kalyana Karnataka Foods Kalaburagi,54,610,32940
23-08-2024,Nandini Kulfi (50ml),Frozen,Mysuru,Chamundi Agencies Mysuru,207,25,5175
23-08-2024,Nandini Homogenised Cow Milk (1L),Milk,Mangaluru,Coastal Cool Logistics Mangaluru,265,46,12190
23-08-2024,Nandini Shubham Milk (1L),Milk,Belagavi,North Karnataka Milk Center Belagavi,204,50,10200
23-08-2024,Nandini Shubham Milk (1L),Milk,Shivamogga,Malnad Dairy Network Shivamogga,204,50,10200
23-08-2024,Nandini Homogenised Cow Milk (1L),Milk,Mysuru,Chamundi Agencies Mysuru,734,46,33764
23-08-2024,Nandini Sweet Lassi (200ml),Beverages,Bengaluru,Apex Dairy Supplies Bengaluru,368,20,7360
23-08-2024,Nandini Cassata Ice Cream (150ml),Frozen,Hubballi,Kittur Distributors Hubballi,79,55,4345
24-08-2024,Nandini Pure Ghee (500ml),Ghee & Butter,Belagavi,North Karnataka Milk Center Belagavi,169,315,53235
24-08-2024,Nandini Samrudhi Milk (1L),Milk,Bengaluru,Apex Dairy Supplies Bengaluru,165,54,8910
24-08-2024,Nandini Sweet Lassi (200ml),Beverages,Mysuru,Chamundi Agencies Mysuru,469,20,9380
24-08-2024,Nandini Salted Butter (500g),Ghee & Butter,Mysuru,Chamundi Agencies Mysuru,114,275,31350
24-08-2024,Nandini Gulab Jamun (1kg),Sweets,Bengaluru,Apex Dairy Supplies Bengaluru,159,260,41340
24-08-2024,Nandini Pure Ghee (500ml),Ghee & Butter,Bengaluru,Apex Dairy Supplies Bengaluru,94,315,29610
24-08-2024,Nandini Pure Ghee (500ml),Ghee & Butter,Hubballi,Kittur Distributors Hubballi,222,315,69930
24-08-2024,Nandini Gulab Jamun (1kg),Sweets,Bengaluru,Apex Dairy Supplies Bengaluru,46,260,11960
24-08-2024,Nandini Flavoured Milk Badam (200ml),Beverages,Bengaluru,Apex Dairy Supplies Bengaluru,394,35,13790
24-08-2024,Nandini Special Milk (1L),Milk,Belagavi,North Karnataka Milk Center Belagavi,193,48,9264
25-08-2024,Nandini Shubham Milk (1L),Milk,Mysuru,Chamundi Agencies Mysuru,164,50,8200
25-08-2024,Nandini Curd (500g),Fresh Dairy,Bengaluru,Apex Dairy Supplies Bengaluru,237,26,6162
25-08-2024,Nandini Kulfi (50ml),Frozen,Mangaluru,Coastal Cool Logistics Mangaluru,129,25,3225
25-08-2024,Nandini Mysore Pak (250g),Sweets,Davanagere,Central Karnataka Traders Davanagere,76,160,12160
25-08-2024,Nandini Kulfi (50ml),Frozen,Mysuru,Chamundi Agencies Mysuru,227,25,5675
25-08-2024,Nandini Shubham Milk (1L),Milk,Ballari,Tungabhadra Dairy Logistics Ballari,293,50,14650
25-08-2024,Nandini Shubham Milk (1L),Milk,Mangaluru,Coastal Cool Logistics Mangaluru,309,50,15450
25-08-2024,Nandini Homogenised Cow Milk (1L),Milk,Bengaluru,Apex Dairy Supplies Bengaluru,591,46,27186
26-08-2024,Nandini Pure Ghee (1L),Ghee & Butter,Mangaluru,Coastal Cool Logistics Mangaluru,67,610,40870
26-08-2024,Nandini Pure Ghee (1L),Ghee & Butter,Hubballi,Kittur Distributors Hubballi,98,610,59780
26-08-2024,Nandini Sweet Lassi (200ml),Beverages,Davanagere,Central Karnataka Traders Davanagere,305,20,6100
26-08-2024,Nandini Spiced Buttermilk (200ml),Beverages,Bengaluru,Apex Dairy Supplies Bengaluru,1213,12,14556
26-08-2024,Nandini Set Curd (400g),Fresh Dairy,Hubballi,Kittur Distributors Hubballi,168,40,6720
26-08-2024,Nandini Flavoured Milk Badam (200ml),Beverages,Mysuru,Chamundi Agencies Mysuru,230,35,8050
26-08-2024,Nandini Gulab Jamun (1kg),Sweets,Mysuru,Chamundi Agencies Mysuru,139,260,36140
26-08-2024,Nandini Curd (500g),Fresh Dairy,Bengaluru,Apex Dairy Supplies Bengaluru,740,26,19240
26-08-2024,Nandini Flavoured Milk Badam (200ml),Beverages,Hubballi,Kittur Distributors Hubballi,142,35,4970
26-08-2024,Nandini Pure Ghee (1L),Ghee & Butter,Kalaburagi,Kalyana Karnataka Foods Kalaburagi,49,610,29890
27-08-2024,Nandini Pure Ghee (500ml),Ghee & Butter,Mangaluru,Coastal Cool Logistics Mangaluru,113,315,35595
27-08-2024,Nandini Shubham Milk (1L),Milk,Bengaluru,Apex Dairy Supplies Bengaluru,396,50,19800
27-08-2024,Nandini Special Milk (1L),Milk,Mangaluru,Coastal Cool Logistics Mangaluru,537,48,25776
27-08-2024,Nandini Mysore Pak (250g),Sweets,Mysuru,Chamundi Agencies Mysuru,64,160,10240
27-08-2024,Nandini Unsalted Butter (500g),Ghee & Butter,Belagavi,North Karnataka Milk Center Belagavi,105,280,29400
27-08-2024,Nandini Fresh Paneer (200g),Fresh Dairy,Bengaluru,Apex Dairy Supplies Bengaluru,172,95,16340
27-08-2024,Nandini Spiced Buttermilk (200ml),Beverages,Mysuru,Chamundi Agencies Mysuru,811,12,9732
27-08-2024,Nandini Unsalted Butter (500g),Ghee & Butter,Davanagere,Central Karnataka Traders Davanagere,95,280,26600
27-08-2024,Nandini Fresh Paneer (200g),Fresh Dairy,Hubballi,Kittur Distributors Hubballi,89,95,8455
28-08-2024,Nandini Flavoured Milk Badam (200ml),Beverages,Bengaluru,Apex Dairy Supplies Bengaluru,202,35,7070
28-08-2024,Nandini Spiced Buttermilk (200ml),Beverages,Belagavi,North Karnataka Milk Center Belagavi,681,12,8172
28-08-2024,Nandini Kulfi (50ml),Frozen,Bengaluru,Apex Dairy Supplies Bengaluru,303,25,7575
28-08-2024,Nandini Curd (500g),Fresh Dairy,Davanagere,Central Karnataka Traders Davanagere,244,26,6344
28-08-2024,Nandini Homogenised Cow Milk (1L),Milk,Shivamogga,Malnad Dairy Network Shivamogga,256,46,11776
28-08-2024,Nandini Spiced Buttermilk (200ml),Beverages,Bengaluru,Apex Dairy Supplies Bengaluru,873,12,10476
28-08-2024,Nandini Curd (500g),Fresh Dairy,Mysuru,Chamundi Agencies Mysuru,546,26,14196
28-08-2024,Nandini Flavoured Milk Badam (200ml),Beverages,Bengaluru,Apex Dairy Supplies Bengaluru,222,35,7770
28-08-2024,Nandini Sweet Lassi (200ml),Beverages,Mysuru,Chamundi Agencies Mysuru,391,20,7820
28-08-2024,Nandini Fresh Paneer (200g),Fresh Dairy,Bengaluru,Apex Dairy Supplies Bengaluru,195,95,18525
28-08-2024,Nandini Special Milk (1L),Milk,Davanagere,Central Karnataka Traders Davanagere,387,48,18576
28-08-2024,Nandini Samrudhi Milk (1L),Milk,Bengaluru,Apex Dairy Supplies Bengaluru,261,54,14094
29-08-2024,Nandini Salted Butter (500g),Ghee & Butter,Bengaluru,Apex Dairy Supplies Bengaluru,113,275,31075
29-08-2024,Nandini Special Milk (1L),Milk,Ballari,Tungabhadra Dairy Logistics Ballari,202,48,9696
29-08-2024,Nandini Salted Butter (500g),Ghee & Butter,Shivamogga,Malnad Dairy Network Shivamogga,63,275,17325
29-08-2024,Nandini Flavoured Milk Badam (200ml),Beverages,Ballari,Tungabhadra Dairy Logistics Ballari,172,35,6020
29-08-2024,Nandini Homogenised Cow Milk (1L),Milk,Hubballi,Kittur Distributors Hubballi,497,46,22862
29-08-2024,Nandini Unsalted Butter (500g),Ghee & Butter,Bengaluru,Apex Dairy Supplies Bengaluru,111,280,31080
29-08-2024,Nandini Curd (500g),Fresh Dairy,Kalaburagi,Kalyana Karnataka Foods Kalaburagi,291,26,7566
29-08-2024,Nandini Toned Milk (1L),Milk,Bengaluru,Apex Dairy Supplies Bengaluru,1278,42,53676
29-08-2024,Nandini Curd (500g),Fresh Dairy,Hubballi,Kittur Distributors Hubballi,482,26,12532
29-08-2024,Nandini Milk Peda (250g),Sweets,Bengaluru,Apex Dairy Supplies Bengaluru,118,140,16520
29-08-2024,Nandini Unsalted Butter (500g),Ghee & Butter,Tumakuru,Siddaganga Milk Express Tumakuru,121,280,33880
29-08-2024,Nandini Fresh Paneer (200g),Fresh Dairy,Shivamogga,Malnad Dairy Network Shivamogga,138,95,13110
30-08-2024,Nandini Mysore Pak (250g),Sweets,Bengaluru,Apex Dairy Supplies Bengaluru,196,160,31360
30-08-2024,Nandini Pure Ghee (1L),Ghee & Butter,Hubballi,Kittur Distributors Hubballi,125,610,76250
30-08-2024,Nandini Curd (500g),Fresh Dairy,Shivamogga,Malnad Dairy Network Shivamogga,497,26,12922
30-08-2024,Nandini Pure Ghee (1L),Ghee & Butter,Mangaluru,Coastal Cool Logistics Mangaluru,112,610,68320
30-08-2024,Nandini Toned Milk (1L),Milk,Hubballi,Kittur Distributors Hubballi,723,42,30366
30-08-2024,Nandini Sweet Lassi (200ml),Beverages,Mysuru,Chamundi Agencies Mysuru,321,20,6420
30-08-2024,Nandini Shubham Milk (1L),Milk,Mysuru,Chamundi Agencies Mysuru,218,50,10900
30-08-2024,Nandini Pure Ghee (500ml),Ghee & Butter,Bengaluru,Apex Dairy Supplies Bengaluru,259,315,81585
30-08-2024,Nandini Cassata Ice Cream (150ml),Frozen,Belagavi,North Karnataka Milk Center Belagavi,89,55,4895
30-08-2024,Nandini Shubham Milk (1L),Milk,Mangaluru,Coastal Cool Logistics Mangaluru,417,50,20850
30-08-2024,Nandini Unsalted Butter (500g),Ghee & Butter,Tumakuru,Siddaganga Milk Express Tumakuru,55,280,15400
30-08-2024,Nandini Fresh Paneer (200g),Fresh Dairy,Bengaluru,Apex Dairy Supplies Bengaluru,86,95,8170
30-08-2024,Nandini Mysore Pak (250g),Sweets,Hubballi,Kittur Distributors Hubballi,105,160,16800
30-08-2024,Nandini Kulfi (50ml),Frozen,Hubballi,Kittur Distributors Hubballi,142,25,3550
30-08-2024,Nandini Toned Milk (1L),Milk,Bengaluru,Apex Dairy Supplies Bengaluru,803,42,33726
30-08-2024,Nandini Spiced Buttermilk (200ml),Beverages,Kalaburagi,Kalyana Karnataka Foods Kalaburagi,685,12,8220
30-08-2024,Nandini Salted Butter (500g),Ghee & Butter,Mangaluru,Coastal Cool Logistics Mangaluru,100,275,27500
31-08-2024,Nandini Pure Ghee (1L),Ghee & Butter,Kalaburagi,Kalyana Karnataka Foods Kalaburagi,102,610,62220
31-08-2024,Nandini Toned Milk (1L),Milk,Tumakuru,Siddaganga Milk Express Tumakuru,439,42,18438
31-08-2024,Nandini Gulab Jamun (1kg),Sweets,Mysuru,Chamundi Agencies Mysuru,193,260,50180
31-08-2024,Nandini Homogenised Cow Milk (1L),Milk,Hubballi,Kittur Distributors Hubballi,510,46,23460
31-08-2024,Nandini Gulab Jamun (1kg),Sweets,Belagavi,North Karnataka Milk Center Belagavi,59,260,15340
31-08-2024,Nandini Special Milk (1L),Milk,Bengaluru,Apex Dairy Supplies Bengaluru,532,48,25536
31-08-2024,Nandini Toned Milk (1L),Milk,Mysuru,Chamundi Agencies Mysuru,562,42,23604
31-08-2024,Nandini Sweet Lassi (200ml),Beverages,Mysuru,Chamundi Agencies Mysuru,249,20,4980
31-08-2024,Nandini Set Curd (400g),Fresh Dairy,Bengaluru,Apex Dairy Supplies Bengaluru,148,40,5920
01-09-2024,Nandini Samrudhi Milk (1L),Milk,Davanagere,Central Karnataka Traders Davanagere,163,54,8802
01-09-2024,Nandini Curd (500g),Fresh Dairy,Kalaburagi,Kalyana Karnataka Foods Kalaburagi,213,26,5538
01-09-2024,Nandini Curd (500g),Fresh Dairy,Mangaluru,Coastal Cool Logistics Mangaluru,587,26,15262
01-09-2024,Nandini Shubham Milk (1L),Milk,Bengaluru,Apex Dairy Supplies Bengaluru,506,50,25300
02-09-2024,Nandini Spiced Buttermilk (200ml),Beverages,Bengaluru,Apex Dairy Supplies Bengaluru,778,12,9336
02-09-2024,Nandini Toned Milk (1L),Milk,Mysuru,Chamundi Agencies Mysuru,791,42,33222
02-09-2024,Nandini Kulfi (50ml),Frozen,Ballari,Tungabhadra Dairy Logistics Ballari,179,25,4475
03-09-2024,Nandini Shubham Milk (1L),Milk,Bengaluru,Apex Dairy Supplies Bengaluru,410,50,20500
03-09-2024,Nandini Toned Milk (1L),Milk,Davanagere,Central Karnataka Traders Davanagere,812,42,34104
03-09-2024,Nandini Special Milk (1L),Milk,Bengaluru,Apex Dairy Supplies Bengaluru,478,48,22944
03-09-2024,Nandini Flavoured Milk Badam (200ml),Beverages,Bengaluru,Apex Dairy Supplies Bengaluru,272,35,9520
03-09-2024,Nandini Mysore Pak (250g),Sweets,Hubballi,Kittur Distributors Hubballi,136,160,21760
03-09-2024,Nandini Toned Milk (1L),Milk,Bengaluru,Apex Dairy Supplies Bengaluru,1327,42,55734
03-09-2024,Nandini Pure Ghee (1L),Ghee & Butter,Bengaluru,Apex Dairy Supplies Bengaluru,163,610,99430
03-09-2024,Nandini Pure Ghee (500ml),Ghee & Butter,Bengaluru,Apex Dairy Supplies Bengaluru,194,315,61110
03-09-2024,Nandini Salted Butter (500g),Ghee & Butter,Mangaluru,Coastal Cool Logistics Mangaluru,178,275,48950
03-09-2024,Nandini Curd (500g),Fresh Dairy,Mysuru,Chamundi Agencies Mysuru,636,26,16536
03-09-2024,Nandini Homogenised Cow Milk (1L),Milk,Mangaluru,Coastal Cool Logistics Mangaluru,297,46,13662
03-09-2024,Nandini Pure Ghee (500ml),Ghee & Butter,Bengaluru,Apex Dairy Supplies Bengaluru,258,315,81270
03-09-2024,Nandini Set Curd (400g),Fresh Dairy,Bengaluru,Apex Dairy Supplies Bengaluru,126,40,5040
03-09-2024,Nandini Salted Butter (500g),Ghee & Butter,Bengaluru,Apex Dairy Supplies Bengaluru,114,275,31350
04-09-2024,Nandini Kulfi (50ml),Frozen,Mysuru,Chamundi Agencies Mysuru,158,25,3950
04-09-2024,Nandini Flavoured Milk Badam (200ml),Beverages,Belagavi,North Karnataka Milk Center Belagavi,291,35,10185
04-09-2024,Nandini Cassata Ice Cream (150ml),Frozen,Belagavi,North Karnataka Milk Center Belagavi,167,55,9185
04-09-2024,Nandini Sweet Lassi (200ml),Beverages,Bengaluru,Apex Dairy Supplies Bengaluru,230,20,4600
05-09-2024,Nandini Spiced Buttermilk (200ml),Beverages,Hubballi,Kittur Distributors Hubballi,685,12,8220
05-09-2024,Nandini Pure Ghee (1L),Ghee & Butter,Belagavi,North Karnataka Milk Center Belagavi,47,610,28670
05-09-2024,Nandini Cassata Ice Cream (150ml),Frozen,Mysuru,Chamundi Agencies Mysuru,140,55,7700
05-09-2024,Nandini Gulab Jamun (1kg),Sweets,Davanagere,Central Karnataka Traders Davanagere,33,260,8580
05-09-2024,Nandini Salted Butter (500g),Ghee & Butter,Hubballi,Kittur Distributors Hubballi,139,275,38225
05-09-2024,Nandini Homogenised Cow Milk (1L),Milk,Belagavi,North Karnataka Milk Center Belagavi,689,46,31694
05-09-2024,Nandini Fresh Paneer (200g),Fresh Dairy,Bengaluru,Apex Dairy Supplies Bengaluru,125,95,11875
05-09-2024,Nandini Milk Peda (250g),Sweets,Mangaluru,Coastal Cool Logistics Mangaluru,156,140,21840
06-09-2024,Nandini Sweet Lassi (200ml),Beverages,Bengaluru,Apex Dairy Supplies Bengaluru,377,20,7540
06-09-2024,Nandini Spiced Buttermilk (200ml),Beverages,Bengaluru,Apex Dairy Supplies Bengaluru,913,12,10956
06-09-2024,Nandini Gulab Jamun (1kg),Sweets,Bengaluru,Apex Dairy Supplies Bengaluru,110,260,28600
06-09-2024,Nandini Toned Milk (1L),Milk,Bengaluru,Apex Dairy Supplies Bengaluru,626,42,26292
06-09-2024,Nandini Curd (500g),Fresh Dairy,Mangaluru,Coastal Cool Logistics Mangaluru,585,26,15210
06-09-2024,Nandini Salted Butter (500g),Ghee & Butter,Bengaluru,Apex Dairy Supplies Bengaluru,179,275,49225
06-09-2024,Nandini Gulab Jamun (1kg),Sweets,Bengaluru,Apex Dairy Supplies Bengaluru,162,260,42120
06-09-2024,Nandini Samrudhi Milk (1L),Milk,Mangaluru,Coastal Cool Logistics Mangaluru,102,54,5508
06-09-2024,Nandini Kulfi (50ml),Frozen,Belagavi,North Karnataka Milk Center Belagavi,275,25,6875
06-09-2024,Nandini Flavoured Milk Badam (200ml),Beverages,Bengaluru,Apex Dairy Supplies Bengaluru,371,35,12985
06-09-2024,Nandini Shubham Milk (1L),Milk,Bengaluru,Apex Dairy Supplies Bengaluru,452,50,22600
06-09-2024,Nandini Spiced Buttermilk (200ml),Beverages,Bengaluru,Apex Dairy Supplies Bengaluru,740,12,8880
06-09-2024,Nandini Sweet Lassi (200ml),Beverages,Bengaluru,Apex Dairy Supplies Bengaluru,239,20,4780
06-09-2024,Nandini Milk Peda (250g),Sweets,Bengaluru,Apex Dairy Supplies Bengaluru,217,140,30380
06-09-2024,Nandini Milk Peda (250g),Sweets,Kalaburagi,Kalyana Karnataka Foods Kalaburagi,77,140,10780
07-09-2024,Nandini Pure Ghee (1L),Ghee & Butter,Bengaluru,Apex Dairy Supplies Bengaluru,137,610,83570
07-09-2024,Nandini Homogenised Cow Milk (1L),Milk,Bengaluru,Apex Dairy Supplies Bengaluru,415,46,19090
07-09-2024,Nandini Pure Ghee (1L),Ghee & Butter,Bengaluru,Apex Dairy Supplies Bengaluru,183,610,111630
07-09-2024,Nandini Mysore Pak (250g),Sweets,Ballari,Tungabhadra Dairy Logistics Ballari,209,160,33440
07-09-2024,Nandini Fresh Paneer (200g),Fresh Dairy,Bengaluru,Apex Dairy Supplies Bengaluru,192,95,18240
07-09-2024,Nandini Curd (500g),Fresh Dairy,Bengaluru,Apex Dairy Supplies Bengaluru,614,26,15964
07-09-2024,Nandini Kulfi (50ml),Frozen,Hubballi,Kittur Distributors Hubballi,127,25,3175
07-09-2024,Nandini Gulab Jamun (1kg),Sweets,Mysuru,Chamundi Agencies Mysuru,149,260,38740
07-09-2024,Nandini Gulab Jamun (1kg),Sweets,Bengaluru,Apex Dairy Supplies Bengaluru,122,260,31720
07-09-2024,Nandini Special Milk (1L),Milk,Bengaluru,Apex Dairy Supplies Bengaluru,585,48,28080
07-09-2024,Nandini Milk Peda (250g),Sweets,Mangaluru,Coastal Cool Logistics Mangaluru,144,140,20160
07-09-2024,Nandini Pure Ghee (1L),Ghee & Butter,Bengaluru,Apex Dairy Supplies Bengaluru,226,610,137860
07-09-2024,Nandini Set Curd (400g),Fresh Dairy,Hubballi,Kittur Distributors Hubballi,58,40,2320
07-09-2024,Nandini Flavoured Milk Badam (200ml),Beverages,Hubballi,Kittur Distributors Hubballi,270,35,9450
07-09-2024,Nandini Pure Ghee (1L),Ghee & Butter,Belagavi,North Karnataka Milk Center Belagavi,115,610,70150
08-09-2024,Nandini Toned Milk (1L),Milk,Bengaluru,Apex Dairy Supplies Bengaluru,1278,42,53676
08-09-2024,Nandini Flavoured Milk Badam (200ml),Beverages,Bengaluru,Apex Dairy Supplies Bengaluru,209,35,7315
08-09-2024,Nandini Special Milk (1L),Milk,Shivamogga,Malnad Dairy Network Shivamogga,409,48,19632
08-09-2024,Nandini Curd (500g),Fresh Dairy,Mysuru,Chamundi Agencies Mysuru,361,26,9386
08-09-2024,Nandini Gulab Jamun (1kg),Sweets,Bengaluru,Apex Dairy Supplies Bengaluru,193,260,50180
08-09-2024,Nandini Pure Ghee (500ml),Ghee & Butter,Mysuru,Chamundi Agencies Mysuru,262,315,82530
08-09-2024,Nandini Sweet Lassi (200ml),Beverages,Mysuru,Chamundi Agencies Mysuru,432,20,8640
08-09-2024,Nandini Gulab Jamun (1kg),Sweets,Mangaluru,Coastal Cool Logistics Mangaluru,103,260,26780
08-09-2024,Nandini Shubham Milk (1L),Milk,Hubballi,Kittur Distributors Hubballi,292,50,14600
08-09-2024,Nandini Samrudhi Milk (1L),Milk,Belagavi,North Karnataka Milk Center Belagavi,220,54,11880
08-09-2024,Nandini Milk Peda (250g),Sweets,Mangaluru,Coastal Cool Logistics Mangaluru,209,140,29260
08-09-2024,Nandini Gulab Jamun (1kg),Sweets,Belagavi,North Karnataka Milk Center Belagavi,60,260,15600
08-09-2024,Nandini Flavoured Milk Badam (200ml),Beverages,Bengaluru,Apex Dairy Supplies Bengaluru,334,35,11690
09-09-2024,Nandini Homogenised Cow Milk (1L),Milk,Bengaluru,Apex Dairy Supplies Bengaluru,955,46,43930
09-09-2024,Nandini Set Curd (400g),Fresh Dairy,Bengaluru,Apex Dairy Supplies Bengaluru,108,40,4320
09-09-2024,Nandini Samrudhi Milk (1L),Milk,Davanagere,Central Karnataka Traders Davanagere,185,54,9990
09-09-2024,Nandini Fresh Paneer (200g),Fresh Dairy,Bengaluru,Apex Dairy Supplies Bengaluru,223,95,21185
09-09-2024,Nandini Homogenised Cow Milk (1L),Milk,Ballari,Tungabhadra Dairy Logistics Ballari,387,46,17802
09-09-2024,Nandini Cassata Ice Cream (150ml),Frozen,Shivamogga,Malnad Dairy Network Shivamogga,70,55,3850
09-09-2024,Nandini Toned Milk (1L),Milk,Kalaburagi,Kalyana Karnataka Foods Kalaburagi,819,42,34398
09-09-2024,Nandini Set Curd (400g),Fresh Dairy,Hubballi,Kittur Distributors Hubballi,153,40,6120
09-09-2024,Nandini Spiced Buttermilk (200ml),Beverages,Mysuru,Chamundi Agencies Mysuru,879,12,10548
09-09-2024,Nandini Kulfi (50ml),Frozen,Bengaluru,Apex Dairy Supplies Bengaluru,317,25,7925
10-09-2024,Nandini Mysore Pak (250g),Sweets,Hubballi,Kittur Distributors Hubballi,116,160,18560
10-09-2024,Nandini Shubham Milk (1L),Milk,Hubballi,Kittur Distributors Hubballi,176,50,8800
10-09-2024,Nandini Sweet Lassi (200ml),Beverages,Bengaluru,Apex Dairy Supplies Bengaluru,460,20,9200
10-09-2024,Nandini Fresh Paneer (200g),Fresh Dairy,Mysuru,Chamundi Agencies Mysuru,245,95,23275
10-09-2024,Nandini Sweet Lassi (200ml),Beverages,Belagavi,North Karnataka Milk Center Belagavi,452,20,9040
10-09-2024,Nandini Cassata Ice Cream (150ml),Frozen,Belagavi,North Karnataka Milk Center Belagavi,124,55,6820
10-09-2024,Nandini Pure Ghee (1L),Ghee & Butter,Hubballi,Kittur Distributors Hubballi,136,610,82960
10-09-2024,Nandini Samrudhi Milk (1L),Milk,Kalaburagi,Kalyana Karnataka Foods Kalaburagi,170,54,9180
10-09-2024,Nandini Pure Ghee (500ml),Ghee & Butter,Mysuru,Chamundi Agencies Mysuru,98,315,30870
10-09-2024,Nandini Samrudhi Milk (1L),Milk,Bengaluru,Apex Dairy Supplies Bengaluru,226,54,12204
10-09-2024,Nandini Pure Ghee (500ml),Ghee & Butter,Bengaluru,Apex Dairy Supplies Bengaluru,191,315,60165
10-09-2024,Nandini Curd (500g),Fresh Dairy,Bengaluru,Apex Dairy Supplies Bengaluru,361,26,9386
10-09-2024,Nandini Fresh Paneer (200g),Fresh Dairy,Mangaluru,Coastal Cool Logistics Mangaluru,112,95,10640
10-09-2024,Nandini Sweet Lassi (200ml),Beverages,Belagavi,North Karnataka Milk Center Belagavi,323,20,6460
10-09-2024,Nandini Special Milk (1L),Milk,Bengaluru,Apex Dairy Supplies Bengaluru,565,48,27120
11-09-2024,Nandini Sweet Lassi (200ml),Beverages,Kalaburagi,Kalyana Karnataka Foods Kalaburagi,296,20,5920
11-09-2024,Nandini Curd (500g),Fresh Dairy,Belagavi,North Karnataka Milk Center Belagavi,273,26,7098
11-09-2024,Nandini Milk Peda (250g),Sweets,Bengaluru,Apex Dairy Supplies Bengaluru,152,140,21280
11-09-2024,Nandini Milk Peda (250g),Sweets,Ballari,Tungabhadra Dairy Logistics Ballari,162,140,22680
11-09-2024,Nandini Special Milk (1L),Milk,Bengaluru,Apex Dairy Supplies Bengaluru,386,48,18528
11-09-2024,Nandini Mysore Pak (250g),Sweets,Mysuru,Chamundi Agencies Mysuru,170,160,27200
11-09-2024,Nandini Toned Milk (1L),Milk,Bengaluru,Apex Dairy Supplies Bengaluru,564,42,23688
11-09-2024,Nandini Special Milk (1L),Milk,Mangaluru,Coastal Cool Logistics Mangaluru,452,48,21696
11-09-2024,Nandini Set Curd (400g),Fresh Dairy,Davanagere,Central Karnataka Traders Davanagere,75,40,3000
11-09-2024,Nandini Pure Ghee (500ml),Ghee & Butter,Bengaluru,Apex Dairy Supplies Bengaluru,90,315,28350
11-09-2024,Nandini Gulab Jamun (1kg),Sweets,Mysuru,Chamundi Agencies Mysuru,113,260,29380
11-09-2024,Nandini Fresh Paneer (200g),Fresh Dairy,Bengaluru,Apex Dairy Supplies Bengaluru,277,95,26315
12-09-2024,Nandini Sweet Lassi (200ml),Beverages,Shivamogga,Malnad Dairy Network Shivamogga,406,20,8120
12-09-2024,Nandini Unsalted Butter (500g),Ghee & Butter,Tumakuru,Siddaganga Milk Express Tumakuru,123,280,34440
12-09-2024,Nandini Flavoured Milk Badam (200ml),Beverages,Kalaburagi,Kalyana Karnataka Foods Kalaburagi,218,35,7630
12-09-2024,Nandini Gulab Jamun (1kg),Sweets,Mysuru,Chamundi Agencies Mysuru,94,260,24440
12-09-2024,Nandini Homogenised Cow Milk (1L),Milk,Bengaluru,Apex Dairy Supplies Bengaluru,666,46,30636
12-09-2024,Nandini Cassata Ice Cream (150ml),Frozen,Bengaluru,Apex Dairy Supplies Bengaluru,107,55,5885
12-09-2024,Nandini Unsalted Butter (500g),Ghee & Butter,Belagavi,North Karnataka Milk Center Belagavi,94,280,26320
12-09-2024,Nandini Unsalted Butter (500g),Ghee & Butter,Bengaluru,Apex Dairy Supplies Bengaluru,112,280,31360
12-09-2024,Nandini Unsalted Butter (500g),Ghee & Butter,Mangaluru,Coastal Cool Logistics Mangaluru,132,280,36960
12-09-2024,Nandini Curd (500g),Fresh Dairy,Mysuru,Chamundi Agencies Mysuru,438,26,11388
12-09-2024,Nandini Samrudhi Milk (1L),Milk,Mangaluru,Coastal Cool Logistics Mangaluru,277,54,14958
13-09-2024,Nandini Unsalted Butter (500g),Ghee & Butter,Hubballi,Kittur Distributors Hubballi,42,280,11760
13-09-2024,Nandini Toned Milk (1L),Milk,Bengaluru,Apex Dairy Supplies Bengaluru,1077,42,45234
13-09-2024,Nandini Milk Peda (250g),Sweets,Shivamogga,Malnad Dairy Network Shivamogga,192,140,26880
13-09-2024,Nandini Samrudhi Milk (1L),Milk,Bengaluru,Apex Dairy Supplies Bengaluru,238,54,12852
13-09-2024,Nandini Pure Ghee (1L),Ghee & Butter,Belagavi,North Karnataka Milk Center Belagavi,133,610,81130
13-09-2024,Nandini Cassata Ice Cream (150ml),Frozen,Mysuru,Chamundi Agencies Mysuru,136,55,7480
13-09-2024,Nandini Cassata Ice Cream (150ml),Frozen,Bengaluru,Apex Dairy Supplies Bengaluru,180,55,9900
13-09-2024,Nandini Mysore Pak (250g),Sweets,Mysuru,Chamundi Agencies Mysuru,74,160,11840
13-09-2024,Nandini Spiced Buttermilk (200ml),Beverages,Bengaluru,Apex Dairy Supplies Bengaluru,498,12,5976
13-09-2024,Nandini Cassata Ice Cream (150ml),Frozen,Mangaluru,Coastal Cool Logistics Mangaluru,83,55,4565
13-09-2024,Nandini Pure Ghee (1L),Ghee & Butter,Bengaluru,Apex Dairy Supplies Bengaluru,173,610,105530
13-09-2024,Nandini Milk Peda (250g),Sweets,Bengaluru,Apex Dairy Supplies Bengaluru,221,140,30940
14-09-2024,Nandini Milk Peda (250g),Sweets,Shivamogga,Malnad Dairy Network Shivamogga,124,140,17360
14-09-2024,Nandini Salted Butter (500g),Ghee & Butter,Kalaburagi,Kalyana Karnataka Foods Kalaburagi,76,275,20900
14-09-2024,Nandini Spiced Buttermilk (200ml),Beverages,Bengaluru,Apex Dairy Supplies Bengaluru,683,12,8196
14-09-2024,Nandini Sweet Lassi (200ml),Beverages,Bengaluru,Apex Dairy Supplies Bengaluru,658,20,13160
14-09-2024,Nandini Samrudhi Milk (1L),Milk,Kalaburagi,Kalyana Karnataka Foods Kalaburagi,88,54,4752
14-09-2024,Nandini Flavoured Milk Badam (200ml),Beverages,Mysuru,Chamundi Agencies Mysuru,98,35,3430
14-09-2024,Nandini Milk Peda (250g),Sweets,Bengaluru,Apex Dairy Supplies Bengaluru,240,140,33600
14-09-2024,Nandini Mysore Pak (250g),Sweets,Bengaluru,Apex Dairy Supplies Bengaluru,188,160,30080
15-09-2024,Nandini Set Curd (400g),Fresh Dairy,Mysuru,Chamundi Agencies Mysuru,127,40,5080
15-09-2024,Nandini Gulab Jamun (1kg),Sweets,Bengaluru,Apex Dairy Supplies Bengaluru,69,260,17940
15-09-2024,Nandini Salted Butter (500g),Ghee & Butter,Bengaluru,Apex Dairy Supplies Bengaluru,146,275,40150
15-09-2024,Nandini Spiced Buttermilk (200ml),Beverages,Bengaluru,Apex Dairy Supplies Bengaluru,747,12,8964
15-09-2024,Nandini Mysore Pak (250g),Sweets,Davanagere,Central Karnataka Traders Davanagere,166,160,26560
15-09-2024,Nandini Homogenised Cow Milk (1L),Milk,Bengaluru,Apex Dairy Supplies Bengaluru,897,46,41262
15-09-2024,Nandini Salted Butter (500g),Ghee & Butter,Hubballi,Kittur Distributors Hubballi,70,275,19250
15-09-2024,Nandini Kulfi (50ml),Frozen,Bengaluru,Apex Dairy Supplies Bengaluru,215,25,5375
15-09-2024,Nandini Homogenised Cow Milk (1L),Milk,Mysuru,Chamundi Agencies Mysuru,353,46,16238
16-09-2024,Nandini Salted Butter (500g),Ghee & Butter,Bengaluru,Apex Dairy Supplies Bengaluru,139,275,38225
16-09-2024,Nandini Toned Milk (1L),Milk,Mangaluru,Coastal Cool Logistics Mangaluru,775,42,32550
16-09-2024,Nandini Milk Peda (250g),Sweets,Belagavi,North Karnataka Milk Center Belagavi,152,140,21280
16-09-2024,Nandini Special Milk (1L),Milk,Bengaluru,Apex Dairy Supplies Bengaluru,597,48,28656
16-09-2024,Nandini Mysore Pak (250g),Sweets,Bengaluru,Apex Dairy Supplies Bengaluru,204,160,32640
16-09-2024,Nandini Flavoured Milk Badam (200ml),Beverages,Bengaluru,Apex Dairy Supplies Bengaluru,316,35,11060
16-09-2024,Nandini Shubham Milk (1L),Milk,Bengaluru,Apex Dairy Supplies Bengaluru,319,50,15950
16-09-2024,Nandini Shubham Milk (1L),Milk,Mysuru,Chamundi Agencies Mysuru,228,50,11400
16-09-2024,Nandini Gulab Jamun (1kg),Sweets,Kalaburagi,Kalyana Karnataka Foods Kalaburagi,110,260,28600
16-09-2024,Nandini Sweet Lassi (200ml),Beverages,Mysuru,Chamundi Agencies Mysuru,491,20,9820
17-09-2024,Nandini Fresh Paneer (200g),Fresh Dairy,Bengaluru,Apex Dairy Supplies Bengaluru,121,95,11495
17-09-2024,Nandini Homogenised Cow Milk (1L),Milk,Mysuru,Chamundi Agencies Mysuru,327,46,15042
17-09-2024,Nandini Toned Milk (1L),Milk,Bengaluru,Apex Dairy Supplies Bengaluru,848,42,35616
17-09-2024,Nandini Salted Butter (500g),Ghee & Butter,Bengaluru,Apex Dairy Supplies Bengaluru,208,275,57200
17-09-2024,Nandini Pure Ghee (1L),Ghee & Butter,Belagavi,North Karnataka Milk Center Belagavi,77,610,46970
18-09-2024,Nandini Gulab Jamun (1kg),Sweets,Belagavi,North Karnataka Milk Center Belagavi,88,260,22880
18-09-2024,Nandini Shubham Milk (1L),Milk,Bengaluru,Apex Dairy Supplies Bengaluru,330,50,16500
18-09-2024,Nandini Set Curd (400g),Fresh Dairy,Bengaluru,Apex Dairy Supplies Bengaluru,113,40,4520
18-09-2024,Nandini Kulfi (50ml),Frozen,Hubballi,Kittur Distributors Hubballi,106,25,2650
18-09-2024,Nandini Curd (500g),Fresh Dairy,Hubballi,Kittur Distributors Hubballi,366,26,9516
18-09-2024,Nandini Unsalted Butter (500g),Ghee & Butter,Bengaluru,Apex Dairy Supplies Bengaluru,56,280,15680
18-09-2024,Nandini Gulab Jamun (1kg),Sweets,Belagavi,North Karnataka Milk Center Belagavi,39,260,10140
18-09-2024,Nandini Salted Butter (500g),Ghee & Butter,Kalaburagi,Kalyana Karnataka Foods Kalaburagi,201,275,55275
18-09-2024,Nandini Curd (500g),Fresh Dairy,Davanagere,Central Karnataka Traders Davanagere,405,26,10530
19-09-2024,Nandini Salted Butter (500g),Ghee & Butter,Bengaluru,Apex Dairy Supplies Bengaluru,87,275,23925
19-09-2024,Nandini Sweet Lassi (200ml),Beverages,Bengaluru,Apex Dairy Supplies Bengaluru,381,20,7620
19-09-2024,Nandini Gulab Jamun (1kg),Sweets,Bengaluru,Apex Dairy Supplies Bengaluru,164,260,42640
19-09-2024,Nandini Special Milk (1L),Milk,Hubballi,Kittur Distributors Hubballi,306,48,14688
19-09-2024,Nandini Samrudhi Milk (1L),Milk,Bengaluru,Apex Dairy Supplies Bengaluru,246,54,13284
19-09-2024,Nandini Special Milk (1L),Milk,Tumakuru,Siddaganga Milk Express Tumakuru,391,48,18768
19-09-2024,Nandini Kulfi (50ml),Frozen,Bengaluru,Apex Dairy Supplies Bengaluru,227,25,5675
19-09-2024,Nandini Special Milk (1L),Milk,Kalaburagi,Kalyana Karnataka Foods Kalaburagi,449,48,21552
20-09-2024,Nandini Gulab Jamun (1kg),Sweets,Mysuru,Chamundi Agencies Mysuru,81,260,21060
20-09-2024,Nandini Cassata Ice Cream (150ml),Frozen,Bengaluru,Apex Dairy Supplies Bengaluru,98,55,5390
20-09-2024,Nandini Pure Ghee (1L),Ghee & Butter,Belagavi,North Karnataka Milk Center Belagavi,136,610,82960
20-09-2024,Nandini Special Milk (1L),Milk,Kalaburagi,Kalyana Karnataka Foods Kalaburagi,316,48,15168
20-09-2024,Nandini Unsalted Butter (500g),Ghee & Butter,Kalaburagi,Kalyana Karnataka Foods Kalaburagi,145,280,40600
20-09-2024,Nandini Shubham Milk (1L),Milk,Bengaluru,Apex Dairy Supplies Bengaluru,263,50,13150
20-09-2024,Nandini Fresh Paneer (200g),Fresh Dairy,Mangaluru,Coastal Cool Logistics Mangaluru,89,95,8455
20-09-2024,Nandini Spiced Buttermilk (200ml),Beverages,Shivamogga,Malnad Dairy Network Shivamogga,312,12,3744
20-09-2024,Nandini Salted Butter (500g),Ghee & Butter,Davanagere,Central Karnataka Traders Davanagere,69,275,18975
20-09-2024,Nandini Pure Ghee (500ml),Ghee & Butter,Davanagere,Central Karnataka Traders Davanagere,144,315,45360
21-09-2024,Nandini Set Curd (400g),Fresh Dairy,Mysuru,Chamundi Agencies Mysuru,119,40,4760
21-09-2024,Nandini Pure Ghee (500ml),Ghee & Butter,Tumakuru,Siddaganga Milk Express Tumakuru,69,315,21735
21-09-2024,Nandini Samrudhi Milk (1L),Milk,Mangaluru,Coastal Cool Logistics Mangaluru,153,54,8262
21-09-2024,Nandini Cassata Ice Cream (150ml),Frozen,Bengaluru,Apex Dairy Supplies Bengaluru,93,55,5115
21-09-2024,Nandini Samrudhi Milk (1L),Milk,Mangaluru,Coastal Cool Logistics Mangaluru,242,54,13068
21-09-2024,Nandini Curd (500g),Fresh Dairy,Bengaluru,Apex Dairy Supplies Bengaluru,426,26,11076
21-09-2024,Nandini Fresh Paneer (200g),Fresh Dairy,Bengaluru,Apex Dairy Supplies Bengaluru,142,95,13490
21-09-2024,Nandini Curd (500g),Fresh Dairy,Mangaluru,Coastal Cool Logistics Mangaluru,458,26,11908
21-09-2024,Nandini Cassata Ice Cream (150ml),Frozen,Mysuru,Chamundi Agencies Mysuru,191,55,10505
21-09-2024,Nandini Fresh Paneer (200g),Fresh Dairy,Bengaluru,Apex Dairy Supplies Bengaluru,158,95,15010
22-09-2024,Nandini Spiced Buttermilk (200ml),Beverages,Mangaluru,Coastal Cool Logistics Mangaluru,521,12,6252
22-09-2024,Nandini Special Milk (1L),Milk,Davanagere,Central Karnataka Traders Davanagere,285,48,13680
22-09-2024,Nandini Cassata Ice Cream (150ml),Frozen,Mysuru,Chamundi Agencies Mysuru,229,55,12595
22-09-2024,Nandini Fresh Paneer (200g),Fresh Dairy,Hubballi,Kittur Distributors Hubballi,210,95,19950
22-09-2024,Nandini Cassata Ice Cream (150ml),Frozen,Hubballi,Kittur Distributors Hubballi,71,55,3905
22-09-2024,Nandini Homogenised Cow Milk (1L),Milk,Bengaluru,Apex Dairy Supplies Bengaluru,833,46,38318
22-09-2024,Nandini Set Curd (400g),Fresh Dairy,Bengaluru,Apex Dairy Supplies Bengaluru,230,40,9200
22-09-2024,Nandini Sweet Lassi (200ml),Beverages,Bengaluru,Apex Dairy Supplies Bengaluru,236,20,4720
22-09-2024,Nandini Spiced Buttermilk (200ml),Beverages,Belagavi,North Karnataka Milk Center Belagavi,877,12,10524
22-09-2024,Nandini Cassata Ice Cream (150ml),Frozen,Kalaburagi,Kalyana Karnataka Foods Kalaburagi,100,55,5500
22-09-2024,Nandini Cassata Ice Cream (150ml),Frozen,Belagavi,North Karnataka Milk Center Belagavi,132,55,7260
22-09-2024,Nandini Homogenised Cow Milk (1L),Milk,Mysuru,Chamundi Agencies Mysuru,324,46,14904
22-09-2024,Nandini Kulfi (50ml),Frozen,Davanagere,Central Karnataka Traders Davanagere,189,25,4725
23-09-2024,Nandini Pure Ghee (1L),Ghee & Butter,Mysuru,Chamundi Agencies Mysuru,154,610,93940
23-09-2024,Nandini Salted Butter (500g),Ghee & Butter,Ballari,Tungabhadra Dairy Logistics Ballari,77,275,21175
23-09-2024,Nandini Flavoured Milk Badam (200ml),Beverages,Bengaluru,Apex Dairy Supplies Bengaluru,310,35,10850
23-09-2024,Nandini Curd (500g),Fresh Dairy,Bengaluru,Apex Dairy Supplies Bengaluru,497,26,12922
23-09-2024,Nandini Toned Milk (1L),Milk,Ballari,Tungabhadra Dairy Logistics Ballari,577,42,24234
23-09-2024,Nandini Unsalted Butter (500g),Ghee & Butter,Belagavi,North Karnataka Milk Center Belagavi,71,280,19880
23-09-2024,Nandini Unsalted Butter (500g),Ghee & Butter,Bengaluru,Apex Dairy Supplies Bengaluru,33,280,9240
23-09-2024,Nandini Kulfi (50ml),Frozen,Mangaluru,Coastal Cool Logistics Mangaluru,130,25,3250
23-09-2024,Nandini Set Curd (400g),Fresh Dairy,Ballari,Tungabhadra Dairy Logistics Ballari,126,40,5040
23-09-2024,Nandini Unsalted Butter (500g),Ghee & Butter,Belagavi,North Karnataka Milk Center Belagavi,51,280,14280
23-09-2024,Nandini Gulab Jamun (1kg),Sweets,Bengaluru,Apex Dairy Supplies Bengaluru,63,260,16380
24-09-2024,Nandini Spiced Buttermilk (200ml),Beverages,Ballari,Tungabhadra Dairy Logistics Ballari,900,12,10800
24-09-2024,Nandini Shubham Milk (1L),Milk,Bengaluru,Apex Dairy Supplies Bengaluru,206,50,10300
24-09-2024,Nandini Pure Ghee (500ml),Ghee & Butter,Bengaluru,Apex Dairy Supplies Bengaluru,111,315,34965
24-09-2024,Nandini Toned Milk (1L),Milk,Bengaluru,Apex Dairy Supplies Bengaluru,1007,42,42294
24-09-2024,Nandini Flavoured Milk Badam (200ml),Beverages,Shivamogga,Malnad Dairy Network Shivamogga,196,35,6860
24-09-2024,Nandini Flavoured Milk Badam (200ml),Beverages,Ballari,Tungabhadra Dairy Logistics Ballari,100,35,3500
24-09-2024,Nandini Pure Ghee (500ml),Ghee & Butter,Hubballi,Kittur Distributors Hubballi,121,315,38115
24-09-2024,Nandini Special Milk (1L),Milk,Bengaluru,Apex Dairy Supplies Bengaluru,609,48,29232
24-09-2024,Nandini Set Curd (400g),Fresh Dairy,Bengaluru,Apex Dairy Supplies Bengaluru,170,40,6800
24-09-2024,Nandini Fresh Paneer (200g),Fresh Dairy,Bengaluru,Apex Dairy Supplies Bengaluru,162,95,15390
25-09-2024,Nandini Salted Butter (500g),Ghee & Butter,Bengaluru,Apex Dairy Supplies Bengaluru,175,275,48125
25-09-2024,Nandini Samrudhi Milk (1L),Milk,Bengaluru,Apex Dairy Supplies Bengaluru,242,54,13068
25-09-2024,Nandini Special Milk (1L),Milk,Belagavi,North Karnataka Milk Center Belagavi,228,48,10944
25-09-2024,Nandini Gulab Jamun (1kg),Sweets,Mangaluru,Coastal Cool Logistics Mangaluru,51,260,13260
25-09-2024,Nandini Special Milk (1L),Milk,Bengaluru,Apex Dairy Supplies Bengaluru,477,48,22896
25-09-2024,Nandini Shubham Milk (1L),Milk,Bengaluru,Apex Dairy Supplies Bengaluru,372,50,18600
25-09-2024,Nandini Spiced Buttermilk (200ml),Beverages,Bengaluru,Apex Dairy Supplies Bengaluru,656,12,7872
25-09-2024,Nandini Kulfi (50ml),Frozen,Bengaluru,Apex Dairy Supplies Bengaluru,140,25,3500
25-09-2024,Nandini Shubham Milk (1L),Milk,Bengaluru,Apex Dairy Supplies Bengaluru,158,50,7900
26-09-2024,Nandini Toned Milk (1L),Milk,Shivamogga,Malnad Dairy Network Shivamogga,472,42,19824
26-09-2024,Nandini Homogenised Cow Milk (1L),Milk,Mangaluru,Coastal Cool Logistics Mangaluru,341,46,15686
26-09-2024,Nandini Pure Ghee (1L),Ghee & Butter,Mysuru,Chamundi Agencies Mysuru,58,610,35380
26-09-2024,Nandini Special Milk (1L),Milk,Davanagere,Central Karnataka Traders Davanagere,377,48,18096
26-09-2024,Nandini Curd (500g),Fresh Dairy,Bengaluru,Apex Dairy Supplies Bengaluru,621,26,16146
26-09-2024,Nandini Fresh Paneer (200g),Fresh Dairy,Mysuru,Chamundi Agencies Mysuru,254,95,24130
26-09-2024,Nandini Spiced Buttermilk (200ml),Beverages,Tumakuru,Siddaganga Milk Express Tumakuru,916,12,10992
26-09-2024,Nandini Mysore Pak (250g),Sweets,Kalaburagi,Kalyana Karnataka Foods Kalaburagi,219,160,35040
26-09-2024,Nandini Curd (500g),Fresh Dairy,Belagavi,North Karnataka Milk Center Belagavi,436,26,11336
26-09-2024,Nandini Milk Peda (250g),Sweets,Hubballi,Kittur Distributors Hubballi,77,140,10780
26-09-2024,Nandini Sweet Lassi (200ml),Beverages,Belagavi,North Karnataka Milk Center Belagavi,452,20,9040
27-09-2024,Nandini Curd (500g),Fresh Dairy,Mysuru,Chamundi Agencies Mysuru,375,26,9750
27-09-2024,Nandini Spiced Buttermilk (200ml),Beverages,Bengaluru,Apex Dairy Supplies Bengaluru,548,12,6576
27-09-2024,Nandini Sweet Lassi (200ml),Beverages,Belagavi,North Karnataka Milk Center Belagavi,227,20,4540
27-09-2024,Nandini Set Curd (400g),Fresh Dairy,Hubballi,Kittur Distributors Hubballi,124,40,4960
28-09-2024,Nandini Cassata Ice Cream (150ml),Frozen,Shivamogga,Malnad Dairy Network Shivamogga,95,55,5225
28-09-2024,Nandini Flavoured Milk Badam (200ml),Beverages,Bengaluru,Apex Dairy Supplies Bengaluru,363,35,12705
28-09-2024,Nandini Set Curd (400g),Fresh Dairy,Bengaluru,Apex Dairy Supplies Bengaluru,153,40,6120
28-09-2024,Nandini Mysore Pak (250g),Sweets,Mysuru,Chamundi Agencies Mysuru,184,160,29440
28-09-2024,Nandini Curd (500g),Fresh Dairy,Mangaluru,Coastal Cool Logistics Mangaluru,357,26,9282
28-09-2024,Nandini Toned Milk (1L),Milk,Kalaburagi,Kalyana Karnataka Foods Kalaburagi,535,42,22470
29-09-2024,Nandini Kulfi (50ml),Frozen,Mysuru,Chamundi Agencies Mysuru,157,25,3925
29-09-2024,Nandini Gulab Jamun (1kg),Sweets,Bengaluru,Apex Dairy Supplies Bengaluru,79,260,20540
29-09-2024,Nandini Cassata Ice Cream (150ml),Frozen,Bengaluru,Apex Dairy Supplies Bengaluru,213,55,11715
29-09-2024,Nandini Gulab Jamun (1kg),Sweets,Mangaluru,Coastal Cool Logistics Mangaluru,159,260,41340
29-09-2024,Nandini Set Curd (400g),Fresh Dairy,Belagavi,North Karnataka Milk Center Belagavi,85,40,3400
29-09-2024,Nandini Pure Ghee (500ml),Ghee & Butter,Mangaluru,Coastal Cool Logistics Mangaluru,129,315,40635
29-09-2024,Nandini Fresh Paneer (200g),Fresh Dairy,Mysuru,Chamundi Agencies Mysuru,310,95,29450
30-09-2024,Nandini Pure Ghee (500ml),Ghee & Butter,Bengaluru,Apex Dairy Supplies Bengaluru,256,315,80640
30-09-2024,Nandini Mysore Pak (250g),Sweets,Bengaluru,Apex Dairy Supplies Bengaluru,117,160,18720
30-09-2024,Nandini Salted Butter (500g),Ghee & Butter,Mysuru,Chamundi Agencies Mysuru,109,275,29975
30-09-2024,Nandini Homogenised Cow Milk (1L),Milk,Kalaburagi,Kalyana Karnataka Foods Kalaburagi,657,46,30222
30-09-2024,Nandini Unsalted Butter (500g),Ghee & Butter,Bengaluru,Apex Dairy Supplies Bengaluru,70,280,19600
30-09-2024,Nandini Samrudhi Milk (1L),Milk,Hubballi,Kittur Distributors Hubballi,85,54,4590
30-09-2024,Nandini Unsalted Butter (500g),Ghee & Butter,Davanagere,Central Karnataka Traders Davanagere,117,280,32760
30-09-2024,Nandini Homogenised Cow Milk (1L),Milk,Bengaluru,Apex Dairy Supplies Bengaluru,723,46,33258
30-09-2024,Nandini Homogenised Cow Milk (1L),Milk,Shivamogga,Malnad Dairy Network Shivamogga,416,46,19136
30-09-2024,Nandini Shubham Milk (1L),Milk,Ballari,Tungabhadra Dairy Logistics Ballari,226,50,11300
01-10-2024,Nandini Milk Peda (250g),Sweets,Bengaluru,Apex Dairy Supplies Bengaluru,223,140,31220
01-10-2024,Nandini Shubham Milk (1L),Milk,Bengaluru,Apex Dairy Supplies Bengaluru,437,50,21850
01-10-2024,Nandini Samrudhi Milk (1L),Milk,Hubballi,Kittur Distributors Hubballi,155,54,8370
01-10-2024,Nandini Spiced Buttermilk (200ml),Beverages,Bengaluru,Apex Dairy Supplies Bengaluru,774,12,9288
01-10-2024,Nandini Kulfi (50ml),Frozen,Bengaluru,Apex Dairy Supplies Bengaluru,294,25,7350
01-10-2024,Nandini Spiced Buttermilk (200ml),Beverages,Bengaluru,Apex Dairy Supplies Bengaluru,728,12,8736
01-10-2024,Nandini Set Curd (400g),Fresh Dairy,Mysuru,Chamundi Agencies Mysuru,156,40,6240
01-10-2024,Nandini Set Curd (400g),Fresh Dairy,Hubballi,Kittur Distributors Hubballi,163,40,6520
02-10-2024,Nandini Fresh Paneer (200g),Fresh Dairy,Mangaluru,Coastal Cool Logistics Mangaluru,150,95,14250
02-10-2024,Nandini Samrudhi Milk (1L),Milk,Mysuru,Chamundi Agencies Mysuru,186,54,10044
02-10-2024,Nandini Set Curd (400g),Fresh Dairy,Mysuru,Chamundi Agencies Mysuru,155,40,6200
02-10-2024,Nandini Special Milk (1L),Milk,Hubballi,Kittur Distributors Hubballi,332,48,15936
02-10-2024,Nandini Special Milk (1L),Milk,Hubballi,Kittur Distributors Hubballi,333,48,15984
02-10-2024,Nandini Kulfi (50ml),Frozen,Kalaburagi,Kalyana Karnataka Foods Kalaburagi,135,25,3375
02-10-2024,Nandini Gulab Jamun (1kg),Sweets,Bengaluru,Apex Dairy Supplies Bengaluru,108,260,28080
02-10-2024,Nandini Shubham Milk (1L),Milk,Bengaluru,Apex Dairy Supplies Bengaluru,299,50,14950
02-10-2024,Nandini Samrudhi Milk (1L),Milk,Bengaluru,Apex Dairy Supplies Bengaluru,301,54,16254
02-10-2024,Nandini Curd (500g),Fresh Dairy,Bengaluru,Apex Dairy Supplies Bengaluru,420,26,10920
02-10-2024,Nandini Cassata Ice Cream (150ml),Frozen,Bengaluru,Apex Dairy Supplies Bengaluru,198,55,10890
02-10-2024,Nandini Homogenised Cow Milk (1L),Milk,Davanagere,Central Karnataka Traders Davanagere,548,46,25208
03-10-2024,Nandini Kulfi (50ml),Frozen,Bengaluru,Apex Dairy Supplies Bengaluru,279,25,6975
03-10-2024,Nandini Curd (500g),Fresh Dairy,Bengaluru,Apex Dairy Supplies Bengaluru,362,26,9412
03-10-2024,Nandini Milk Peda (250g),Sweets,Kalaburagi,Kalyana Karnataka Foods Kalaburagi,68,140,9520
03-10-2024,Nandini Sweet Lassi (200ml),Beverages,Bengaluru,Apex Dairy Supplies Bengaluru,371,20,7420
03-10-2024,Nandini Samrudhi Milk (1L),Milk,Mysuru,Chamundi Agencies Mysuru,212,54,11448
03-10-2024,Nandini Salted Butter (500g),Ghee & Butter,Kalaburagi,Kalyana Karnataka Foods Kalaburagi,152,275,41800
03-10-2024,Nandini Pure Ghee (1L),Ghee & Butter,Bengaluru,Apex Dairy Supplies Bengaluru,171,610,104310
03-10-2024,Nandini Flavoured Milk Badam (200ml),Beverages,Hubballi,Kittur Distributors Hubballi,225,35,7875
03-10-2024,Nandini Sweet Lassi (200ml),Beverages,Kalaburagi,Kalyana Karnataka Foods Kalaburagi,469,20,9380
03-10-2024,Nandini Unsalted Butter (500g),Ghee & Butter,Mysuru,Chamundi Agencies Mysuru,121,280,33880
03-10-2024,Nandini Special Milk (1L),Milk,Bengaluru,Apex Dairy Supplies Bengaluru,604,48,28992
03-10-2024,Nandini Set Curd (400g),Fresh Dairy,Tumakuru,Siddaganga Milk Express Tumakuru,166,40,6640
03-10-2024,Nandini Fresh Paneer (200g),Fresh Dairy,Bengaluru,Apex Dairy Supplies Bengaluru,143,95,13585
03-10-2024,Nandini Set Curd (400g),Fresh Dairy,Davanagere,Central Karnataka Traders Davanagere,60,40,2400
04-10-2024,Nandini Homogenised Cow Milk (1L),Milk,Tumakuru,Siddaganga Milk Express Tumakuru,611,46,28106
04-10-2024,Nandini Mysore Pak (250g),Sweets,Bengaluru,Apex Dairy Supplies Bengaluru,70,160,11200
04-10-2024,Nandini Unsalted Butter (500g),Ghee & Butter,Bengaluru,Apex Dairy Supplies Bengaluru,60,280,16800
04-10-2024,Nandini Flavoured Milk Badam (200ml),Beverages,Bengaluru,Apex Dairy Supplies Bengaluru,160,35,5600
04-10-2024,Nandini Kulfi (50ml),Frozen,Bengaluru,Apex Dairy Supplies Bengaluru,221,25,5525
04-10-2024,Nandini Gulab Jamun (1kg),Sweets,Mysuru,Chamundi Agencies Mysuru,44,260,11440
04-10-2024,Nandini Cassata Ice Cream (150ml),Frozen,Hubballi,Kittur Distributors Hubballi,104,55,5720
05-10-2024,Nandini Cassata Ice Cream (150ml),Frozen,Mangaluru,Coastal Cool Logistics Mangaluru,179,55,9845
05-10-2024,Nandini Pure Ghee (1L),Ghee & Butter,Shivamogga,Malnad Dairy Network Shivamogga,47,610,28670
05-10-2024,Nandini Homogenised Cow Milk (1L),Milk,Hubballi,Kittur Distributors Hubballi,314,46,14444
05-10-2024,Nandini Pure Ghee (1L),Ghee & Butter,Belagavi,North Karnataka Milk Center Belagavi,171,610,104310
05-10-2024,Nandini Special Milk (1L),Milk,Hubballi,Kittur Distributors Hubballi,330,48,15840
05-10-2024,Nandini Pure Ghee (500ml),Ghee & Butter,Hubballi,Kittur Distributors Hubballi,196,315,61740
05-10-2024,Nandini Cassata Ice Cream (150ml),Frozen,Hubballi,Kittur Distributors Hubballi,141,55,7755
05-10-2024,Nandini Gulab Jamun (1kg),Sweets,Mangaluru,Coastal Cool Logistics Mangaluru,55,260,14300
05-10-2024,Nandini Unsalted Butter (500g),Ghee & Butter,Bengaluru,Apex Dairy Supplies Bengaluru,174,280,48720
05-10-2024,Nandini Pure Ghee (1L),Ghee & Butter,Bengaluru,Apex Dairy Supplies Bengaluru,118,610,71980
06-10-2024,Nandini Pure Ghee (1L),Ghee & Butter,Bengaluru,Apex Dairy Supplies Bengaluru,209,610,127490
06-10-2024,Nandini Set Curd (400g),Fresh Dairy,Kalaburagi,Kalyana Karnataka Foods Kalaburagi,177,40,7080
06-10-2024,Nandini Sweet Lassi (200ml),Beverages,Bengaluru,Apex Dairy Supplies Bengaluru,517,20,10340
06-10-2024,Nandini Spiced Buttermilk (200ml),Beverages,Bengaluru,Apex Dairy Supplies Bengaluru,1061,12,12732
06-10-2024,Nandini Mysore Pak (250g),Sweets,Bengaluru,Apex Dairy Supplies Bengaluru,295,160,47200
06-10-2024,Nandini Fresh Paneer (200g),Fresh Dairy,Belagavi,North Karnataka Milk Center Belagavi,151,95,14345
06-10-2024,Nandini Samrudhi Milk (1L),Milk,Bengaluru,Apex Dairy Supplies Bengaluru,223,54,12042
06-10-2024,Nandini Homogenised Cow Milk (1L),Milk,Hubballi,Kittur Distributors Hubballi,265,46,12190
06-10-2024,Nandini Set Curd (400g),Fresh Dairy,Mysuru,Chamundi Agencies Mysuru,146,40,5840
06-10-2024,Nandini Sweet Lassi (200ml),Beverages,Hubballi,Kittur Distributors Hubballi,377,20,7540
06-10-2024,Nandini Milk Peda (250g),Sweets,Bengaluru,Apex Dairy Supplies Bengaluru,374,140,52360
06-10-2024,Nandini Cassata Ice Cream (150ml),Frozen,Bengaluru,Apex Dairy Supplies Bengaluru,225,55,12375
07-10-2024,Nandini Sweet Lassi (200ml),Beverages,Kalaburagi,Kalyana Karnataka Foods Kalaburagi,277,20,5540
07-10-2024,Nandini Kulfi (50ml),Frozen,Hubballi,Kittur Distributors Hubballi,200,25,5000
07-10-2024,Nandini Toned Milk (1L),Milk,Bengaluru,Apex Dairy Supplies Bengaluru,518,42,21756
07-10-2024,Nandini Salted Butter (500g),Ghee & Butter,Mysuru,Chamundi Agencies Mysuru,266,275,73150
07-10-2024,Nandini Gulab Jamun (1kg),Sweets,Belagavi,North Karnataka Milk Center Belagavi,109,260,28340
08-10-2024,Nandini Unsalted Butter (500g),Ghee & Butter,Bengaluru,Apex Dairy Supplies Bengaluru,105,280,29400
08-10-2024,Nandini Special Milk (1L),Milk,Bengaluru,Apex Dairy Supplies Bengaluru,436,48,20928
08-10-2024,Nandini Flavoured Milk Badam (200ml),Beverages,Mangaluru,Coastal Cool Logistics Mangaluru,163,35,5705
08-10-2024,Nandini Unsalted Butter (500g),Ghee & Butter,Bengaluru,Apex Dairy Supplies Bengaluru,93,280,26040
08-10-2024,Nandini Samrudhi Milk (1L),Milk,Kalaburagi,Kalyana Karnataka Foods Kalaburagi,107,54,5778
08-10-2024,Nandini Gulab Jamun (1kg),Sweets,Bengaluru,Apex Dairy Supplies Bengaluru,181,260,47060
08-10-2024,Nandini Spiced Buttermilk (200ml),Beverages,Hubballi,Kittur Distributors Hubballi,780,12,9360
08-10-2024,Nandini Flavoured Milk Badam (200ml),Beverages,Tumakuru,Siddaganga Milk Express Tumakuru,181,35,6335
08-10-2024,Nandini Curd (500g),Fresh Dairy,Mysuru,Chamundi Agencies Mysuru,415,26,10790
08-10-2024,Nandini Mysore Pak (250g),Sweets,Bengaluru,Apex Dairy Supplies Bengaluru,103,160,16480
08-10-2024,Nandini Special Milk (1L),Milk,Bengaluru,Apex Dairy Supplies Bengaluru,399,48,19152
08-10-2024,Nandini Fresh Paneer (200g),Fresh Dairy,Mangaluru,Coastal Cool Logistics Mangaluru,182,95,17290
09-10-2024,Nandini Cassata Ice Cream (150ml),Frozen,Bengaluru,Apex Dairy Supplies Bengaluru,199,55,10945
09-10-2024,Nandini Samrudhi Milk (1L),Milk,Bengaluru,Apex Dairy Supplies Bengaluru,121,54,6534
09-10-2024,Nandini Pure Ghee (500ml),Ghee & Butter,Belagavi,North Karnataka Milk Center Belagavi,144,315,45360
09-10-2024,Nandini Curd (500g),Fresh Dairy,Mangaluru,Coastal Cool Logistics Mangaluru,596,26,15496
09-10-2024,Nandini Curd (500g),Fresh Dairy,Bengaluru,Apex Dairy Supplies Bengaluru,454,26,11804
09-10-2024,Nandini Cassata Ice Cream (150ml),Frozen,Bengaluru,Apex Dairy Supplies Bengaluru,59,55,3245
09-10-2024,Nandini Flavoured Milk Badam (200ml),Beverages,Bengaluru,Apex Dairy Supplies Bengaluru,336,35,11760
09-10-2024,Nandini Kulfi (50ml),Frozen,Bengaluru,Apex Dairy Supplies Bengaluru,293,25,7325
09-10-2024,Nandini Set Curd (400g),Fresh Dairy,Bengaluru,Apex Dairy Supplies Bengaluru,85,40,3400
09-10-2024,Nandini Curd (500g),Fresh Dairy,Kalaburagi,Kalyana Karnataka Foods Kalaburagi,240,26,6240
10-10-2024,Nandini Toned Milk (1L),Milk,Davanagere,Central Karnataka Traders Davanagere,527,42,22134
10-10-2024,Nandini Unsalted Butter (500g),Ghee & Butter,Hubballi,Kittur Distributors Hubballi,50,280,14000
10-10-2024,Nandini Cassata Ice Cream (150ml),Frozen,Hubballi,Kittur Distributors Hubballi,73,55,4015
10-10-2024,Nandini Samrudhi Milk (1L),Milk,Davanagere,Central Karnataka Traders Davanagere,118,54,6372
10-10-2024,Nandini Mysore Pak (250g),Sweets,Shivamogga,Malnad Dairy Network Shivamogga,101,160,16160
10-10-2024,Nandini Sweet Lassi (200ml),Beverages,Mysuru,Chamundi Agencies Mysuru,531,20,10620
10-10-2024,Nandini Salted Butter (500g),Ghee & Butter,Mysuru,Chamundi Agencies Mysuru,155,275,42625
10-10-2024,Nandini Homogenised Cow Milk (1L),Milk,Tumakuru,Siddaganga Milk Express Tumakuru,538,46,24748
10-10-2024,Nandini Mysore Pak (250g),Sweets,Mysuru,Chamundi Agencies Mysuru,93,160,14880
10-10-2024,Nandini Shubham Milk (1L),Milk,Ballari,Tungabhadra Dairy Logistics Ballari,282,50,14100
10-10-2024,Nandini Fresh Paneer (200g),Fresh Dairy,Bengaluru,Apex Dairy Supplies Bengaluru,85,95,8075
10-10-2024,Nandini Gulab Jamun (1kg),Sweets,Hubballi,Kittur Distributors Hubballi,65,260,16900
10-10-2024,Nandini Homogenised Cow Milk (1L),Milk,Bengaluru,Apex Dairy Supplies Bengaluru,660,46,30360
11-10-2024,Nandini Gulab Jamun (1kg),Sweets,Bengaluru,Apex Dairy Supplies Bengaluru,112,260,29120
11-10-2024,Nandini Spiced Buttermilk (200ml),Beverages,Bengaluru,Apex Dairy Supplies Bengaluru,1154,12,13848
11-10-2024,Nandini Set Curd (400g),Fresh Dairy,Belagavi,North Karnataka Milk Center Belagavi,71,40,2840
11-10-2024,Nandini Unsalted Butter (500g),Ghee & Butter,Bengaluru,Apex Dairy Supplies Bengaluru,91,280,25480
11-10-2024,Nandini Samrudhi Milk (1L),Milk,Mangaluru,Coastal Cool Logistics Mangaluru,164,54,8856
11-10-2024,Nandini Toned Milk (1L),Milk,Mysuru,Chamundi Agencies Mysuru,936,42,39312
11-10-2024,Nandini Milk Peda (250g),Sweets,Kalaburagi,Kalyana Karnataka Foods Kalaburagi,154,140,21560
11-10-2024,Nandini Special Milk (1L),Milk,Davanagere,Central Karnataka Traders Davanagere,253,48,12144
11-10-2024,Nandini Set Curd (400g),Fresh Dairy,Belagavi,North Karnataka Milk Center Belagavi,143,40,5720
12-10-2024,Nandini Pure Ghee (500ml),Ghee & Butter,Bengaluru,Apex Dairy Supplies Bengaluru,87,315,27405
12-10-2024,Nandini Salted Butter (500g),Ghee & Butter,Hubballi,Kittur Distributors Hubballi,67,275,18425
12-10-2024,Nandini Cassata Ice Cream (150ml),Frozen,Davanagere,Central Karnataka Traders Davanagere,58,55,3190
12-10-2024,Nandini Salted Butter (500g),Ghee & Butter,Belagavi,North Karnataka Milk Center Belagavi,68,275,18700
12-10-2024,Nandini Shubham Milk (1L),Milk,Hubballi,Kittur Distributors Hubballi,205,50,10250
12-10-2024,Nandini Salted Butter (500g),Ghee & Butter,Belagavi,North Karnataka Milk Center Belagavi,85,275,23375
12-10-2024,Nandini Sweet Lassi (200ml),Beverages,Mangaluru,Coastal Cool Logistics Mangaluru,229,20,4580
12-10-2024,Nandini Samrudhi Milk (1L),Milk,Bengaluru,Apex Dairy Supplies Bengaluru,289,54,15606
12-10-2024,Nandini Fresh Paneer (200g),Fresh Dairy,Hubballi,Kittur Distributors Hubballi,152,95,14440
12-10-2024,Nandini Gulab Jamun (1kg),Sweets,Belagavi,North Karnataka Milk Center Belagavi,52,260,13520
13-10-2024,Nandini Salted Butter (500g),Ghee & Butter,Davanagere,Central Karnataka Traders Davanagere,176,275,48400
13-10-2024,Nandini Pure Ghee (1L),Ghee & Butter,Kalaburagi,Kalyana Karnataka Foods Kalaburagi,47,610,28670
13-10-2024,Nandini Flavoured Milk Badam (200ml),Beverages,Bengaluru,Apex Dairy Supplies Bengaluru,151,35,5285
13-10-2024,Nandini Fresh Paneer (200g),Fresh Dairy,Kalaburagi,Kalyana Karnataka Foods Kalaburagi,76,95,7220
13-10-2024,Nandini Milk Peda (250g),Sweets,Hubballi,Kittur Distributors Hubballi,222,140,31080
13-10-2024,Nandini Curd (500g),Fresh Dairy,Bengaluru,Apex Dairy Supplies Bengaluru,465,26,12090
13-10-2024,Nandini Special Milk (1L),Milk,Davanagere,Central Karnataka Traders Davanagere,372,48,17856
14-10-2024,Nandini Gulab Jamun (1kg),Sweets,Bengaluru,Apex Dairy Supplies Bengaluru,92,260,23920
14-10-2024,Nandini Special Milk (1L),Milk,Bengaluru,Apex Dairy Supplies Bengaluru,337,48,16176
14-10-2024,Nandini Gulab Jamun (1kg),Sweets,Bengaluru,Apex Dairy Supplies Bengaluru,66,260,17160
14-10-2024,Nandini Salted Butter (500g),Ghee & Butter,Mysuru,Chamundi Agencies Mysuru,311,275,85525
14-10-2024,Nandini Cassata Ice Cream (150ml),Frozen,Mangaluru,Coastal Cool Logistics Mangaluru,141,55,7755
14-10-2024,Nandini Unsalted Butter (500g),Ghee & Butter,Bengaluru,Apex Dairy Supplies Bengaluru,157,280,43960
14-10-2024,Nandini Pure Ghee (500ml),Ghee & Butter,Belagavi,North Karnataka Milk Center Belagavi,194,315,61110
14-10-2024,Nandini Sweet Lassi (200ml),Beverages,Bengaluru,Apex Dairy Supplies Bengaluru,586,20,11720
14-10-2024,Nandini Fresh Paneer (200g),Fresh Dairy,Hubballi,Kittur Distributors Hubballi,77,95,7315
14-10-2024,Nandini Set Curd (400g),Fresh Dairy,Bengaluru,Apex Dairy Supplies Bengaluru,170,40,6800
15-10-2024,Nandini Special Milk (1L),Milk,Mangaluru,Coastal Cool Logistics Mangaluru,519,48,24912
15-10-2024,Nandini Gulab Jamun (1kg),Sweets,Bengaluru,Apex Dairy Supplies Bengaluru,177,260,46020
15-10-2024,Nandini Unsalted Butter (500g),Ghee & Butter,Bengaluru,Apex Dairy Supplies Bengaluru,130,280,36400
15-10-2024,Nandini Samrudhi Milk (1L),Milk,Davanagere,Central Karnataka Traders Davanagere,76,54,4104
15-10-2024,Nandini Sweet Lassi (200ml),Beverages,Belagavi,North Karnataka Milk Center Belagavi,381,20,7620
15-10-2024,Nandini Sweet Lassi (200ml),Beverages,Mangaluru,Coastal Cool Logistics Mangaluru,222,20,4440
15-10-2024,Nandini Curd (500g),Fresh Dairy,Davanagere,Central Karnataka Traders Davanagere,342,26,8892
15-10-2024,Nandini Kulfi (50ml),Frozen,Bengaluru,Apex Dairy Supplies Bengaluru,121,25,3025
15-10-2024,Nandini Sweet Lassi (200ml),Beverages,Bengaluru,Apex Dairy Supplies Bengaluru,427,20,8540
16-10-2024,Nandini Curd (500g),Fresh Dairy,Mangaluru,Coastal Cool Logistics Mangaluru,289,26,7514
16-10-2024,Nandini Gulab Jamun (1kg),Sweets,Bengaluru,Apex Dairy Supplies Bengaluru,67,260,17420
16-10-2024,Nandini Spiced Buttermilk (200ml),Beverages,Bengaluru,Apex Dairy Supplies Bengaluru,820,12,9840
16-10-2024,Nandini Flavoured Milk Badam (200ml),Beverages,Shivamogga,Malnad Dairy Network Shivamogga,105,35,3675
16-10-2024,Nandini Samrudhi Milk (1L),Milk,Davanagere,Central Karnataka Traders Davanagere,140,54,7560
16-10-2024,Nandini Spiced Buttermilk (200ml),Beverages,Mysuru,Chamundi Agencies Mysuru,889,12,10668
16-10-2024,Nandini Homogenised Cow Milk (1L),Milk,Davanagere,Central Karnataka Traders Davanagere,644,46,29624
17-10-2024,Nandini Flavoured Milk Badam (200ml),Beverages,Davanagere,Central Karnataka Traders Davanagere,134,35,4690
17-10-2024,Nandini Homogenised Cow Milk (1L),Milk,Hubballi,Kittur Distributors Hubballi,325,46,14950
17-10-2024,Nandini Flavoured Milk Badam (200ml),Beverages,Hubballi,Kittur Distributors Hubballi,149,35,5215
17-10-2024,Nandini Curd (500g),Fresh Dairy,Bengaluru,Apex Dairy Supplies Bengaluru,438,26,11388
17-10-2024,Nandini Samrudhi Milk (1L),Milk,Bengaluru,Apex Dairy Supplies Bengaluru,227,54,12258
17-10-2024,Nandini Cassata Ice Cream (150ml),Frozen,Bengaluru,Apex Dairy Supplies Bengaluru,100,55,5500
17-10-2024,Nandini Shubham Milk (1L),Milk,Hubballi,Kittur Distributors Hubballi,173,50,8650
17-10-2024,Nandini Gulab Jamun (1kg),Sweets,Davanagere,Central Karnataka Traders Davanagere,79,260,20540
17-10-2024,Nandini Flavoured Milk Badam (200ml),Beverages,Bengaluru,Apex Dairy Supplies Bengaluru,237,35,8295
17-10-2024,Nandini Pure Ghee (1L),Ghee & Butter,Mysuru,Chamundi Agencies Mysuru,106,610,64660
17-10-2024,Nandini Pure Ghee (1L),Ghee & Butter,Hubballi,Kittur Distributors Hubballi,98,610,59780
17-10-2024,Nandini Milk Peda (250g),Sweets,Bengaluru,Apex Dairy Supplies Bengaluru,177,140,24780
17-10-2024,Nandini Special Milk (1L),Milk,Mysuru,Chamundi Agencies Mysuru,566,48,27168
17-10-2024,Nandini Curd (500g),Fresh Dairy,Kalaburagi,Kalyana Karnataka Foods Kalaburagi,338,26,8788
17-10-2024,Nandini Cassata Ice Cream (150ml),Frozen,Bengaluru,Apex Dairy Supplies Bengaluru,192,55,10560
17-10-2024,Nandini Set Curd (400g),Fresh Dairy,Hubballi,Kittur Distributors Hubballi,127,40,5080
18-10-2024,Nandini Unsalted Butter (500g),Ghee & Butter,Shivamogga,Malnad Dairy Network Shivamogga,50,280,14000
18-10-2024,Nandini Fresh Paneer (200g),Fresh Dairy,Bengaluru,Apex Dairy Supplies Bengaluru,149,95,14155
18-10-2024,Nandini Curd (500g),Fresh Dairy,Mangaluru,Coastal Cool Logistics Mangaluru,514,26,13364
18-10-2024,Nandini Sweet Lassi (200ml),Beverages,Kalaburagi,Kalyana Karnataka Foods Kalaburagi,405,20,8100
18-10-2024,Nandini Homogenised Cow Milk (1L),Milk,Bengaluru,Apex Dairy Supplies Bengaluru,475,46,21850
18-10-2024,Nandini Curd (500g),Fresh Dairy,Mysuru,Chamundi Agencies Mysuru,611,26,15886
18-10-2024,Nandini Samrudhi Milk (1L),Milk,Kalaburagi,Kalyana Karnataka Foods Kalaburagi,221,54,11934
19-10-2024,Nandini Cassata Ice Cream (150ml),Frozen,Mangaluru,Coastal Cool Logistics Mangaluru,77,55,4235
19-10-2024,Nandini Fresh Paneer (200g),Fresh Dairy,Mysuru,Chamundi Agencies Mysuru,113,95,10735
19-10-2024,Nandini Milk Peda (250g),Sweets,Hubballi,Kittur Distributors Hubballi,275,140,38500
19-10-2024,Nandini Unsalted Butter (500g),Ghee & Butter,Belagavi,North Karnataka Milk Center Belagavi,30,280,8400
19-10-2024,Nandini Milk Peda (250g),Sweets,Belagavi,North Karnataka Milk Center Belagavi,103,140,14420
19-10-2024,Nandini Flavoured Milk Badam (200ml),Beverages,Bengaluru,Apex Dairy Supplies Bengaluru,137,35,4795
19-10-2024,Nandini Toned Milk (1L),Milk,Bengaluru,Apex Dairy Supplies Bengaluru,1220,42,51240
19-10-2024,Nandini Set Curd (400g),Fresh Dairy,Mysuru,Chamundi Agencies Mysuru,173,40,6920
19-10-2024,Nandini Flavoured Milk Badam (200ml),Beverages,Mangaluru,Coastal Cool Logistics Mangaluru,101,35,3535
20-10-2024,Nandini Shubham Milk (1L),Milk,Ballari,Tungabhadra Dairy Logistics Ballari,179,50,8950
20-10-2024,Nandini Homogenised Cow Milk (1L),Milk,Bengaluru,Apex Dairy Supplies Bengaluru,446,46,20516
20-10-2024,Nandini Milk Peda (250g),Sweets,Bengaluru,Apex Dairy Supplies Bengaluru,321,140,44940
20-10-2024,Nandini Pure Ghee (500ml),Ghee & Butter,Mysuru,Chamundi Agencies Mysuru,301,315,94815
20-10-2024,Nandini Samrudhi Milk (1L),Milk,Mangaluru,Coastal Cool Logistics Mangaluru,117,54,6318
20-10-2024,Nandini Special Milk (1L),Milk,Hubballi,Kittur Distributors Hubballi,345,48,16560
20-10-2024,Nandini Curd (500g),Fresh Dairy,Bengaluru,Apex Dairy Supplies Bengaluru,443,26,11518
20-10-2024,Nandini Salted Butter (500g),Ghee & Butter,Belagavi,North Karnataka Milk Center Belagavi,116,275,31900
20-10-2024,Nandini Sweet Lassi (200ml),Beverages,Bengaluru,Apex Dairy Supplies Bengaluru,683,20,13660
20-10-2024,Nandini Salted Butter (500g),Ghee & Butter,Davanagere,Central Karnataka Traders Davanagere,48,275,13200
20-10-2024,Nandini Set Curd (400g),Fresh Dairy,Mysuru,Chamundi Agencies Mysuru,91,40,3640
20-10-2024,Nandini Unsalted Butter (500g),Ghee & Butter,Bengaluru,Apex Dairy Supplies Bengaluru,130,280,36400
20-10-2024,Nandini Spiced Buttermilk (200ml),Beverages,Hubballi,Kittur Distributors Hubballi,814,12,9768
21-10-2024,Nandini Pure Ghee (500ml),Ghee & Butter,Mangaluru,Coastal Cool Logistics Mangaluru,163,315,51345
21-10-2024,Nandini Pure Ghee (500ml),Ghee & Butter,Mysuru,Chamundi Agencies Mysuru,369,315,116235
21-10-2024,Nandini Cassata Ice Cream (150ml),Frozen,Bengaluru,Apex Dairy Supplies Bengaluru,175,55,9625
21-10-2024,Nandini Curd (500g),Fresh Dairy,Bengaluru,Apex Dairy Supplies Bengaluru,565,26,14690
21-10-2024,Nandini Mysore Pak (250g),Sweets,Davanagere,Central Karnataka Traders Davanagere,91,160,14560
21-10-2024,Nandini Shubham Milk (1L),Milk,Mangaluru,Coastal Cool Logistics Mangaluru,272,50,13600
21-10-2024,Nandini Special Milk (1L),Milk,Kalaburagi,Kalyana Karnataka Foods Kalaburagi,470,48,22560
21-10-2024,Nandini Spiced Buttermilk (200ml),Beverages,Bengaluru,Apex Dairy Supplies Bengaluru,640,12,7680
21-10-2024,Nandini Curd (500g),Fresh Dairy,Bengaluru,Apex Dairy Supplies Bengaluru,448,26,11648
21-10-2024,Nandini Kulfi (50ml),Frozen,Belagavi,North Karnataka Milk Center Belagavi,241,25,6025
22-10-2024,Nandini Samrudhi Milk (1L),Milk,Mysuru,Chamundi Agencies Mysuru,301,54,16254
22-10-2024,Nandini Fresh Paneer (200g),Fresh Dairy,Belagavi,North Karnataka Milk Center Belagavi,103,95,9785
22-10-2024,Nandini Gulab Jamun (1kg),Sweets,Bengaluru,Apex Dairy Supplies Bengaluru,57,260,14820
22-10-2024,Nandini Set Curd (400g),Fresh Dairy,Belagavi,North Karnataka Milk Center Belagavi,150,40,6000
22-10-2024,Nandini Gulab Jamun (1kg),Sweets,Hubballi,Kittur Distributors Hubballi,45,260,11700
22-10-2024,Nandini Fresh Paneer (200g),Fresh Dairy,Belagavi,North Karnataka Milk Center Belagavi,143,95,13585
22-10-2024,Nandini Pure Ghee (1L),Ghee & Butter,Belagavi,North Karnataka Milk Center Belagavi,43,610,26230
22-10-2024,Nandini Special Milk (1L),Milk,Bengaluru,Apex Dairy Supplies Bengaluru,447,48,21456
22-10-2024,Nandini Set Curd (400g),Fresh Dairy,Belagavi,North Karnataka Milk Center Belagavi,70,40,2800
22-10-2024,Nandini Pure Ghee (500ml),Ghee & Butter,Mysuru,Chamundi Agencies Mysuru,386,315,121590
22-10-2024,Nandini Set Curd (400g),Fresh Dairy,Mysuru,Chamundi Agencies Mysuru,193,40,7720
23-10-2024,Nandini Cassata Ice Cream (150ml),Frozen,Hubballi,Kittur Distributors Hubballi,40,55,2200
23-10-2024,Nandini Mysore Pak (250g),Sweets,Tumakuru,Siddaganga Milk Express Tumakuru,93,160,14880
23-10-2024,Nandini Salted Butter (500g),Ghee & Butter,Bengaluru,Apex Dairy Supplies Bengaluru,167,275,45925
23-10-2024,Nandini Kulfi (50ml),Frozen,Mysuru,Chamundi Agencies Mysuru,144,25,3600
23-10-2024,Nandini Special Milk (1L),Milk,Bengaluru,Apex Dairy Supplies Bengaluru,278,48,13344
23-10-2024,Nandini Flavoured Milk Badam (200ml),Beverages,Bengaluru,Apex Dairy Supplies Bengaluru,188,35,6580
23-10-2024,Nandini Flavoured Milk Badam (200ml),Beverages,Hubballi,Kittur Distributors Hubballi,247,35,8645
23-10-2024,Nandini Toned Milk (1L),Milk,Belagavi,North Karnataka Milk Center Belagavi,805,42,33810
23-10-2024,Nandini Fresh Paneer (200g),Fresh Dairy,Bengaluru,Apex Dairy Supplies Bengaluru,179,95,17005
23-10-2024,Nandini Gulab Jamun (1kg),Sweets,Bengaluru,Apex Dairy Supplies Bengaluru,125,260,32500
24-10-2024,Nandini Spiced Buttermilk (200ml),Beverages,Ballari,Tungabhadra Dairy Logistics Ballari,337,12,4044
24-10-2024,Nandini Cassata Ice Cream (150ml),Frozen,Bengaluru,Apex Dairy Supplies Bengaluru,189,55,10395
24-10-2024,Nandini Pure Ghee (1L),Ghee & Butter,Bengaluru,Apex Dairy Supplies Bengaluru,113,610,68930
24-10-2024,Nandini Special Milk (1L),Milk,Mysuru,Chamundi Agencies Mysuru,313,48,15024
24-10-2024,Nandini Fresh Paneer (200g),Fresh Dairy,Davanagere,Central Karnataka Traders Davanagere,118,95,11210
24-10-2024,Nandini Flavoured Milk Badam (200ml),Beverages,Bengaluru,Apex Dairy Supplies Bengaluru,264,35,9240
24-10-2024,Nandini Milk Peda (250g),Sweets,Ballari,Tungabhadra Dairy Logistics Ballari,117,140,16380
24-10-2024,Nandini Sweet Lassi (200ml),Beverages,Kalaburagi,Kalyana Karnataka Foods Kalaburagi,386,20,7720
24-10-2024,Nandini Salted Butter (500g),Ghee & Butter,Mangaluru,Coastal Cool Logistics Mangaluru,107,275,29425
25-10-2024,Nandini Homogenised Cow Milk (1L),Milk,Bengaluru,Apex Dairy Supplies Bengaluru,469,46,21574
25-10-2024,Nandini Milk Peda (250g),Sweets,Mysuru,Chamundi Agencies Mysuru,359,140,50260
25-10-2024,Nandini Special Milk (1L),Milk,Hubballi,Kittur Distributors Hubballi,224,48,10752
25-10-2024,Nandini Salted Butter (500g),Ghee & Butter,Hubballi,Kittur Distributors Hubballi,171,275,47025
25-10-2024,Nandini Spiced Buttermilk (200ml),Beverages,Bengaluru,Apex Dairy Supplies Bengaluru,723,12,8676
25-10-2024,Nandini Milk Peda (250g),Sweets,Shivamogga,Malnad Dairy Network Shivamogga,70,140,9800
25-10-2024,Nandini Samrudhi Milk (1L),Milk,Davanagere,Central Karnataka Traders Davanagere,142,54,7668
25-10-2024,Nandini Fresh Paneer (200g),Fresh Dairy,Mangaluru,Coastal Cool Logistics Mangaluru,121,95,11495
25-10-2024,Nandini Pure Ghee (500ml),Ghee & Butter,Bengaluru,Apex Dairy Supplies Bengaluru,278,315,87570
25-10-2024,Nandini Samrudhi Milk (1L),Milk,Mysuru,Chamundi Agencies Mysuru,193,54,10422
25-10-2024,Nandini Shubham Milk (1L),Milk,Bengaluru,Apex Dairy Supplies Bengaluru,314,50,15700
25-10-2024,Nandini Pure Ghee (1L),Ghee & Butter,Bengaluru,Apex Dairy Supplies Bengaluru,169,610,103090
26-10-2024,Nandini Toned Milk (1L),Milk,Ballari,Tungabhadra Dairy Logistics Ballari,857,42,35994
26-10-2024,Nandini Mysore Pak (250g),Sweets,Mysuru,Chamundi Agencies Mysuru,157,160,25120
26-10-2024,Nandini Gulab Jamun (1kg),Sweets,Bengaluru,Apex Dairy Supplies Bengaluru,132,260,34320
26-10-2024,Nandini Homogenised Cow Milk (1L),Milk,Mangaluru,Coastal Cool Logistics Mangaluru,628,46,28888
26-10-2024,Nandini Gulab Jamun (1kg),Sweets,Mysuru,Chamundi Agencies Mysuru,214,260,55640
26-10-2024,Nandini Pure Ghee (1L),Ghee & Butter,Bengaluru,Apex Dairy Supplies Bengaluru,213,610,129930
27-10-2024,Nandini Samrudhi Milk (1L),Milk,Belagavi,North Karnataka Milk Center Belagavi,204,54,11016
27-10-2024,Nandini Set Curd (400g),Fresh Dairy,Bengaluru,Apex Dairy Supplies Bengaluru,191,40,7640
27-10-2024,Nandini Spiced Buttermilk (200ml),Beverages,Bengaluru,Apex Dairy Supplies Bengaluru,676,12,8112
27-10-2024,Nandini Unsalted Butter (500g),Ghee & Butter,Belagavi,North Karnataka Milk Center Belagavi,78,280,21840
27-10-2024,Nandini Toned Milk (1L),Milk,Mangaluru,Coastal Cool Logistics Mangaluru,585,42,24570
27-10-2024,Nandini Mysore Pak (250g),Sweets,Kalaburagi,Kalyana Karnataka Foods Kalaburagi,224,160,35840
27-10-2024,Nandini Shubham Milk (1L),Milk,Bengaluru,Apex Dairy Supplies Bengaluru,411,50,20550
28-10-2024,Nandini Special Milk (1L),Milk,Mysuru,Chamundi Agencies Mysuru,468,48,22464
28-10-2024,Nandini Homogenised Cow Milk (1L),Milk,Bengaluru,Apex Dairy Supplies Bengaluru,912,46,41952
28-10-2024,Nandini Special Milk (1L),Milk,Bengaluru,Apex Dairy Supplies Bengaluru,301,48,14448
28-10-2024,Nandini Homogenised Cow Milk (1L),Milk,Bengaluru,Apex Dairy Supplies Bengaluru,436,46,20056
28-10-2024,Nandini Spiced Buttermilk (200ml),Beverages,Mysuru,Chamundi Agencies Mysuru,786,12,9432
28-10-2024,Nandini Milk Peda (250g),Sweets,Shivamogga,Malnad Dairy Network Shivamogga,77,140,10780
28-10-2024,Nandini Shubham Milk (1L),Milk,Bengaluru,Apex Dairy Supplies Bengaluru,299,50,14950
28-10-2024,Nandini Cassata Ice Cream (150ml),Frozen,Kalaburagi,Kalyana Karnataka Foods Kalaburagi,125,55,6875
29-10-2024,Nandini Toned Milk (1L),Milk,Mysuru,Chamundi Agencies Mysuru,534,42,22428
29-10-2024,Nandini Curd (500g),Fresh Dairy,Davanagere,Central Karnataka Traders Davanagere,577,26,15002
29-10-2024,Nandini Samrudhi Milk (1L),Milk,Bengaluru,Apex Dairy Supplies Bengaluru,219,54,11826
29-10-2024,Nandini Salted Butter (500g),Ghee & Butter,Mysuru,Chamundi Agencies Mysuru,348,275,95700
29-10-2024,Nandini Unsalted Butter (500g),Ghee & Butter,Belagavi,North Karnataka Milk Center Belagavi,114,280,31920
29-10-2024,Nandini Shubham Milk (1L),Milk,Hubballi,Kittur Distributors Hubballi,150,50,7500
29-10-2024,Nandini Milk Peda (250g),Sweets,Bengaluru,Apex Dairy Supplies Bengaluru,267,140,37380
30-10-2024,Nandini Curd (500g),Fresh Dairy,Tumakuru,Siddaganga Milk Express Tumakuru,564,26,14664
30-10-2024,Nandini Special Milk (1L),Milk,Bengaluru,Apex Dairy Supplies Bengaluru,318,48,15264
30-10-2024,Nandini Salted Butter (500g),Ghee & Butter,Davanagere,Central Karnataka Traders Davanagere,143,275,39325
30-10-2024,Nandini Salted Butter (500g),Ghee & Butter,Hubballi,Kittur Distributors Hubballi,90,275,24750
30-10-2024,Nandini Milk Peda (250g),Sweets,Mangaluru,Coastal Cool Logistics Mangaluru,180,140,25200
30-10-2024,Nandini Sweet Lassi (200ml),Beverages,Bengaluru,Apex Dairy Supplies Bengaluru,481,20,9620
30-10-2024,Nandini Toned Milk (1L),Milk,Bengaluru,Apex Dairy Supplies Bengaluru,1140,42,47880
30-10-2024,Nandini Fresh Paneer (200g),Fresh Dairy,Bengaluru,Apex Dairy Supplies Bengaluru,182,95,17290
30-10-2024,Nandini Salted Butter (500g),Ghee & Butter,Hubballi,Kittur Distributors Hubballi,121,275,33275
31-10-2024,Nandini Unsalted Butter (500g),Ghee & Butter,Bengaluru,Apex Dairy Supplies Bengaluru,200,280,56000
31-10-2024,Nandini Unsalted Butter (500g),Ghee & Butter,Mysuru,Chamundi Agencies Mysuru,66,280,18480
31-10-2024,Nandini Cassata Ice Cream (150ml),Frozen,Bengaluru,Apex Dairy Supplies Bengaluru,171,55,9405
31-10-2024,Nandini Unsalted Butter (500g),Ghee & Butter,Hubballi,Kittur Distributors Hubballi,42,280,11760
31-10-2024,Nandini Special Milk (1L),Milk,Mangaluru,Coastal Cool Logistics Mangaluru,206,48,9888
31-10-2024,Nandini Toned Milk (1L),Milk,Bengaluru,Apex Dairy Supplies Bengaluru,988,42,41496
31-10-2024,Nandini Mysore Pak (250g),Sweets,Tumakuru,Siddaganga Milk Express Tumakuru,189,160,30240
31-10-2024,Nandini Flavoured Milk Badam (200ml),Beverages,Davanagere,Central Karnataka Traders Davanagere,204,35,7140
31-10-2024,Nandini Sweet Lassi (200ml),Beverages,Bengaluru,Apex Dairy Supplies Bengaluru,430,20,8600
31-10-2024,Nandini Pure Ghee (500ml),Ghee & Butter,Davanagere,Central Karnataka Traders Davanagere,176,315,55440
31-10-2024,Nandini Sweet Lassi (200ml),Beverages,Bengaluru,Apex Dairy Supplies Bengaluru,489,20,9780
31-10-2024,Nandini Pure Ghee (1L),Ghee & Butter,Bengaluru,Apex Dairy Supplies Bengaluru,191,610,116510
31-10-2024,Nandini Samrudhi Milk (1L),Milk,Bengaluru,Apex Dairy Supplies Bengaluru,191,54,10314
01-11-2024,Nandini Milk Peda (250g),Sweets,Tumakuru,Siddaganga Milk Express Tumakuru,109,140,15260
01-11-2024,Nandini Set Curd (400g),Fresh Dairy,Kalaburagi,Kalyana Karnataka Foods Kalaburagi,132,40,5280
01-11-2024,Nandini Curd (500g),Fresh Dairy,Bengaluru,Apex Dairy Supplies Bengaluru,363,26,9438
01-11-2024,Nandini Flavoured Milk Badam (200ml),Beverages,Hubballi,Kittur Distributors Hubballi,182,35,6370
01-11-2024,Nandini Toned Milk (1L),Milk,Bengaluru,Apex Dairy Supplies Bengaluru,1276,42,53592
01-11-2024,Nandini Kulfi (50ml),Frozen,Belagavi,North Karnataka Milk Center Belagavi,148,25,3700
01-11-2024,Nandini Salted Butter (500g),Ghee & Butter,Belagavi,North Karnataka Milk Center Belagavi,142,275,39050
01-11-2024,Nandini Sweet Lassi (200ml),Beverages,Kalaburagi,Kalyana Karnataka Foods Kalaburagi,331,20,6620
02-11-2024,Nandini Salted Butter (500g),Ghee & Butter,Bengaluru,Apex Dairy Supplies Bengaluru,176,275,48400
02-11-2024,Nandini Set Curd (400g),Fresh Dairy,Mysuru,Chamundi Agencies Mysuru,116,40,4640
02-11-2024,Nandini Gulab Jamun (1kg),Sweets,Shivamogga,Malnad Dairy Network Shivamogga,55,260,14300
02-11-2024,Nandini Kulfi (50ml),Frozen,Belagavi,North Karnataka Milk Center Belagavi,211,25,5275
02-11-2024,Nandini Pure Ghee (500ml),Ghee & Butter,Bengaluru,Apex Dairy Supplies Bengaluru,199,315,62685
02-11-2024,Nandini Set Curd (400g),Fresh Dairy,Mysuru,Chamundi Agencies Mysuru,67,40,2680
02-11-2024,Nandini Gulab Jamun (1kg),Sweets,Shivamogga,Malnad Dairy Network Shivamogga,95,260,24700
02-11-2024,Nandini Salted Butter (500g),Ghee & Butter,Hubballi,Kittur Distributors Hubballi,42,275,11550
03-11-2024,Nandini Flavoured Milk Badam (200ml),Beverages,Mysuru,Chamundi Agencies Mysuru,305,35,10675
03-11-2024,Nandini Pure Ghee (1L),Ghee & Butter,Mysuru,Chamundi Agencies Mysuru,121,610,73810
03-11-2024,Nandini Curd (500g),Fresh Dairy,Bengaluru,Apex Dairy Supplies Bengaluru,911,26,23686
03-11-2024,Nandini Toned Milk (1L),Milk,Hubballi,Kittur Distributors Hubballi,628,42,26376
03-11-2024,Nandini Pure Ghee (500ml),Ghee & Butter,Bengaluru,Apex Dairy Supplies Bengaluru,177,315,55755
03-11-2024,Nandini Curd (500g),Fresh Dairy,Bengaluru,Apex Dairy Supplies Bengaluru,478,26,12428
04-11-2024,Nandini Special Milk (1L),Milk,Bengaluru,Apex Dairy Supplies Bengaluru,420,48,20160
04-11-2024,Nandini Curd (500g),Fresh Dairy,Tumakuru,Siddaganga Milk Express Tumakuru,544,26,14144
04-11-2024,Nandini Pure Ghee (500ml),Ghee & Butter,Mysuru,Chamundi Agencies Mysuru,129,315,40635
04-11-2024,Nandini Sweet Lassi (200ml),Beverages,Belagavi,North Karnataka Milk Center Belagavi,476,20,9520
04-11-2024,Nandini Shubham Milk (1L),Milk,Davanagere,Central Karnataka Traders Davanagere,181,50,9050
04-11-2024,Nandini Set Curd (400g),Fresh Dairy,Mangaluru,Coastal Cool Logistics Mangaluru,126,40,5040
05-11-2024,Nandini Homogenised Cow Milk (1L),Milk,Bengaluru,Apex Dairy Supplies Bengaluru,872,46,40112
05-11-2024,Nandini Special Milk (1L),Milk,Bengaluru,Apex Dairy Supplies Bengaluru,348,48,16704
05-11-2024,Nandini Spiced Buttermilk (200ml),Beverages,Bengaluru,Apex Dairy Supplies Bengaluru,478,12,5736
05-11-2024,Nandini Kulfi (50ml),Frozen,Bengaluru,Apex Dairy Supplies Bengaluru,122,25,3050
05-11-2024,Nandini Gulab Jamun (1kg),Sweets,Bengaluru,Apex Dairy Supplies Bengaluru,53,260,13780
05-11-2024,Nandini Kulfi (50ml),Frozen,Bengaluru,Apex Dairy Supplies Bengaluru,164,25,4100
05-11-2024,Nandini Homogenised Cow Milk (1L),Milk,Mysuru,Chamundi Agencies Mysuru,684,46,31464
05-11-2024,Nandini Sweet Lassi (200ml),Beverages,Hubballi,Kittur Distributors Hubballi,485,20,9700
05-11-2024,Nandini Samrudhi Milk (1L),Milk,Mysuru,Chamundi Agencies Mysuru,168,54,9072
05-11-2024,Nandini Toned Milk (1L),Milk,Belagavi,North Karnataka Milk Center Belagavi,441,42,18522
06-11-2024,Nandini Shubham Milk (1L),Milk,Hubballi,Kittur Distributors Hubballi,208,50,10400
06-11-2024,Nandini Set Curd (400g),Fresh Dairy,Kalaburagi,Kalyana Karnataka Foods Kalaburagi,89,40,3560
06-11-2024,Nandini Spiced Buttermilk (200ml),Beverages,Mysuru,Chamundi Agencies Mysuru,597,12,7164
06-11-2024,Nandini Unsalted Butter (500g),Ghee & Butter,Ballari,Tungabhadra Dairy Logistics Ballari,130,280,36400
06-11-2024,Nandini Cassata Ice Cream (150ml),Frozen,Mysuru,Chamundi Agencies Mysuru,63,55,3465
06-11-2024,Nandini Samrudhi Milk (1L),Milk,Bengaluru,Apex Dairy Supplies Bengaluru,283,54,15282
06-11-2024,Nandini Fresh Paneer (200g),Fresh Dairy,Hubballi,Kittur Distributors Hubballi,217,95,20615
06-11-2024,Nandini Shubham Milk (1L),Milk,Davanagere,Central Karnataka Traders Davanagere,284,50,14200
06-11-2024,Nandini Milk Peda (250g),Sweets,Mysuru,Chamundi Agencies Mysuru,187,140,26180
06-11-2024,Nandini Gulab Jamun (1kg),Sweets,Mangaluru,Coastal Cool Logistics Mangaluru,110,260,28600
07-11-2024,Nandini Gulab Jamun (1kg),Sweets,Mangaluru,Coastal Cool Logistics Mangaluru,105,260,27300
07-11-2024,Nandini Spiced Buttermilk (200ml),Beverages,Shivamogga,Malnad Dairy Network Shivamogga,295,12,3540
07-11-2024,Nandini Shubham Milk (1L),Milk,Hubballi,Kittur Distributors Hubballi,280,50,14000
07-11-2024,Nandini Unsalted Butter (500g),Ghee & Butter,Mangaluru,Coastal Cool Logistics Mangaluru,31,280,8680
07-11-2024,Nandini Set Curd (400g),Fresh Dairy,Shivamogga,Malnad Dairy Network Shivamogga,127,40,5080
07-11-2024,Nandini Pure Ghee (500ml),Ghee & Butter,Bengaluru,Apex Dairy Supplies Bengaluru,199,315,62685
07-11-2024,Nandini Gulab Jamun (1kg),Sweets,Bengaluru,Apex Dairy Supplies Bengaluru,62,260,16120
07-11-2024,Nandini Unsalted Butter (500g),Ghee & Butter,Bengaluru,Apex Dairy Supplies Bengaluru,78,280,21840
07-11-2024,Nandini Special Milk (1L),Milk,Ballari,Tungabhadra Dairy Logistics Ballari,495,48,23760
07-11-2024,Nandini Toned Milk (1L),Milk,Davanagere,Central Karnataka Traders Davanagere,938,42,39396
07-11-2024,Nandini Flavoured Milk Badam (200ml),Beverages,Bengaluru,Apex Dairy Supplies Bengaluru,281,35,9835
07-11-2024,Nandini Shubham Milk (1L),Milk,Belagavi,North Karnataka Milk Center Belagavi,191,50,9550
07-11-2024,Nandini Spiced Buttermilk (200ml),Beverages,Bengaluru,Apex Dairy Supplies Bengaluru,528,12,6336
08-11-2024,Nandini Shubham Milk (1L),Milk,Ballari,Tungabhadra Dairy Logistics Ballari,234,50,11700
08-11-2024,Nandini Shubham Milk (1L),Milk,Hubballi,Kittur Distributors Hubballi,148,50,7400
08-11-2024,Nandini Pure Ghee (1L),Ghee & Butter,Bengaluru,Apex Dairy Supplies Bengaluru,129,610,78690
08-11-2024,Nandini Kulfi (50ml),Frozen,Bengaluru,Apex Dairy Supplies Bengaluru,323,25,8075
08-11-2024,Nandini Special Milk (1L),Milk,Hubballi,Kittur Distributors Hubballi,394,48,18912
08-11-2024,Nandini Flavoured Milk Badam (200ml),Beverages,Mangaluru,Coastal Cool Logistics Mangaluru,226,35,7910
09-11-2024,Nandini Special Milk (1L),Milk,Davanagere,Central Karnataka Traders Davanagere,312,48,14976
09-11-2024,Nandini Homogenised Cow Milk (1L),Milk,Shivamogga,Malnad Dairy Network Shivamogga,602,46,27692
09-11-2024,Nandini Kulfi (50ml),Frozen,Bengaluru,Apex Dairy Supplies Bengaluru,130,25,3250
09-11-2024,Nandini Cassata Ice Cream (150ml),Frozen,Hubballi,Kittur Distributors Hubballi,166,55,9130
09-11-2024,Nandini Set Curd (400g),Fresh Dairy,Bengaluru,Apex Dairy Supplies Bengaluru,168,40,6720
09-11-2024,Nandini Pure Ghee (500ml),Ghee & Butter,Tumakuru,Siddaganga Milk Express Tumakuru,91,315,28665
09-11-2024,Nandini Kulfi (50ml),Frozen,Bengaluru,Apex Dairy Supplies Bengaluru,117,25,2925
09-11-2024,Nandini Special Milk (1L),Milk,Hubballi,Kittur Distributors Hubballi,388,48,18624
09-11-2024,Nandini Mysore Pak (250g),Sweets,Shivamogga,Malnad Dairy Network Shivamogga,145,160,23200
09-11-2024,Nandini Curd (500g),Fresh Dairy,Kalaburagi,Kalyana Karnataka Foods Kalaburagi,421,26,10946
09-11-2024,Nandini Gulab Jamun (1kg),Sweets,Shivamogga,Malnad Dairy Network Shivamogga,94,260,24440
10-11-2024,Nandini Samrudhi Milk (1L),Milk,Bengaluru,Apex Dairy Supplies Bengaluru,269,54,14526
10-11-2024,Nandini Set Curd (400g),Fresh Dairy,Hubballi,Kittur Distributors Hubballi,130,40,5200
10-11-2024,Nandini Samrudhi Milk (1L),Milk,Bengaluru,Apex Dairy Supplies Bengaluru,275,54,14850
10-11-2024,Nandini Salted Butter (500g),Ghee & Butter,Mysuru,Chamundi Agencies Mysuru,137,275,37675
10-11-2024,Nandini Sweet Lassi (200ml),Beverages,Mangaluru,Coastal Cool Logistics Mangaluru,409,20,8180
10-11-2024,Nandini Salted Butter (500g),Ghee & Butter,Bengaluru,Apex Dairy Supplies Bengaluru,123,275,33825
10-11-2024,Nandini Salted Butter (500g),Ghee & Butter,Bengaluru,Apex Dairy Supplies Bengaluru,88,275,24200
10-11-2024,Nandini Gulab Jamun (1kg),Sweets,Bengaluru,Apex Dairy Supplies Bengaluru,205,260,53300
11-11-2024,Nandini Special Milk (1L),Milk,Bengaluru,Apex Dairy Supplies Bengaluru,218,48,10464
11-11-2024,Nandini Fresh Paneer (200g),Fresh Dairy,Mangaluru,Coastal Cool Logistics Mangaluru,79,95,7505
11-11-2024,Nandini Gulab Jamun (1kg),Sweets,Davanagere,Central Karnataka Traders Davanagere,118,260,30680
11-11-2024,Nandini Homogenised Cow Milk (1L),Milk,Bengaluru,Apex Dairy Supplies Bengaluru,876,46,40296
11-11-2024,Nandini Fresh Paneer (200g),Fresh Dairy,Bengaluru,Apex Dairy Supplies Bengaluru,257,95,24415
11-11-2024,Nandini Pure Ghee (500ml),Ghee & Butter,Bengaluru,Apex Dairy Supplies Bengaluru,321,315,101115
11-11-2024,Nandini Gulab Jamun (1kg),Sweets,Hubballi,Kittur Distributors Hubballi,51,260,13260
11-11-2024,Nandini Homogenised Cow Milk (1L),Milk,Mangaluru,Coastal Cool Logistics Mangaluru,691,46,31786
11-11-2024,Nandini Pure Ghee (1L),Ghee & Butter,Bengaluru,Apex Dairy Supplies Bengaluru,139,610,84790
12-11-2024,Nandini Mysore Pak (250g),Sweets,Mangaluru,Coastal Cool Logistics Mangaluru,178,160,28480
12-11-2024,Nandini Set Curd (400g),Fresh Dairy,Bengaluru,Apex Dairy Supplies Bengaluru,96,40,3840
12-11-2024,Nandini Pure Ghee (500ml),Ghee & Butter,Hubballi,Kittur Distributors Hubballi,63,315,19845
12-11-2024,Nandini Samrudhi Milk (1L),Milk,Bengaluru,Apex Dairy Supplies Bengaluru,135,54,7290
12-11-2024,Nandini Gulab Jamun (1kg),Sweets,Shivamogga,Malnad Dairy Network Shivamogga,47,260,12220
12-11-2024,Nandini Set Curd (400g),Fresh Dairy,Belagavi,North Karnataka Milk Center Belagavi,45,40,1800
12-11-2024,Nandini Set Curd (400g),Fresh Dairy,Bengaluru,Apex Dairy Supplies Bengaluru,89,40,3560
12-11-2024,Nandini Set Curd (400g),Fresh Dairy,Mangaluru,Coastal Cool Logistics Mangaluru,73,40,2920
12-11-2024,Nandini Spiced Buttermilk (200ml),Beverages,Mysuru,Chamundi Agencies Mysuru,442,12,5304
12-11-2024,Nandini Curd (500g),Fresh Dairy,Mysuru,Chamundi Agencies Mysuru,488,26,12688
13-11-2024,Nandini Samrudhi Milk (1L),Milk,Bengaluru,Apex Dairy Supplies Bengaluru,387,54,20898
13-11-2024,Nandini Flavoured Milk Badam (200ml),Beverages,Bengaluru,Apex Dairy Supplies Bengaluru,235,35,8225
13-11-2024,Nandini Fresh Paneer (200g),Fresh Dairy,Bengaluru,Apex Dairy Supplies Bengaluru,263,95,24985
13-11-2024,Nandini Unsalted Butter (500g),Ghee & Butter,Davanagere,Central Karnataka Traders Davanagere,75,280,21000
13-11-2024,Nandini Cassata Ice Cream (150ml),Frozen,Davanagere,Central Karnataka Traders Davanagere,65,55,3575
13-11-2024,Nandini Sweet Lassi (200ml),Beverages,Shivamogga,Malnad Dairy Network Shivamogga,164,20,3280
13-11-2024,Nandini Fresh Paneer (200g),Fresh Dairy,Hubballi,Kittur Distributors Hubballi,63,95,5985
13-11-2024,Nandini Curd (500g),Fresh Dairy,Bengaluru,Apex Dairy Supplies Bengaluru,598,26,15548
13-11-2024,Nandini Curd (500g),Fresh Dairy,Bengaluru,Apex Dairy Supplies Bengaluru,257,26,6682
13-11-2024,Nandini Toned Milk (1L),Milk,Bengaluru,Apex Dairy Supplies Bengaluru,1190,42,49980
13-11-2024,Nandini Set Curd (400g),Fresh Dairy,Mysuru,Chamundi Agencies Mysuru,96,40,3840
13-11-2024,Nandini Samrudhi Milk (1L),Milk,Shivamogga,Malnad Dairy Network Shivamogga,206,54,11124
14-11-2024,Nandini Samrudhi Milk (1L),Milk,Bengaluru,Apex Dairy Supplies Bengaluru,307,54,16578
14-11-2024,Nandini Unsalted Butter (500g),Ghee & Butter,Belagavi,North Karnataka Milk Center Belagavi,41,280,11480
14-11-2024,Nandini Gulab Jamun (1kg),Sweets,Hubballi,Kittur Distributors Hubballi,27,260,7020
14-11-2024,Nandini Samrudhi Milk (1L),Milk,Hubballi,Kittur Distributors Hubballi,188,54,10152
14-11-2024,Nandini Shubham Milk (1L),Milk,Hubballi,Kittur Distributors Hubballi,208,50,10400
14-11-2024,Nandini Pure Ghee (500ml),Ghee & Butter,Bengaluru,Apex Dairy Supplies Bengaluru,198,315,62370
14-11-2024,Nandini Sweet Lassi (200ml),Beverages,Mysuru,Chamundi Agencies Mysuru,356,20,7120
15-11-2024,Nandini Special Milk (1L),Milk,Mangaluru,Coastal Cool Logistics Mangaluru,325,48,15600
15-11-2024,Nandini Shubham Milk (1L),Milk,Mangaluru,Coastal Cool Logistics Mangaluru,185,50,9250
15-11-2024,Nandini Homogenised Cow Milk (1L),Milk,Bengaluru,Apex Dairy Supplies Bengaluru,949,46,43654
15-11-2024,Nandini Special Milk (1L),Milk,Bengaluru,Apex Dairy Supplies Bengaluru,602,48,28896
15-11-2024,Nandini Salted Butter (500g),Ghee & Butter,Mangaluru,Coastal Cool Logistics Mangaluru,129,275,35475
15-11-2024,Nandini Shubham Milk (1L),Milk,Mangaluru,Coastal Cool Logistics Mangaluru,150,50,7500
16-11-2024,Nandini Special Milk (1L),Milk,Bengaluru,Apex Dairy Supplies Bengaluru,363,48,17424
16-11-2024,Nandini Mysore Pak (250g),Sweets,Mangaluru,Coastal Cool Logistics Mangaluru,169,160,27040
16-11-2024,Nandini Sweet Lassi (200ml),Beverages,Hubballi,Kittur Distributors Hubballi,396,20,7920
16-11-2024,Nandini Pure Ghee (1L),Ghee & Butter,Bengaluru,Apex Dairy Supplies Bengaluru,94,610,57340
16-11-2024,Nandini Samrudhi Milk (1L),Milk,Bengaluru,Apex Dairy Supplies Bengaluru,183,54,9882
16-11-2024,Nandini Fresh Paneer (200g),Fresh Dairy,Kalaburagi,Kalyana Karnataka Foods Kalaburagi,289,95,27455
16-11-2024,Nandini Kulfi (50ml),Frozen,Bengaluru,Apex Dairy Supplies Bengaluru,102,25,2550
16-11-2024,Nandini Special Milk (1L),Milk,Mysuru,Chamundi Agencies Mysuru,469,48,22512
16-11-2024,Nandini Flavoured Milk Badam (200ml),Beverages,Bengaluru,Apex Dairy Supplies Bengaluru,280,35,9800
16-11-2024,Nandini Spiced Buttermilk (200ml),Beverages,Bengaluru,Apex Dairy Supplies Bengaluru,836,12,10032
17-11-2024,Nandini Kulfi (50ml),Frozen,Mysuru,Chamundi Agencies Mysuru,236,25,5900
17-11-2024,Nandini Cassata Ice Cream (150ml),Frozen,Bengaluru,Apex Dairy Supplies Bengaluru,134,55,7370
17-11-2024,Nandini Gulab Jamun (1kg),Sweets,Mysuru,Chamundi Agencies Mysuru,179,260,46540
17-11-2024,Nandini Sweet Lassi (200ml),Beverages,Kalaburagi,Kalyana Karnataka Foods Kalaburagi,333,20,6660
17-11-2024,Nandini Toned Milk (1L),Milk,Ballari,Tungabhadra Dairy Logistics Ballari,426,42,17892
17-11-2024,Nandini Curd (500g),Fresh Dairy,Mangaluru,Coastal Cool Logistics Mangaluru,502,26,13052
17-11-2024,Nandini Gulab Jamun (1kg),Sweets,Shivamogga,Malnad Dairy Network Shivamogga,57,260,14820
17-11-2024,Nandini Toned Milk (1L),Milk,Bengaluru,Apex Dairy Supplies Bengaluru,1177,42,49434
17-11-2024,Nandini Samrudhi Milk (1L),Milk,Bengaluru,Apex Dairy Supplies Bengaluru,323,54,17442
18-11-2024,Nandini Gulab Jamun (1kg),Sweets,Tumakuru,Siddaganga Milk Express Tumakuru,118,260,30680
18-11-2024,Nandini Flavoured Milk Badam (200ml),Beverages,Mysuru,Chamundi Agencies Mysuru,213,35,7455
18-11-2024,Nandini Samrudhi Milk (1L),Milk,Mangaluru,Coastal Cool Logistics Mangaluru,249,54,13446
18-11-2024,Nandini Cassata Ice Cream (150ml),Frozen,Kalaburagi,Kalyana Karnataka Foods Kalaburagi,104,55,5720
18-11-2024,Nandini Pure Ghee (1L),Ghee & Butter,Mysuru,Chamundi Agencies Mysuru,174,610,106140
18-11-2024,Nandini Shubham Milk (1L),Milk,Tumakuru,Siddaganga Milk Express Tumakuru,174,50,8700
19-11-2024,Nandini Special Milk (1L),Milk,Mangaluru,Coastal Cool Logistics Mangaluru,306,48,14688
19-11-2024,Nandini Samrudhi Milk (1L),Milk,Bengaluru,Apex Dairy Supplies Bengaluru,132,54,7128
19-11-2024,Nandini Salted Butter (500g),Ghee & Butter,Bengaluru,Apex Dairy Supplies Bengaluru,169,275,46475
19-11-2024,Nandini Pure Ghee (500ml),Ghee & Butter,Hubballi,Kittur Distributors Hubballi,68,315,21420
19-11-2024,Nandini Salted Butter (500g),Ghee & Butter,Bengaluru,Apex Dairy Supplies Bengaluru,66,275,18150
19-11-2024,Nandini Milk Peda (250g),Sweets,Bengaluru,Apex Dairy Supplies Bengaluru,156,140,21840
19-11-2024,Nandini Pure Ghee (1L),Ghee & Butter,Hubballi,Kittur Distributors Hubballi,41,610,25010
19-11-2024,Nandini Samrudhi Milk (1L),Milk,Mangaluru,Coastal Cool Logistics Mangaluru,174,54,9396
19-11-2024,Nandini Set Curd (400g),Fresh Dairy,Belagavi,North Karnataka Milk Center Belagavi,65,40,2600
19-11-2024,Nandini Curd (500g),Fresh Dairy,Mangaluru,Coastal Cool Logistics Mangaluru,199,26,5174
19-11-2024,Nandini Pure Ghee (1L),Ghee & Butter,Mysuru,Chamundi Agencies Mysuru,62,610,37820
20-11-2024,Nandini Spiced Buttermilk (200ml),Beverages,Mysuru,Chamundi Agencies Mysuru,399,12,4788
20-11-2024,Nandini Special Milk (1L),Milk,Hubballi,Kittur Distributors Hubballi,279,48,13392
20-11-2024,Nandini Shubham Milk (1L),Milk,Mangaluru,Coastal Cool Logistics Mangaluru,316,50,15800
20-11-2024,Nandini Unsalted Butter (500g),Ghee & Butter,Bengaluru,Apex Dairy Supplies Bengaluru,185,280,51800
20-11-2024,Nandini Pure Ghee (500ml),Ghee & Butter,Bengaluru,Apex Dairy Supplies Bengaluru,167,315,52605
20-11-2024,Nandini Special Milk (1L),Milk,Belagavi,North Karnataka Milk Center Belagavi,325,48,15600
20-11-2024,Nandini Unsalted Butter (500g),Ghee & Butter,Bengaluru,Apex Dairy Supplies Bengaluru,115,280,32200
20-11-2024,Nandini Pure Ghee (1L),Ghee & Butter,Mangaluru,Coastal Cool Logistics Mangaluru,158,610,96380
20-11-2024,Nandini Set Curd (400g),Fresh Dairy,Belagavi,North Karnataka Milk Center Belagavi,97,40,3880
20-11-2024,Nandini Toned Milk (1L),Milk,Mysuru,Chamundi Agencies Mysuru,573,42,24066
20-11-2024,Nandini Special Milk (1L),Milk,Belagavi,North Karnataka Milk Center Belagavi,358,48,17184
20-11-2024,Nandini Shubham Milk (1L),Milk,Bengaluru,Apex Dairy Supplies Bengaluru,270,50,13500
20-11-2024,Nandini Kulfi (50ml),Frozen,Mysuru,Chamundi Agencies Mysuru,105,25,2625
20-11-2024,Nandini Spiced Buttermilk (200ml),Beverages,Mysuru,Chamundi Agencies Mysuru,766,12,9192
20-11-2024,Nandini Mysore Pak (250g),Sweets,Bengaluru,Apex Dairy Supplies Bengaluru,93,160,14880
21-11-2024,Nandini Sweet Lassi (200ml),Beverages,Kalaburagi,Kalyana Karnataka Foods Kalaburagi,374,20,7480
21-11-2024,Nandini Flavoured Milk Badam (200ml),Beverages,Tumakuru,Siddaganga Milk Express Tumakuru,229,35,8015
21-11-2024,Nandini Pure Ghee (1L),Ghee & Butter,Mysuru,Chamundi Agencies Mysuru,92,610,56120
21-11-2024,Nandini Special Milk (1L),Milk,Bengaluru,Apex Dairy Supplies Bengaluru,344,48,16512
21-11-2024,Nandini Toned Milk (1L),Milk,Bengaluru,Apex Dairy Supplies Bengaluru,1165,42,48930
21-11-2024,Nandini Pure Ghee (1L),Ghee & Butter,Hubballi,Kittur Distributors Hubballi,65,610,39650
21-11-2024,Nandini Sweet Lassi (200ml),Beverages,Bengaluru,Apex Dairy Supplies Bengaluru,250,20,5000
21-11-2024,Nandini Sweet Lassi (200ml),Beverages,Davanagere,Central Karnataka Traders Davanagere,342,20,6840
21-11-2024,Nandini Set Curd (400g),Fresh Dairy,Bengaluru,Apex Dairy Supplies Bengaluru,206,40,8240
21-11-2024,Nandini Sweet Lassi (200ml),Beverages,Kalaburagi,Kalyana Karnataka Foods Kalaburagi,395,20,7900
22-11-2024,Nandini Shubham Milk (1L),Milk,Bengaluru,Apex Dairy Supplies Bengaluru,436,50,21800
22-11-2024,Nandini Curd (500g),Fresh Dairy,Bengaluru,Apex Dairy Supplies Bengaluru,279,26,7254
22-11-2024,Nandini Special Milk (1L),Milk,Kalaburagi,Kalyana Karnataka Foods Kalaburagi,535,48,25680
22-11-2024,Nandini Milk Peda (250g),Sweets,Bengaluru,Apex Dairy Supplies Bengaluru,244,140,34160
22-11-2024,Nandini Pure Ghee (1L),Ghee & Butter,Bengaluru,Apex Dairy Supplies Bengaluru,56,610,34160
22-11-2024,Nandini Curd (500g),Fresh Dairy,Mysuru,Chamundi Agencies Mysuru,217,26,5642
22-11-2024,Nandini Unsalted Butter (500g),Ghee & Butter,Hubballi,Kittur Distributors Hubballi,117,280,32760
22-11-2024,Nandini Shubham Milk (1L),Milk,Bengaluru,Apex Dairy Supplies Bengaluru,217,50,10850
22-11-2024,Nandini Cassata Ice Cream (150ml),Frozen,Hubballi,Kittur Distributors Hubballi,151,55,8305
22-11-2024,Nandini Cassata Ice Cream (150ml),Frozen,Bengaluru,Apex Dairy Supplies Bengaluru,102,55,5610
22-11-2024,Nandini Fresh Paneer (200g),Fresh Dairy,Kalaburagi,Kalyana Karnataka Foods Kalaburagi,153,95,14535
22-11-2024,Nandini Special Milk (1L),Milk,Bengaluru,Apex Dairy Supplies Bengaluru,373,48,17904
22-11-2024,Nandini Salted Butter (500g),Ghee & Butter,Belagavi,North Karnataka Milk Center Belagavi,135,275,37125
22-11-2024,Nandini Curd (500g),Fresh Dairy,Mangaluru,Coastal Cool Logistics Mangaluru,296,26,7696
23-11-2024,Nandini Spiced Buttermilk (200ml),Beverages,Bengaluru,Apex Dairy Supplies Bengaluru,768,12,9216
23-11-2024,Nandini Set Curd (400g),Fresh Dairy,Mangaluru,Coastal Cool Logistics Mangaluru,119,40,4760
23-11-2024,Nandini Fresh Paneer (200g),Fresh Dairy,Mysuru,Chamundi Agencies Mysuru,150,95,14250
23-11-2024,Nandini Shubham Milk (1L),Milk,Mysuru,Chamundi Agencies Mysuru,355,50,17750
23-11-2024,Nandini Salted Butter (500g),Ghee & Butter,Davanagere,Central Karnataka Traders Davanagere,156,275,42900
23-11-2024,Nandini Sweet Lassi (200ml),Beverages,Shivamogga,Malnad Dairy Network Shivamogga,357,20,7140
23-11-2024,Nandini Pure Ghee (500ml),Ghee & Butter,Bengaluru,Apex Dairy Supplies Bengaluru,246,315,77490
23-11-2024,Nandini Gulab Jamun (1kg),Sweets,Bengaluru,Apex Dairy Supplies Bengaluru,160,260,41600
23-11-2024,Nandini Flavoured Milk Badam (200ml),Beverages,Kalaburagi,Kalyana Karnataka Foods Kalaburagi,185,35,6475
23-11-2024,Nandini Gulab Jamun (1kg),Sweets,Bengaluru,Apex Dairy Supplies Bengaluru,181,260,47060
23-11-2024,Nandini Sweet Lassi (200ml),Beverages,Bengaluru,Apex Dairy Supplies Bengaluru,417,20,8340
23-11-2024,Nandini Special Milk (1L),Milk,Shivamogga,Malnad Dairy Network Shivamogga,364,48,17472
23-11-2024,Nandini Flavoured Milk Badam (200ml),Beverages,Bengaluru,Apex Dairy Supplies Bengaluru,374,35,13090
23-11-2024,Nandini Set Curd (400g),Fresh Dairy,Ballari,Tungabhadra Dairy Logistics Ballari,150,40,6000
23-11-2024,Nandini Salted Butter (500g),Ghee & Butter,Bengaluru,Apex Dairy Supplies Bengaluru,142,275,39050
23-11-2024,Nandini Spiced Buttermilk (200ml),Beverages,Bengaluru,Apex Dairy Supplies Bengaluru,1139,12,13668
24-11-2024,Nandini Gulab Jamun (1kg),Sweets,Mysuru,Chamundi Agencies Mysuru,92,260,23920
24-11-2024,Nandini Pure Ghee (1L),Ghee & Butter,Mysuru,Chamundi Agencies Mysuru,201,610,122610
24-11-2024,Nandini Special Milk (1L),Milk,Belagavi,North Karnataka Milk Center Belagavi,497,48,23856
24-11-2024,Nandini Shubham Milk (1L),Milk,Bengaluru,Apex Dairy Supplies Bengaluru,215,50,10750
24-11-2024,Nandini Shubham Milk (1L),Milk,Bengaluru,Apex Dairy Supplies Bengaluru,192,50,9600
24-11-2024,Nandini Milk Peda (250g),Sweets,Bengaluru,Apex Dairy Supplies Bengaluru,191,140,26740
24-11-2024,Nandini Unsalted Butter (500g),Ghee & Butter,Mangaluru,Coastal Cool Logistics Mangaluru,53,280,14840
24-11-2024,Nandini Salted Butter (500g),Ghee & Butter,Belagavi,North Karnataka Milk Center Belagavi,90,275,24750
24-11-2024,Nandini Shubham Milk (1L),Milk,Ballari,Tungabhadra Dairy Logistics Ballari,345,50,17250
24-11-2024,Nandini Cassata Ice Cream (150ml),Frozen,Bengaluru,Apex Dairy Supplies Bengaluru,267,55,14685
25-11-2024,Nandini Unsalted Butter (500g),Ghee & Butter,Bengaluru,Apex Dairy Supplies Bengaluru,168,280,47040
25-11-2024,Nandini Sweet Lassi (200ml),Beverages,Bengaluru,Apex Dairy Supplies Bengaluru,405,20,8100
25-11-2024,Nandini Pure Ghee (1L),Ghee & Butter,Ballari,Tungabhadra Dairy Logistics Ballari,142,610,86620
25-11-2024,Nandini Pure Ghee (500ml),Ghee & Butter,Bengaluru,Apex Dairy Supplies Bengaluru,228,315,71820
25-11-2024,Nandini Set Curd (400g),Fresh Dairy,Bengaluru,Apex Dairy Supplies Bengaluru,69,40,2760
25-11-2024,Nandini Mysore Pak (250g),Sweets,Kalaburagi,Kalyana Karnataka Foods Kalaburagi,51,160,8160
26-11-2024,Nandini Set Curd (400g),Fresh Dairy,Bengaluru,Apex Dairy Supplies Bengaluru,198,40,7920
26-11-2024,Nandini Milk Peda (250g),Sweets,Mangaluru,Coastal Cool Logistics Mangaluru,133,140,18620
26-11-2024,Nandini Curd (500g),Fresh Dairy,Shivamogga,Malnad Dairy Network Shivamogga,519,26,13494
26-11-2024,Nandini Sweet Lassi (200ml),Beverages,Hubballi,Kittur Distributors Hubballi,163,20,3260
26-11-2024,Nandini Unsalted Butter (500g),Ghee & Butter,Belagavi,North Karnataka Milk Center Belagavi,73,280,20440
26-11-2024,Nandini Milk Peda (250g),Sweets,Mysuru,Chamundi Agencies Mysuru,105,140,14700
26-11-2024,Nandini Fresh Paneer (200g),Fresh Dairy,Bengaluru,Apex Dairy Supplies Bengaluru,220,95,20900
26-11-2024,Nandini Fresh Paneer (200g),Fresh Dairy,Bengaluru,Apex Dairy Supplies Bengaluru,91,95,8645
26-11-2024,Nandini Cassata Ice Cream (150ml),Frozen,Bengaluru,Apex Dairy Supplies Bengaluru,93,55,5115
26-11-2024,Nandini Curd (500g),Fresh Dairy,Bengaluru,Apex Dairy Supplies Bengaluru,768,26,19968
26-11-2024,Nandini Gulab Jamun (1kg),Sweets,Bengaluru,Apex Dairy Supplies Bengaluru,47,260,12220
26-11-2024,Nandini Shubham Milk (1L),Milk,Ballari,Tungabhadra Dairy Logistics Ballari,210,50,10500
26-11-2024,Nandini Pure Ghee (500ml),Ghee & Butter,Mangaluru,Coastal Cool Logistics Mangaluru,57,315,17955
26-11-2024,Nandini Milk Peda (250g),Sweets,Ballari,Tungabhadra Dairy Logistics Ballari,143,140,20020
26-11-2024,Nandini Salted Butter (500g),Ghee & Butter,Mysuru,Chamundi Agencies Mysuru,143,275,39325
26-11-2024,Nandini Mysore Pak (250g),Sweets,Bengaluru,Apex Dairy Supplies Bengaluru,95,160,15200
26-11-2024,Nandini Sweet Lassi (200ml),Beverages,Kalaburagi,Kalyana Karnataka Foods Kalaburagi,225,20,4500
26-11-2024,Nandini Mysore Pak (250g),Sweets,Bengaluru,Apex Dairy Supplies Bengaluru,141,160,22560
27-11-2024,Nandini Spiced Buttermilk (200ml),Beverages,Bengaluru,Apex Dairy Supplies Bengaluru,632,12,7584
27-11-2024,Nandini Kulfi (50ml),Frozen,Hubballi,Kittur Distributors Hubballi,247,25,6175
27-11-2024,Nandini Sweet Lassi (200ml),Beverages,Hubballi,Kittur Distributors Hubballi,303,20,6060
27-11-2024,Nandini Gulab Jamun (1kg),Sweets,Bengaluru,Apex Dairy Supplies Bengaluru,157,260,40820
27-11-2024,Nandini Gulab Jamun (1kg),Sweets,Bengaluru,Apex Dairy Supplies Bengaluru,41,260,10660
27-11-2024,Nandini Fresh Paneer (200g),Fresh Dairy,Shivamogga,Malnad Dairy Network Shivamogga,79,95,7505
27-11-2024,Nandini Samrudhi Milk (1L),Milk,Mangaluru,Coastal Cool Logistics Mangaluru,217,54,11718
27-11-2024,Nandini Mysore Pak (250g),Sweets,Mysuru,Chamundi Agencies Mysuru,84,160,13440
27-11-2024,Nandini Samrudhi Milk (1L),Milk,Bengaluru,Apex Dairy Supplies Bengaluru,171,54,9234
27-11-2024,Nandini Curd (500g),Fresh Dairy,Shivamogga,Malnad Dairy Network Shivamogga,410,26,10660
28-11-2024,Nandini Special Milk (1L),Milk,Belagavi,North Karnataka Milk Center Belagavi,416,48,19968
28-11-2024,Nandini Curd (500g),Fresh Dairy,Davanagere,Central Karnataka Traders Davanagere,263,26,6838
28-11-2024,Nandini Milk Peda (250g),Sweets,Bengaluru,Apex Dairy Supplies Bengaluru,252,140,35280
28-11-2024,Nandini Sweet Lassi (200ml),Beverages,Bengaluru,Apex Dairy Supplies Bengaluru,507,20,10140
28-11-2024,Nandini Unsalted Butter (500g),Ghee & Butter,Mysuru,Chamundi Agencies Mysuru,124,280,34720
28-11-2024,Nandini Pure Ghee (500ml),Ghee & Butter,Shivamogga,Malnad Dairy Network Shivamogga,162,315,51030
28-11-2024,Nandini Salted Butter (500g),Ghee & Butter,Mysuru,Chamundi Agencies Mysuru,91,275,25025
28-11-2024,Nandini Sweet Lassi (200ml),Beverages,Bengaluru,Apex Dairy Supplies Bengaluru,525,20,10500
28-11-2024,Nandini Shubham Milk (1L),Milk,Mysuru,Chamundi Agencies Mysuru,191,50,9550
29-11-2024,Nandini Kulfi (50ml),Frozen,Bengaluru,Apex Dairy Supplies Bengaluru,246,25,6150
29-11-2024,Nandini Sweet Lassi (200ml),Beverages,Bengaluru,Apex Dairy Supplies Bengaluru,393,20,7860
29-11-2024,Nandini Set Curd (400g),Fresh Dairy,Belagavi,North Karnataka Milk Center Belagavi,102,40,4080
29-11-2024,Nandini Toned Milk (1L),Milk,Mysuru,Chamundi Agencies Mysuru,383,42,16086
29-11-2024,Nandini Gulab Jamun (1kg),Sweets,Hubballi,Kittur Distributors Hubballi,93,260,24180
29-11-2024,Nandini Flavoured Milk Badam (200ml),Beverages,Davanagere,Central Karnataka Traders Davanagere,153,35,5355
29-11-2024,Nandini Salted Butter (500g),Ghee & Butter,Mysuru,Chamundi Agencies Mysuru,99,275,27225
29-11-2024,Nandini Cassata Ice Cream (150ml),Frozen,Davanagere,Central Karnataka Traders Davanagere,94,55,5170
29-11-2024,Nandini Special Milk (1L),Milk,Bengaluru,Apex Dairy Supplies Bengaluru,721,48,34608
30-11-2024,Nandini Shubham Milk (1L),Milk,Tumakuru,Siddaganga Milk Express Tumakuru,142,50,7100
30-11-2024,Nandini Gulab Jamun (1kg),Sweets,Hubballi,Kittur Distributors Hubballi,70,260,18200
30-11-2024,Nandini Mysore Pak (250g),Sweets,Shivamogga,Malnad Dairy Network Shivamogga,172,160,27520
30-11-2024,Nandini Shubham Milk (1L),Milk,Davanagere,Central Karnataka Traders Davanagere,184,50,9200
30-11-2024,Nandini Mysore Pak (250g),Sweets,Mysuru,Chamundi Agencies Mysuru,198,160,31680
30-11-2024,Nandini Toned Milk (1L),Milk,Kalaburagi,Kalyana Karnataka Foods Kalaburagi,779,42,32718
30-11-2024,Nandini Sweet Lassi (200ml),Beverages,Mangaluru,Coastal Cool Logistics Mangaluru,386,20,7720
30-11-2024,Nandini Samrudhi Milk (1L),Milk,Mysuru,Chamundi Agencies Mysuru,206,54,11124
30-11-2024,Nandini Special Milk (1L),Milk,Belagavi,North Karnataka Milk Center Belagavi,471,48,22608
01-12-2024,Nandini Unsalted Butter (500g),Ghee & Butter,Mysuru,Chamundi Agencies Mysuru,34,280,9520
01-12-2024,Nandini Unsalted Butter (500g),Ghee & Butter,Bengaluru,Apex Dairy Supplies Bengaluru,86,280,24080
01-12-2024,Nandini Mysore Pak (250g),Sweets,Bengaluru,Apex Dairy Supplies Bengaluru,189,160,30240
01-12-2024,Nandini Shubham Milk (1L),Milk,Bengaluru,Apex Dairy Supplies Bengaluru,392,50,19600
01-12-2024,Nandini Shubham Milk (1L),Milk,Bengaluru,Apex Dairy Supplies Bengaluru,161,50,8050
01-12-2024,Nandini Cassata Ice Cream (150ml),Frozen,Mysuru,Chamundi Agencies Mysuru,142,55,7810
01-12-2024,Nandini Sweet Lassi (200ml),Beverages,Mangaluru,Coastal Cool Logistics Mangaluru,252,20,5040
01-12-2024,Nandini Flavoured Milk Badam (200ml),Beverages,Bengaluru,Apex Dairy Supplies Bengaluru,221,35,7735
01-12-2024,Nandini Special Milk (1L),Milk,Ballari,Tungabhadra Dairy Logistics Ballari,346,48,16608
01-12-2024,Nandini Pure Ghee (500ml),Ghee & Butter,Mysuru,Chamundi Agencies Mysuru,150,315,47250
01-12-2024,Nandini Milk Peda (250g),Sweets,Bengaluru,Apex Dairy Supplies Bengaluru,74,140,10360
01-12-2024,Nandini Flavoured Milk Badam (200ml),Beverages,Mangaluru,Coastal Cool Logistics Mangaluru,180,35,6300
01-12-2024,Nandini Milk Peda (250g),Sweets,Bengaluru,Apex Dairy Supplies Bengaluru,141,140,19740
01-12-2024,Nandini Pure Ghee (500ml),Ghee & Butter,Hubballi,Kittur Distributors Hubballi,67,315,21105
01-12-2024,Nandini Toned Milk (1L),Milk,Hubballi,Kittur Distributors Hubballi,683,42,28686
01-12-2024,Nandini Toned Milk (1L),Milk,Davanagere,Central Karnataka Traders Davanagere,494,42,20748
02-12-2024,Nandini Samrudhi Milk (1L),Milk,Mysuru,Chamundi Agencies Mysuru,285,54,15390
02-12-2024,Nandini Toned Milk (1L),Milk,Mysuru,Chamundi Agencies Mysuru,679,42,28518
02-12-2024,Nandini Curd (500g),Fresh Dairy,Davanagere,Central Karnataka Traders Davanagere,333,26,8658
02-12-2024,Nandini Unsalted Butter (500g),Ghee & Butter,Mangaluru,Coastal Cool Logistics Mangaluru,20,280,5600
02-12-2024,Nandini Sweet Lassi (200ml),Beverages,Mysuru,Chamundi Agencies Mysuru,373,20,7460
02-12-2024,Nandini Homogenised Cow Milk (1L),Milk,Mangaluru,Coastal Cool Logistics Mangaluru,350,46,16100
02-12-2024,Nandini Sweet Lassi (200ml),Beverages,Bengaluru,Apex Dairy Supplies Bengaluru,292,20,5840
03-12-2024,Nandini Milk Peda (250g),Sweets,Bengaluru,Apex Dairy Supplies Bengaluru,185,140,25900
03-12-2024,Nandini Toned Milk (1L),Milk,Mysuru,Chamundi Agencies Mysuru,1076,42,45192
03-12-2024,Nandini Unsalted Butter (500g),Ghee & Butter,Hubballi,Kittur Distributors Hubballi,20,280,5600
03-12-2024,Nandini Milk Peda (250g),Sweets,Hubballi,Kittur Distributors Hubballi,54,140,7560
03-12-2024,Nandini Curd (500g),Fresh Dairy,Mysuru,Chamundi Agencies Mysuru,773,26,20098
03-12-2024,Nandini Homogenised Cow Milk (1L),Milk,Hubballi,Kittur Distributors Hubballi,627,46,28842
03-12-2024,Nandini Curd (500g),Fresh Dairy,Shivamogga,Malnad Dairy Network Shivamogga,235,26,6110
03-12-2024,Nandini Flavoured Milk Badam (200ml),Beverages,Kalaburagi,Kalyana Karnataka Foods Kalaburagi,139,35,4865
03-12-2024,Nandini Kulfi (50ml),Frozen,Davanagere,Central Karnataka Traders Davanagere,139,25,3475
03-12-2024,Nandini Shubham Milk (1L),Milk,Mangaluru,Coastal Cool Logistics Mangaluru,355,50,17750
03-12-2024,Nandini Curd (500g),Fresh Dairy,Davanagere,Central Karnataka Traders Davanagere,491,26,12766
03-12-2024,Nandini Samrudhi Milk (1L),Milk,Hubballi,Kittur Distributors Hubballi,236,54,12744
03-12-2024,Nandini Pure Ghee (1L),Ghee & Butter,Tumakuru,Siddaganga Milk Express Tumakuru,91,610,55510
03-12-2024,Nandini Cassata Ice Cream (150ml),Frozen,Bengaluru,Apex Dairy Supplies Bengaluru,57,55,3135
03-12-2024,Nandini Curd (500g),Fresh Dairy,Bengaluru,Apex Dairy Supplies Bengaluru,527,26,13702
04-12-2024,Nandini Sweet Lassi (200ml),Beverages,Bengaluru,Apex Dairy Supplies Bengaluru,222,20,4440
04-12-2024,Nandini Samrudhi Milk (1L),Milk,Davanagere,Central Karnataka Traders Davanagere,90,54,4860
04-12-2024,Nandini Cassata Ice Cream (150ml),Frozen,Bengaluru,Apex Dairy Supplies Bengaluru,79,55,4345
04-12-2024,Nandini Unsalted Butter (500g),Ghee & Butter,Bengaluru,Apex Dairy Supplies Bengaluru,88,280,24640
04-12-2024,Nandini Mysore Pak (250g),Sweets,Hubballi,Kittur Distributors Hubballi,62,160,9920
04-12-2024,Nandini Gulab Jamun (1kg),Sweets,Bengaluru,Apex Dairy Supplies Bengaluru,52,260,13520
04-12-2024,Nandini Special Milk (1L),Milk,Bengaluru,Apex Dairy Supplies Bengaluru,391,48,18768
04-12-2024,Nandini Pure Ghee (1L),Ghee & Butter,Bengaluru,Apex Dairy Supplies Bengaluru,45,610,27450
04-12-2024,Nandini Gulab Jamun (1kg),Sweets,Bengaluru,Apex Dairy Supplies Bengaluru,93,260,24180
04-12-2024,Nandini Sweet Lassi (200ml),Beverages,Mangaluru,Coastal Cool Logistics Mangaluru,345,20,6900
05-12-2024,Nandini Samrudhi Milk (1L),Milk,Bengaluru,Apex Dairy Supplies Bengaluru,204,54,11016
05-12-2024,Nandini Samrudhi Milk (1L),Milk,Kalaburagi,Kalyana Karnataka Foods Kalaburagi,193,54,10422
05-12-2024,Nandini Pure Ghee (500ml),Ghee & Butter,Mysuru,Chamundi Agencies Mysuru,82,315,25830
05-12-2024,Nandini Pure Ghee (1L),Ghee & Butter,Ballari,Tungabhadra Dairy Logistics Ballari,96,610,58560
05-12-2024,Nandini Cassata Ice Cream (150ml),Frozen,Bengaluru,Apex Dairy Supplies Bengaluru,172,55,9460
05-12-2024,Nandini Kulfi (50ml),Frozen,Mangaluru,Coastal Cool Logistics Mangaluru,183,25,4575
05-12-2024,Nandini Fresh Paneer (200g),Fresh Dairy,Hubballi,Kittur Distributors Hubballi,141,95,13395
05-12-2024,Nandini Homogenised Cow Milk (1L),Milk,Kalaburagi,Kalyana Karnataka Foods Kalaburagi,621,46,28566
05-12-2024,Nandini Kulfi (50ml),Frozen,Hubballi,Kittur Distributors Hubballi,71,25,1775
05-12-2024,Nandini Curd (500g),Fresh Dairy,Hubballi,Kittur Distributors Hubballi,513,26,13338
05-12-2024,Nandini Shubham Milk (1L),Milk,Mangaluru,Coastal Cool Logistics Mangaluru,348,50,17400
05-12-2024,Nandini Pure Ghee (1L),Ghee & Butter,Mysuru,Chamundi Agencies Mysuru,83,610,50630
06-12-2024,Nandini Salted Butter (500g),Ghee & Butter,Ballari,Tungabhadra Dairy Logistics Ballari,29,275,7975
06-12-2024,Nandini Set Curd (400g),Fresh Dairy,Kalaburagi,Kalyana Karnataka Foods Kalaburagi,72,40,2880
06-12-2024,Nandini Samrudhi Milk (1L),Milk,Mysuru,Chamundi Agencies Mysuru,205,54,11070
06-12-2024,Nandini Set Curd (400g),Fresh Dairy,Tumakuru,Siddaganga Milk Express Tumakuru,155,40,6200
06-12-2024,Nandini Gulab Jamun (1kg),Sweets,Ballari,Tungabhadra Dairy Logistics Ballari,25,260,6500
06-12-2024,Nandini Spiced Buttermilk (200ml),Beverages,Bengaluru,Apex Dairy Supplies Bengaluru,875,12,10500
07-12-2024,Nandini Sweet Lassi (200ml),Beverages,Bengaluru,Apex Dairy Supplies Bengaluru,301,20,6020
07-12-2024,Nandini Mysore Pak (250g),Sweets,Shivamogga,Malnad Dairy Network Shivamogga,146,160,23360
07-12-2024,Nandini Curd (500g),Fresh Dairy,Belagavi,North Karnataka Milk Center Belagavi,244,26,6344
07-12-2024,Nandini Shubham Milk (1L),Milk,Bengaluru,Apex Dairy Supplies Bengaluru,347,50,17350
07-12-2024,Nandini Gulab Jamun (1kg),Sweets,Hubballi,Kittur Distributors Hubballi,32,260,8320
07-12-2024,Nandini Pure Ghee (500ml),Ghee & Butter,Hubballi,Kittur Distributors Hubballi,100,315,31500
07-12-2024,Nandini Curd (500g),Fresh Dairy,Mysuru,Chamundi Agencies Mysuru,341,26,8866
07-12-2024,Nandini Kulfi (50ml),Frozen,Belagavi,North Karnataka Milk Center Belagavi,268,25,6700
07-12-2024,Nandini Flavoured Milk Badam (200ml),Beverages,Mysuru,Chamundi Agencies Mysuru,104,35,3640
07-12-2024,Nandini Fresh Paneer (200g),Fresh Dairy,Shivamogga,Malnad Dairy Network Shivamogga,226,95,21470
07-12-2024,Nandini Mysore Pak (250g),Sweets,Bengaluru,Apex Dairy Supplies Bengaluru,207,160,33120
07-12-2024,Nandini Shubham Milk (1L),Milk,Bengaluru,Apex Dairy Supplies Bengaluru,319,50,15950
07-12-2024,Nandini Special Milk (1L),Milk,Mangaluru,Coastal Cool Logistics Mangaluru,279,48,13392
08-12-2024,Nandini Fresh Paneer (200g),Fresh Dairy,Bengaluru,Apex Dairy Supplies Bengaluru,296,95,28120
08-12-2024,Nandini Gulab Jamun (1kg),Sweets,Bengaluru,Apex Dairy Supplies Bengaluru,79,260,20540
08-12-2024,Nandini Set Curd (400g),Fresh Dairy,Bengaluru,Apex Dairy Supplies Bengaluru,140,40,5600
08-12-2024,Nandini Pure Ghee (1L),Ghee & Butter,Bengaluru,Apex Dairy Supplies Bengaluru,85,610,51850
08-12-2024,Nandini Homogenised Cow Milk (1L),Milk,Bengaluru,Apex Dairy Supplies Bengaluru,587,46,27002
08-12-2024,Nandini Shubham Milk (1L),Milk,Bengaluru,Apex Dairy Supplies Bengaluru,306,50,15300
08-12-2024,Nandini Unsalted Butter (500g),Ghee & Butter,Bengaluru,Apex Dairy Supplies Bengaluru,61,280,17080
08-12-2024,Nandini Kulfi (50ml),Frozen,Belagavi,North Karnataka Milk Center Belagavi,74,25,1850
08-12-2024,Nandini Flavoured Milk Badam (200ml),Beverages,Ballari,Tungabhadra Dairy Logistics Ballari,135,35,4725
08-12-2024,Nandini Shubham Milk (1L),Milk,Bengaluru,Apex Dairy Supplies Bengaluru,282,50,14100
09-12-2024,Nandini Unsalted Butter (500g),Ghee & Butter,Mangaluru,Coastal Cool Logistics Mangaluru,55,280,15400
09-12-2024,Nandini Curd (500g),Fresh Dairy,Bengaluru,Apex Dairy Supplies Bengaluru,471,26,12246
09-12-2024,Nandini Milk Peda (250g),Sweets,Mangaluru,Coastal Cool Logistics Mangaluru,46,140,6440
09-12-2024,Nandini Pure Ghee (1L),Ghee & Butter,Mangaluru,Coastal Cool Logistics Mangaluru,88,610,53680
09-12-2024,Nandini Mysore Pak (250g),Sweets,Hubballi,Kittur Distributors Hubballi,56,160,8960
09-12-2024,Nandini Sweet Lassi (200ml),Beverages,Bengaluru,Apex Dairy Supplies Bengaluru,366,20,7320
09-12-2024,Nandini Fresh Paneer (200g),Fresh Dairy,Hubballi,Kittur Distributors Hubballi,251,95,23845
09-12-2024,Nandini Curd (500g),Fresh Dairy,Belagavi,North Karnataka Milk Center Belagavi,224,26,5824
09-12-2024,Nandini Gulab Jamun (1kg),Sweets,Bengaluru,Apex Dairy Supplies Bengaluru,55,260,14300
09-12-2024,Nandini Samrudhi Milk (1L),Milk,Bengaluru,Apex Dairy Supplies Bengaluru,302,54,16308
09-12-2024,Nandini Homogenised Cow Milk (1L),Milk,Mysuru,Chamundi Agencies Mysuru,479,46,22034
10-12-2024,Nandini Fresh Paneer (200g),Fresh Dairy,Bengaluru,Apex Dairy Supplies Bengaluru,125,95,11875
10-12-2024,Nandini Spiced Buttermilk (200ml),Beverages,Belagavi,North Karnataka Milk Center Belagavi,854,12,10248
10-12-2024,Nandini Salted Butter (500g),Ghee & Butter,Bengaluru,Apex Dairy Supplies Bengaluru,143,275,39325
10-12-2024,Nandini Salted Butter (500g),Ghee & Butter,Mangaluru,Coastal Cool Logistics Mangaluru,92,275,25300
10-12-2024,Nandini Set Curd (400g),Fresh Dairy,Kalaburagi,Kalyana Karnataka Foods Kalaburagi,131,40,5240
10-12-2024,Nandini Sweet Lassi (200ml),Beverages,Mysuru,Chamundi Agencies Mysuru,316,20,6320
10-12-2024,Nandini Curd (500g),Fresh Dairy,Shivamogga,Malnad Dairy Network Shivamogga,367,26,9542
10-12-2024,Nandini Unsalted Butter (500g),Ghee & Butter,Hubballi,Kittur Distributors Hubballi,67,280,18760
10-12-2024,Nandini Cassata Ice Cream (150ml),Frozen,Bengaluru,Apex Dairy Supplies Bengaluru,152,55,8360
10-12-2024,Nandini Gulab Jamun (1kg),Sweets,Bengaluru,Apex Dairy Supplies Bengaluru,21,260,5460
10-12-2024,Nandini Gulab Jamun (1kg),Sweets,Bengaluru,Apex Dairy Supplies Bengaluru,90,260,23400
10-12-2024,Nandini Homogenised Cow Milk (1L),Milk,Ballari,Tungabhadra Dairy Logistics Ballari,696,46,32016
10-12-2024,Nandini Toned Milk (1L),Milk,Belagavi,North Karnataka Milk Center Belagavi,410,42,17220
10-12-2024,Nandini Unsalted Butter (500g),Ghee & Butter,Tumakuru,Siddaganga Milk Express Tumakuru,32,280,8960
10-12-2024,Nandini Flavoured Milk Badam (200ml),Beverages,Kalaburagi,Kalyana Karnataka Foods Kalaburagi,251,35,8785
10-12-2024,Nandini Unsalted Butter (500g),Ghee & Butter,Bengaluru,Apex Dairy Supplies Bengaluru,78,280,21840
11-12-2024,Nandini Mysore Pak (250g),Sweets,Bengaluru,Apex Dairy Supplies Bengaluru,71,160,11360
11-12-2024,Nandini Kulfi (50ml),Frozen,Kalaburagi,Kalyana Karnataka Foods Kalaburagi,230,25,5750
11-12-2024,Nandini Pure Ghee (500ml),Ghee & Butter,Davanagere,Central Karnataka Traders Davanagere,74,315,23310
11-12-2024,Nandini Toned Milk (1L),Milk,Bengaluru,Apex Dairy Supplies Bengaluru,1274,42,53508
11-12-2024,Nandini Curd (500g),Fresh Dairy,Belagavi,North Karnataka Milk Center Belagavi,552,26,14352
11-12-2024,Nandini Set Curd (400g),Fresh Dairy,Bengaluru,Apex Dairy Supplies Bengaluru,72,40,2880
11-12-2024,Nandini Homogenised Cow Milk (1L),Milk,Bengaluru,Apex Dairy Supplies Bengaluru,451,46,20746
11-12-2024,Nandini Sweet Lassi (200ml),Beverages,Bengaluru,Apex Dairy Supplies Bengaluru,404,20,8080
11-12-2024,Nandini Milk Peda (250g),Sweets,Shivamogga,Malnad Dairy Network Shivamogga,63,140,8820
11-12-2024,Nandini Pure Ghee (500ml),Ghee & Butter,Bengaluru,Apex Dairy Supplies Bengaluru,162,315,51030
11-12-2024,Nandini Salted Butter (500g),Ghee & Butter,Belagavi,North Karnataka Milk Center Belagavi,105,275,28875
11-12-2024,Nandini Samrudhi Milk (1L),Milk,Mysuru,Chamundi Agencies Mysuru,278,54,15012
12-12-2024,Nandini Special Milk (1L),Milk,Hubballi,Kittur Distributors Hubballi,378,48,18144
12-12-2024,Nandini Flavoured Milk Badam (200ml),Beverages,Davanagere,Central Karnataka Traders Davanagere,186,35,6510
12-12-2024,Nandini Flavoured Milk Badam (200ml),Beverages,Mangaluru,Coastal Cool Logistics Mangaluru,192,35,6720
12-12-2024,Nandini Samrudhi Milk (1L),Milk,Mysuru,Chamundi Agencies Mysuru,284,54,15336
12-12-2024,Nandini Milk Peda (250g),Sweets,Bengaluru,Apex Dairy Supplies Bengaluru,140,140,19600
12-12-2024,Nandini Pure Ghee (1L),Ghee & Butter,Davanagere,Central Karnataka Traders Davanagere,19,610,11590
12-12-2024,Nandini Mysore Pak (250g),Sweets,Ballari,Tungabhadra Dairy Logistics Ballari,107,160,17120
12-12-2024,Nandini Set Curd (400g),Fresh Dairy,Davanagere,Central Karnataka Traders Davanagere,86,40,3440
12-12-2024,Nandini Samrudhi Milk (1L),Milk,Bengaluru,Apex Dairy Supplies Bengaluru,229,54,12366
12-12-2024,Nandini Kulfi (50ml),Frozen,Hubballi,Kittur Distributors Hubballi,211,25,5275
12-12-2024,Nandini Shubham Milk (1L),Milk,Bengaluru,Apex Dairy Supplies Bengaluru,401,50,20050
12-12-2024,Nandini Samrudhi Milk (1L),Milk,Mysuru,Chamundi Agencies Mysuru,224,54,12096
13-12-2024,Nandini Toned Milk (1L),Milk,Bengaluru,Apex Dairy Supplies Bengaluru,705,42,29610
13-12-2024,Nandini Mysore Pak (250g),Sweets,Mysuru,Chamundi Agencies Mysuru,39,160,6240
13-12-2024,Nandini Set Curd (400g),Fresh Dairy,Hubballi,Kittur Distributors Hubballi,174,40,6960
13-12-2024,Nandini Milk Peda (250g),Sweets,Bengaluru,Apex Dairy Supplies Bengaluru,182,140,25480
13-12-2024,Nandini Sweet Lassi (200ml),Beverages,Bengaluru,Apex Dairy Supplies Bengaluru,610,20,12200
13-12-2024,Nandini Samrudhi Milk (1L),Milk,Belagavi,North Karnataka Milk Center Belagavi,191,54,10314
13-12-2024,Nandini Gulab Jamun (1kg),Sweets,Bengaluru,Apex Dairy Supplies Bengaluru,98,260,25480
13-12-2024,Nandini Toned Milk (1L),Milk,Hubballi,Kittur Distributors Hubballi,720,42,30240
13-12-2024,Nandini Salted Butter (500g),Ghee & Butter,Mangaluru,Coastal Cool Logistics Mangaluru,69,275,18975
13-12-2024,Nandini Fresh Paneer (200g),Fresh Dairy,Bengaluru,Apex Dairy Supplies Bengaluru,153,95,14535
14-12-2024,Nandini Homogenised Cow Milk (1L),Milk,Mysuru,Chamundi Agencies Mysuru,317,46,14582
14-12-2024,Nandini Shubham Milk (1L),Milk,Tumakuru,Siddaganga Milk Express Tumakuru,314,50,15700
14-12-2024,Nandini Set Curd (400g),Fresh Dairy,Tumakuru,Siddaganga Milk Express Tumakuru,193,40,7720
14-12-2024,Nandini Salted Butter (500g),Ghee & Butter,Mysuru,Chamundi Agencies Mysuru,67,275,18425
15-12-2024,Nandini Spiced Buttermilk (200ml),Beverages,Davanagere,Central Karnataka Traders Davanagere,647,12,7764
15-12-2024,Nandini Kulfi (50ml),Frozen,Bengaluru,Apex Dairy Supplies Bengaluru,128,25,3200
15-12-2024,Nandini Flavoured Milk Badam (200ml),Beverages,Ballari,Tungabhadra Dairy Logistics Ballari,247,35,8645
15-12-2024,Nandini Homogenised Cow Milk (1L),Milk,Bengaluru,Apex Dairy Supplies Bengaluru,833,46,38318
15-12-2024,Nandini Spiced Buttermilk (200ml),Beverages,Ballari,Tungabhadra Dairy Logistics Ballari,657,12,7884
15-12-2024,Nandini Curd (500g),Fresh Dairy,Hubballi,Kittur Distributors Hubballi,232,26,6032
15-12-2024,Nandini Samrudhi Milk (1L),Milk,Hubballi,Kittur Distributors Hubballi,184,54,9936
15-12-2024,Nandini Special Milk (1L),Milk,Ballari,Tungabhadra Dairy Logistics Ballari,304,48,14592
16-12-2024,Nandini Special Milk (1L),Milk,Bengaluru,Apex Dairy Supplies Bengaluru,453,48,21744
16-12-2024,Nandini Samrudhi Milk (1L),Milk,Davanagere,Central Karnataka Traders Davanagere,227,54,12258
16-12-2024,Nandini Curd (500g),Fresh Dairy,Mangaluru,Coastal Cool Logistics Mangaluru,414,26,10764
16-12-2024,Nandini Samrudhi Milk (1L),Milk,Kalaburagi,Kalyana Karnataka Foods Kalaburagi,152,54,8208
16-12-2024,Nandini Set Curd (400g),Fresh Dairy,Mysuru,Chamundi Agencies Mysuru,135,40,5400
16-12-2024,Nandini Mysore Pak (250g),Sweets,Kalaburagi,Kalyana Karnataka Foods Kalaburagi,75,160,12000
16-12-2024,Nandini Pure Ghee (1L),Ghee & Butter,Mangaluru,Coastal Cool Logistics Mangaluru,34,610,20740
16-12-2024,Nandini Pure Ghee (1L),Ghee & Butter,Hubballi,Kittur Distributors Hubballi,26,610,15860
16-12-2024,Nandini Special Milk (1L),Milk,Hubballi,Kittur Distributors Hubballi,328,48,15744
16-12-2024,Nandini Milk Peda (250g),Sweets,Hubballi,Kittur Distributors Hubballi,42,140,5880
16-12-2024,Nandini Spiced Buttermilk (200ml),Beverages,Mysuru,Chamundi Agencies Mysuru,584,12,7008
16-12-2024,Nandini Cassata Ice Cream (150ml),Frozen,Bengaluru,Apex Dairy Supplies Bengaluru,179,55,9845
16-12-2024,Nandini Pure Ghee (1L),Ghee & Butter,Hubballi,Kittur Distributors Hubballi,20,610,12200
16-12-2024,Nandini Spiced Buttermilk (200ml),Beverages,Mysuru,Chamundi Agencies Mysuru,892,12,10704
17-12-2024,Nandini Homogenised Cow Milk (1L),Milk,Belagavi,North Karnataka Milk Center Belagavi,585,46,26910
17-12-2024,Nandini Unsalted Butter (500g),Ghee & Butter,Bengaluru,Apex Dairy Supplies Bengaluru,29,280,8120
17-12-2024,Nandini Mysore Pak (250g),Sweets,Davanagere,Central Karnataka Traders Davanagere,105,160,16800
17-12-2024,Nandini Unsalted Butter (500g),Ghee & Butter,Bengaluru,Apex Dairy Supplies Bengaluru,29,280,8120
17-12-2024,Nandini Unsalted Butter (500g),Ghee & Butter,Belagavi,North Karnataka Milk Center Belagavi,29,280,8120
17-12-2024,Nandini Special Milk (1L),Milk,Bengaluru,Apex Dairy Supplies Bengaluru,620,48,29760
17-12-2024,Nandini Flavoured Milk Badam (200ml),Beverages,Mysuru,Chamundi Agencies Mysuru,211,35,7385
17-12-2024,Nandini Sweet Lassi (200ml),Beverages,Bengaluru,Apex Dairy Supplies Bengaluru,460,20,9200
17-12-2024,Nandini Flavoured Milk Badam (200ml),Beverages,Mysuru,Chamundi Agencies Mysuru,287,35,10045
17-12-2024,Nandini Mysore Pak (250g),Sweets,Mysuru,Chamundi Agencies Mysuru,129,160,20640
18-12-2024,Nandini Unsalted Butter (500g),Ghee & Butter,Hubballi,Kittur Distributors Hubballi,63,280,17640
18-12-2024,Nandini Sweet Lassi (200ml),Beverages,Shivamogga,Malnad Dairy Network Shivamogga,235,20,4700
18-12-2024,Nandini Toned Milk (1L),Milk,Bengaluru,Apex Dairy Supplies Bengaluru,862,42,36204
18-12-2024,Nandini Flavoured Milk Badam (200ml),Beverages,Shivamogga,Malnad Dairy Network Shivamogga,139,35,4865
18-12-2024,Nandini Milk Peda (250g),Sweets,Mangaluru,Coastal Cool Logistics Mangaluru,45,140,6300
18-12-2024,Nandini Unsalted Butter (500g),Ghee & Butter,Bengaluru,Apex Dairy Supplies Bengaluru,61,280,17080
18-12-2024,Nandini Mysore Pak (250g),Sweets,Kalaburagi,Kalyana Karnataka Foods Kalaburagi,44,160,7040
18-12-2024,Nandini Mysore Pak (250g),Sweets,Bengaluru,Apex Dairy Supplies Bengaluru,47,160,7520
18-12-2024,Nandini Sweet Lassi (200ml),Beverages,Bengaluru,Apex Dairy Supplies Bengaluru,286,20,5720
18-12-2024,Nandini Spiced Buttermilk (200ml),Beverages,Davanagere,Central Karnataka Traders Davanagere,367,12,4404
18-12-2024,Nandini Pure Ghee (500ml),Ghee & Butter,Bengaluru,Apex Dairy Supplies Bengaluru,166,315,52290
18-12-2024,Nandini Curd (500g),Fresh Dairy,Mysuru,Chamundi Agencies Mysuru,607,26,15782
19-12-2024,Nandini Fresh Paneer (200g),Fresh Dairy,Bengaluru,Apex Dairy Supplies Bengaluru,261,95,24795
19-12-2024,Nandini Unsalted Butter (500g),Ghee & Butter,Bengaluru,Apex Dairy Supplies Bengaluru,104,280,29120
19-12-2024,Nandini Sweet Lassi (200ml),Beverages,Bengaluru,Apex Dairy Supplies Bengaluru,379,20,7580
19-12-2024,Nandini Unsalted Butter (500g),Ghee & Butter,Bengaluru,Apex Dairy Supplies Bengaluru,88,280,24640
19-12-2024,Nandini Cassata Ice Cream (150ml),Frozen,Mysuru,Chamundi Agencies Mysuru,65,55,3575
19-12-2024,Nandini Shubham Milk (1L),Milk,Mangaluru,Coastal Cool Logistics Mangaluru,278,50,13900
19-12-2024,Nandini Cassata Ice Cream (150ml),Frozen,Mangaluru,Coastal Cool Logistics Mangaluru,85,55,4675
19-12-2024,Nandini Homogenised Cow Milk (1L),Milk,Bengaluru,Apex Dairy Supplies Bengaluru,486,46,22356
19-12-2024,Nandini Flavoured Milk Badam (200ml),Beverages,Hubballi,Kittur Distributors Hubballi,232,35,8120
19-12-2024,Nandini Homogenised Cow Milk (1L),Milk,Bengaluru,Apex Dairy Supplies Bengaluru,682,46,31372
19-12-2024,Nandini Special Milk (1L),Milk,Bengaluru,Apex Dairy Supplies Bengaluru,386,48,18528
19-12-2024,Nandini Curd (500g),Fresh Dairy,Mangaluru,Coastal Cool Logistics Mangaluru,207,26,5382
20-12-2024,Nandini Kulfi (50ml),Frozen,Bengaluru,Apex Dairy Supplies Bengaluru,228,25,5700
20-12-2024,Nandini Curd (500g),Fresh Dairy,Belagavi,North Karnataka Milk Center Belagavi,507,26,13182
20-12-2024,Nandini Flavoured Milk Badam (200ml),Beverages,Shivamogga,Malnad Dairy Network Shivamogga,146,35,5110
20-12-2024,Nandini Samrudhi Milk (1L),Milk,Bengaluru,Apex Dairy Supplies Bengaluru,337,54,18198
20-12-2024,Nandini Curd (500g),Fresh Dairy,Bengaluru,Apex Dairy Supplies Bengaluru,323,26,8398
21-12-2024,Nandini Special Milk (1L),Milk,Bengaluru,Apex Dairy Supplies Bengaluru,427,48,20496
21-12-2024,Nandini Sweet Lassi (200ml),Beverages,Davanagere,Central Karnataka Traders Davanagere,208,20,4160
21-12-2024,Nandini Pure Ghee (500ml),Ghee & Butter,Mysuru,Chamundi Agencies Mysuru,121,315,38115
21-12-2024,Nandini Sweet Lassi (200ml),Beverages,Mangaluru,Coastal Cool Logistics Mangaluru,433,20,8660
21-12-2024,Nandini Pure Ghee (1L),Ghee & Butter,Kalaburagi,Kalyana Karnataka Foods Kalaburagi,86,610,52460
21-12-2024,Nandini Mysore Pak (250g),Sweets,Bengaluru,Apex Dairy Supplies Bengaluru,60,160,9600
21-12-2024,Nandini Gulab Jamun (1kg),Sweets,Bengaluru,Apex Dairy Supplies Bengaluru,70,260,18200
21-12-2024,Nandini Pure Ghee (500ml),Ghee & Butter,Bengaluru,Apex Dairy Supplies Bengaluru,129,315,40635
21-12-2024,Nandini Mysore Pak (250g),Sweets,Bengaluru,Apex Dairy Supplies Bengaluru,66,160,10560
21-12-2024,Nandini Pure Ghee (1L),Ghee & Butter,Bengaluru,Apex Dairy Supplies Bengaluru,115,610,70150
21-12-2024,Nandini Cassata Ice Cream (150ml),Frozen,Bengaluru,Apex Dairy Supplies Bengaluru,139,55,7645
21-12-2024,Nandini Homogenised Cow Milk (1L),Milk,Mysuru,Chamundi Agencies Mysuru,329,46,15134
22-12-2024,Nandini Pure Ghee (500ml),Ghee & Butter,Mysuru,Chamundi Agencies Mysuru,67,315,21105
22-12-2024,Nandini Cassata Ice Cream (150ml),Frozen,Belagavi,North Karnataka Milk Center Belagavi,176,55,9680
22-12-2024,Nandini Shubham Milk (1L),Milk,Bengaluru,Apex Dairy Supplies Bengaluru,374,50,18700
22-12-2024,Nandini Special Milk (1L),Milk,Bengaluru,Apex Dairy Supplies Bengaluru,565,48,27120
22-12-2024,Nandini Homogenised Cow Milk (1L),Milk,Hubballi,Kittur Distributors Hubballi,501,46,23046
22-12-2024,Nandini Salted Butter (500g),Ghee & Butter,Hubballi,Kittur Distributors Hubballi,114,275,31350
22-12-2024,Nandini Curd (500g),Fresh Dairy,Bengaluru,Apex Dairy Supplies Bengaluru,507,26,13182
22-12-2024,Nandini Samrudhi Milk (1L),Milk,Bengaluru,Apex Dairy Supplies Bengaluru,167,54,9018
22-12-2024,Nandini Toned Milk (1L),Milk,Mysuru,Chamundi Agencies Mysuru,808,42,33936
22-12-2024,Nandini Pure Ghee (500ml),Ghee & Butter,Mangaluru,Coastal Cool Logistics Mangaluru,100,315,31500
22-12-2024,Nandini Shubham Milk (1L),Milk,Tumakuru,Siddaganga Milk Express Tumakuru,317,50,15850
22-12-2024,Nandini Curd (500g),Fresh Dairy,Hubballi,Kittur Distributors Hubballi,564,26,14664
22-12-2024,Nandini Samrudhi Milk (1L),Milk,Mysuru,Chamundi Agencies Mysuru,258,54,13932
23-12-2024,Nandini Set Curd (400g),Fresh Dairy,Mysuru,Chamundi Agencies Mysuru,71,40,2840
23-12-2024,Nandini Kulfi (50ml),Frozen,Bengaluru,Apex Dairy Supplies Bengaluru,113,25,2825
23-12-2024,Nandini Flavoured Milk Badam (200ml),Beverages,Mysuru,Chamundi Agencies Mysuru,278,35,9730
23-12-2024,Nandini Homogenised Cow Milk (1L),Milk,Bengaluru,Apex Dairy Supplies Bengaluru,812,46,37352
23-12-2024,Nandini Unsalted Butter (500g),Ghee & Butter,Hubballi,Kittur Distributors Hubballi,27,280,7560
23-12-2024,Nandini Special Milk (1L),Milk,Bengaluru,Apex Dairy Supplies Bengaluru,463,48,22224
23-12-2024,Nandini Curd (500g),Fresh Dairy,Mysuru,Chamundi Agencies Mysuru,383,26,9958
23-12-2024,Nandini Unsalted Butter (500g),Ghee & Butter,Mysuru,Chamundi Agencies Mysuru,86,280,24080
23-12-2024,Nandini Samrudhi Milk (1L),Milk,Mangaluru,Coastal Cool Logistics Mangaluru,165,54,8910
23-12-2024,Nandini Mysore Pak (250g),Sweets,Ballari,Tungabhadra Dairy Logistics Ballari,75,160,12000
23-12-2024,Nandini Kulfi (50ml),Frozen,Davanagere,Central Karnataka Traders Davanagere,188,25,4700
24-12-2024,Nandini Pure Ghee (1L),Ghee & Butter,Bengaluru,Apex Dairy Supplies Bengaluru,59,610,35990
24-12-2024,Nandini Homogenised Cow Milk (1L),Milk,Bengaluru,Apex Dairy Supplies Bengaluru,421,46,19366
24-12-2024,Nandini Flavoured Milk Badam (200ml),Beverages,Kalaburagi,Kalyana Karnataka Foods Kalaburagi,156,35,5460
24-12-2024,Nandini Pure Ghee (1L),Ghee & Butter,Belagavi,North Karnataka Milk Center Belagavi,73,610,44530
24-12-2024,Nandini Flavoured Milk Badam (200ml),Beverages,Shivamogga,Malnad Dairy Network Shivamogga,152,35,5320
24-12-2024,Nandini Sweet Lassi (200ml),Beverages,Kalaburagi,Kalyana Karnataka Foods Kalaburagi,326,20,6520
24-12-2024,Nandini Set Curd (400g),Fresh Dairy,Belagavi,North Karnataka Milk Center Belagavi,141,40,5640
24-12-2024,Nandini Pure Ghee (500ml),Ghee & Butter,Shivamogga,Malnad Dairy Network Shivamogga,66,315,20790
24-12-2024,Nandini Curd (500g),Fresh Dairy,Belagavi,North Karnataka Milk Center Belagavi,435,26,11310
24-12-2024,Nandini Pure Ghee (500ml),Ghee & Butter,Davanagere,Central Karnataka Traders Davanagere,47,315,14805
24-12-2024,Nandini Salted Butter (500g),Ghee & Butter,Bengaluru,Apex Dairy Supplies Bengaluru,63,275,17325
24-12-2024,Nandini Set Curd (400g),Fresh Dairy,Mangaluru,Coastal Cool Logistics Mangaluru,112,40,4480
25-12-2024,Nandini Special Milk (1L),Milk,Davanagere,Central Karnataka Traders Davanagere,318,48,15264
25-12-2024,Nandini Salted Butter (500g),Ghee & Butter,Davanagere,Central Karnataka Traders Davanagere,88,275,24200
25-12-2024,Nandini Shubham Milk (1L),Milk,Hubballi,Kittur Distributors Hubballi,187,50,9350
25-12-2024,Nandini Flavoured Milk Badam (200ml),Beverages,Hubballi,Kittur Distributors Hubballi,280,35,9800
25-12-2024,Nandini Homogenised Cow Milk (1L),Milk,Kalaburagi,Kalyana Karnataka Foods Kalaburagi,423,46,19458
25-12-2024,Nandini Shubham Milk (1L),Milk,Bengaluru,Apex Dairy Supplies Bengaluru,536,50,26800
26-12-2024,Nandini Mysore Pak (250g),Sweets,Bengaluru,Apex Dairy Supplies Bengaluru,96,160,15360
26-12-2024,Nandini Set Curd (400g),Fresh Dairy,Davanagere,Central Karnataka Traders Davanagere,64,40,2560
26-12-2024,Nandini Spiced Buttermilk (200ml),Beverages,Bengaluru,Apex Dairy Supplies Bengaluru,447,12,5364
26-12-2024,Nandini Kulfi (50ml),Frozen,Mangaluru,Coastal Cool Logistics Mangaluru,216,25,5400
26-12-2024,Nandini Pure Ghee (500ml),Ghee & Butter,Ballari,Tungabhadra Dairy Logistics Ballari,122,315,38430
26-12-2024,Nandini Milk Peda (250g),Sweets,Davanagere,Central Karnataka Traders Davanagere,126,140,17640
26-12-2024,Nandini Milk Peda (250g),Sweets,Belagavi,North Karnataka Milk Center Belagavi,48,140,6720
26-12-2024,Nandini Kulfi (50ml),Frozen,Mysuru,Chamundi Agencies Mysuru,250,25,6250
26-12-2024,Nandini Pure Ghee (1L),Ghee & Butter,Mysuru,Chamundi Agencies Mysuru,95,610,57950
26-12-2024,Nandini Special Milk (1L),Milk,Mangaluru,Coastal Cool Logistics Mangaluru,379,48,18192
26-12-2024,Nandini Milk Peda (250g),Sweets,Mysuru,Chamundi Agencies Mysuru,51,140,7140
26-12-2024,Nandini Shubham Milk (1L),Milk,Mysuru,Chamundi Agencies Mysuru,185,50,9250
26-12-2024,Nandini Curd (500g),Fresh Dairy,Bengaluru,Apex Dairy Supplies Bengaluru,473,26,12298
27-12-2024,Nandini Mysore Pak (250g),Sweets,Bengaluru,Apex Dairy Supplies Bengaluru,125,160,20000
27-12-2024,Nandini Samrudhi Milk (1L),Milk,Mysuru,Chamundi Agencies Mysuru,331,54,17874
27-12-2024,Nandini Cassata Ice Cream (150ml),Frozen,Bengaluru,Apex Dairy Supplies Bengaluru,216,55,11880
27-12-2024,Nandini Special Milk (1L),Milk,Hubballi,Kittur Distributors Hubballi,438,48,21024
27-12-2024,Nandini Fresh Paneer (200g),Fresh Dairy,Hubballi,Kittur Distributors Hubballi,173,95,16435
27-12-2024,Nandini Unsalted Butter (500g),Ghee & Butter,Mysuru,Chamundi Agencies Mysuru,63,280,17640
27-12-2024,Nandini Samrudhi Milk (1L),Milk,Belagavi,North Karnataka Milk Center Belagavi,123,54,6642
27-12-2024,Nandini Spiced Buttermilk (200ml),Beverages,Mysuru,Chamundi Agencies Mysuru,1188,12,14256
28-12-2024,Nandini Set Curd (400g),Fresh Dairy,Mangaluru,Coastal Cool Logistics Mangaluru,58,40,2320
28-12-2024,Nandini Curd (500g),Fresh Dairy,Bengaluru,Apex Dairy Supplies Bengaluru,791,26,20566
28-12-2024,Nandini Spiced Buttermilk (200ml),Beverages,Hubballi,Kittur Distributors Hubballi,355,12,4260
28-12-2024,Nandini Unsalted Butter (500g),Ghee & Butter,Bengaluru,Apex Dairy Supplies Bengaluru,26,280,7280
28-12-2024,Nandini Fresh Paneer (200g),Fresh Dairy,Bengaluru,Apex Dairy Supplies Bengaluru,331,95,31445
28-12-2024,Nandini Samrudhi Milk (1L),Milk,Bengaluru,Apex Dairy Supplies Bengaluru,303,54,16362
28-12-2024,Nandini Sweet Lassi (200ml),Beverages,Hubballi,Kittur Distributors Hubballi,495,20,9900
28-12-2024,Nandini Milk Peda (250g),Sweets,Shivamogga,Malnad Dairy Network Shivamogga,87,140,12180
29-12-2024,Nandini Curd (500g),Fresh Dairy,Shivamogga,Malnad Dairy Network Shivamogga,390,26,10140
29-12-2024,Nandini Mysore Pak (250g),Sweets,Kalaburagi,Kalyana Karnataka Foods Kalaburagi,69,160,11040
29-12-2024,Nandini Samrudhi Milk (1L),Milk,Mysuru,Chamundi Agencies Mysuru,256,54,13824
29-12-2024,Nandini Pure Ghee (1L),Ghee & Butter,Mysuru,Chamundi Agencies Mysuru,32,610,19520
29-12-2024,Nandini Curd (500g),Fresh Dairy,Bengaluru,Apex Dairy Supplies Bengaluru,609,26,15834
29-12-2024,Nandini Set Curd (400g),Fresh Dairy,Mysuru,Chamundi Agencies Mysuru,128,40,5120
30-12-2024,Nandini Cassata Ice Cream (150ml),Frozen,Bengaluru,Apex Dairy Supplies Bengaluru,150,55,8250
30-12-2024,Nandini Special Milk (1L),Milk,Tumakuru,Siddaganga Milk Express Tumakuru,403,48,19344
30-12-2024,Nandini Homogenised Cow Milk (1L),Milk,Bengaluru,Apex Dairy Supplies Bengaluru,518,46,23828
30-12-2024,Nandini Salted Butter (500g),Ghee & Butter,Belagavi,North Karnataka Milk Center Belagavi,54,275,14850
30-12-2024,Nandini Curd (500g),Fresh Dairy,Mangaluru,Coastal Cool Logistics Mangaluru,414,26,10764
30-12-2024,Nandini Shubham Milk (1L),Milk,Hubballi,Kittur Distributors Hubballi,351,50,17550
30-12-2024,Nandini Mysore Pak (250g),Sweets,Bengaluru,Apex Dairy Supplies Bengaluru,115,160,18400
30-12-2024,Nandini Kulfi (50ml),Frozen,Hubballi,Kittur Distributors Hubballi,122,25,3050
30-12-2024,Nandini Flavoured Milk Badam (200ml),Beverages,Bengaluru,Apex Dairy Supplies Bengaluru,194,35,6790
31-12-2024,Nandini Salted Butter (500g),Ghee & Butter,Belagavi,North Karnataka Milk Center Belagavi,53,275,14575
31-12-2024,Nandini Kulfi (50ml),Frozen,Bengaluru,Apex Dairy Supplies Bengaluru,283,25,7075
31-12-2024,Nandini Flavoured Milk Badam (200ml),Beverages,Kalaburagi,Kalyana Karnataka Foods Kalaburagi,217,35,7595
31-12-2024,Nandini Kulfi (50ml),Frozen,Belagavi,North Karnataka Milk Center Belagavi,160,25,4000
31-12-2024,Nandini Toned Milk (1L),Milk,Bengaluru,Apex Dairy Supplies Bengaluru,989,42,41538
31-12-2024,Nandini Gulab Jamun (1kg),Sweets,Davanagere,Central Karnataka Traders Davanagere,71,260,18460
31-12-2024,Nandini Gulab Jamun (1kg),Sweets,Bengaluru,Apex Dairy Supplies Bengaluru,37,260,9620
31-12-2024,Nandini Gulab Jamun (1kg),Sweets,Shivamogga,Malnad Dairy Network Shivamogga,24,260,6240
31-12-2024,Nandini Shubham Milk (1L),Milk,Kalaburagi,Kalyana Karnataka Foods Kalaburagi,211,50,10550
31-12-2024,Nandini Milk Peda (250g),Sweets,Bengaluru,Apex Dairy Supplies Bengaluru,162,140,22680
31-12-2024,Nandini Samrudhi Milk (1L),Milk,Bengaluru,Apex Dairy Supplies Bengaluru,147,54,7938
31-12-2024,Nandini Sweet Lassi (200ml),Beverages,Mysuru,Chamundi Agencies Mysuru,248,20,4960
