Date,Product,Category,Location,Distributor,Quantity_Sold,Unit_Price,Revenue,Customer_Type,Payment_Mode
01-01-2024,Nandini Fresh Paneer (200g),Fresh Dairy,Bengaluru,Apex Dairy Supplies Bengaluru,433,95,41135,Wholesale,Net Banking
01-01-2024,Nandini Unsalted Butter (500g),Ghee & Butter,Bengaluru,Apex Dairy Supplies Bengaluru,181,280,50680,Institution,Credit Card
01-01-2024,Nandini Set Curd (400g),Fresh Dairy,Bengaluru,Apex Dairy Supplies Bengaluru,120,40,4800,Hotel / Restaurant,UPI
01-01-2024,Nandini Unsalted Butter (500g),Ghee & Butter,Hubballi,Kittur Distributors Hubballi,48,280,13440,Institution,Net Banking
01-01-2024,Nandini Cassata Ice Cream (150ml),Frozen,Kalaburagi,Kalyana Karnataka Foods Kalaburagi,92,55,5060,Supermarket,UPI
01-01-2024,Nandini Flavoured Milk Badam (200ml),Beverages,Bengaluru,Apex Dairy Supplies Bengaluru,201,35,7035,Retail,UPI
01-01-2024,Nandini Shubham Milk (1L),Milk,Bengaluru,Apex Dairy Supplies Bengaluru,393,50,19650,Wholesale,UPI
02-01-2024,Nandini Sweet Lassi (200ml),Beverages,Belagavi,North Karnataka Milk Center Belagavi,733,20,14660,Wholesale,Net Banking
02-01-2024,Nandini Sweet Lassi (200ml),Beverages,Bengaluru,Apex Dairy Supplies Bengaluru,553,20,11060,Supermarket,Cash
02-01-2024,Nandini Homogenised Cow Milk (1L),Milk,Shivamogga,Malnad Dairy Network Shivamogga,940,46,43240,Hotel / Restaurant,UPI
02-01-2024,Nandini Fresh Paneer (200g),Fresh Dairy,Belagavi,North Karnataka Milk Center Belagavi,110,95,10450,Hotel / Restaurant,Net Banking
02-01-2024,Nandini Gulab Jamun (1kg),Sweets,Bengaluru,Apex Dairy Supplies Bengaluru,49,260,12740,Retail,UPI
02-01-2024,Nandini Set Curd (400g),Fresh Dairy,Mysuru,Chamundi Agencies Mysuru,116,40,4640,Retail,UPI
02-01-2024,Nandini Shubham Milk (1L),Milk,Mangaluru,Coastal Cool Logistics Mangaluru,123,50,6150,Retail,UPI
02-01-2024,Nandini Unsalted Butter (500g),Ghee & Butter,Davanagere,Central Karnataka Traders Davanagere,32,280,8960,Retail,UPI
02-01-2024,Nandini Milk Peda (250g),Sweets,Bengaluru,Apex Dairy Supplies Bengaluru,108,140,15120,Supermarket,UPI
02-01-2024,Nandini Salted Butter (500g),Ghee & Butter,Hubballi,Kittur Distributors Hubballi,47,275,12925,Hotel / Restaurant,Net Banking
02-01-2024,Nandini Homogenised Cow Milk (1L),Milk,Bengaluru,Apex Dairy Supplies Bengaluru,1085,46,49910,Wholesale,UPI
02-01-2024,Nandini Kulfi (50ml),Frozen,Mysuru,Chamundi Agencies Mysuru,269,25,6725,Retail,Net Banking
02-01-2024,Nandini Toned Milk (1L),Milk,Bengaluru,Apex Dairy Supplies Bengaluru,1189,42,49938,Hotel / Restaurant,Cash
02-01-2024,Nandini Toned Milk (1L),Milk,Bengaluru,Apex Dairy Supplies Bengaluru,1394,42,58548,Wholesale,UPI
02-01-2024,Nandini Cassata Ice Cream (150ml),Frozen,Bengaluru,Apex Dairy Supplies Bengaluru,97,55,5335,Retail,UPI
03-01-2024,Nandini Fresh Paneer (200g),Fresh Dairy,Bengaluru,Apex Dairy Supplies Bengaluru,339,95,32205,Institution,Credit Card
03-01-2024,Nandini Curd (500g),Fresh Dairy,Shivamogga,Malnad Dairy Network Shivamogga,398,26,10348,Supermarket,Cash
03-01-2024,Nandini Curd (500g),Fresh Dairy,Bengaluru,Apex Dairy Supplies Bengaluru,499,26,12974,Retail,UPI
03-01-2024,Nandini Fresh Paneer (200g),Fresh Dairy,Bengaluru,Apex Dairy Supplies Bengaluru,115,95,10925,Retail,UPI
03-01-2024,Nandini Salted Butter (500g),Ghee & Butter,Bengaluru,Apex Dairy Supplies Bengaluru,135,275,37125,Supermarket,UPI
03-01-2024,Nandini Fresh Paneer (200g),Fresh Dairy,Bengaluru,Apex Dairy Supplies Bengaluru,276,95,26220,Wholesale,Net Banking
03-01-2024,Nandini Flavoured Milk Badam (200ml),Beverages,Hubballi,Kittur Distributors Hubballi,133,35,4655,Hotel / Restaurant,Credit Card
03-01-2024,Nandini Unsalted Butter (500g),Ghee & Butter,Kalaburagi,Kalyana Karnataka Foods Kalaburagi,36,280,10080,Retail,UPI
03-01-2024,Nandini Mysore Pak (250g),Sweets,Hubballi,Kittur Distributors Hubballi,37,160,5920,Retail,Net Banking
03-01-2024,Nandini Kulfi (50ml),Frozen,Bengaluru,Apex Dairy Supplies Bengaluru,253,25,6325,Retail,UPI
03-01-2024,Nandini Spiced Buttermilk (200ml),Beverages,Ballari,Tungabhadra Dairy Logistics Ballari,874,12,10488,Supermarket,Cash
03-01-2024,Nandini Samrudhi Milk (1L),Milk,Mysuru,Chamundi Agencies Mysuru,385,54,20790,Wholesale,Distributor Credit
04-01-2024,Nandini Curd (500g),Fresh Dairy,Belagavi,North Karnataka Milk Center Belagavi,549,26,14274,Retail,UPI
04-01-2024,Nandini Fresh Paneer (200g),Fresh Dairy,Bengaluru,Apex Dairy Supplies Bengaluru,224,95,21280,Wholesale,UPI
04-01-2024,Nandini Salted Butter (500g),Ghee & Butter,Hubballi,Kittur Distributors Hubballi,24,275,6600,Retail,Cash
04-01-2024,Nandini Special Milk (1L),Milk,Bengaluru,Apex Dairy Supplies Bengaluru,690,48,33120,Supermarket,UPI
04-01-2024,Nandini Mysore Pak (250g),Sweets,Bengaluru,Apex Dairy Supplies Bengaluru,96,160,15360,Retail,UPI
04-01-2024,Nandini Special Milk (1L),Milk,Bengaluru,Apex Dairy Supplies Bengaluru,479,48,22992,Retail,
04-01-2024,Nandini Cassata Ice Cream (150ml),Frozen,Kalaburagi,Kalyana Karnataka Foods Kalaburagi,125,55,6875,Retail,UPI
04-01-2024,Nandini Cassata Ice Cream (150ml),Frozen,Shivamogga,Malnad Dairy Network Shivamogga,83,55,4565,Retail,UPI
04-01-2024,Nandini Curd (500g),Fresh Dairy,Davanagere,Central Karnataka Traders Davanagere,340,26,8840,Retail,Net Banking
04-01-2024,Nandini Mysore Pak (250g),Sweets,Shivamogga,Malnad Dairy Network Shivamogga,95,160,15200,Wholesale,Credit Card
04-01-2024,Nandini Homogenised Cow Milk (1L),Milk,Davanagere,Central Karnataka Traders Davanagere,625,46,28750,Wholesale,UPI
04-01-2024,Nandini Flavoured Milk Badam (200ml),Beverages,Bengaluru,Apex Dairy Supplies Bengaluru,250,35,8750,Retail,Credit Card
04-01-2024,Nandini Salted Butter (500g),Ghee & Butter,Bengaluru,Apex Dairy Supplies Bengaluru,64,275,17600,Retail,Cash
04-01-2024,Nandini Sweet Lassi (200ml),Beverages,Mysuru,Chamundi Agencies Mysuru,338,20,6760,Retail,Distributor Credit
04-01-2024,Nandini Fresh Paneer (200g),Fresh Dairy,Bengaluru,Apex Dairy Supplies Bengaluru,167,95,15865,Supermarket,UPI
04-01-2024,Nandini Sweet Lassi (200ml),Beverages,Hubballi,Kittur Distributors Hubballi,472,20,9440,Retail,UPI
04-01-2024,Nandini Shubham Milk (1L),Milk,Kalaburagi,Kalyana Karnataka Foods Kalaburagi,205,50,10250,Retail,Net Banking
04-01-2024,Nandini Flavoured Milk Badam (200ml),Beverages,Bengaluru,Apex Dairy Supplies Bengaluru,318,35,11130,Hotel / Restaurant,Cash
04-01-2024,Nandini Salted Butter (500g),Ghee & Butter,Kalaburagi,Kalyana Karnataka Foods Kalaburagi,61,275,16775,Retail,Cash
04-01-2024,Nandini Special Milk (1L),Milk,Hubballi,Kittur Distributors Hubballi,347,48,16656,Hotel / Restaurant,Net Banking
05-01-2024,Nandini Kulfi (50ml),Frozen,Ballari,Tungabhadra Dairy Logistics Ballari,236,25,5900,Supermarket,Net Banking
05-01-2024,Nandini Samrudhi Milk (1L),Milk,Mysuru,Chamundi Agencies Mysuru,126,54,6804,Retail,Cash
05-01-2024,Nandini Toned Milk (1L),Milk,Bengaluru,Apex Dairy Supplies Bengaluru,2234,42,93828,Wholesale,UPI
05-01-2024,Nandini Milk Peda (250g),Sweets,Davanagere,Central Karnataka Traders Davanagere,87,140,12180,Supermarket,Cash
05-01-2024,Nandini Salted Butter (500g),Ghee & Butter,Bengaluru,Apex Dairy Supplies Bengaluru,157,275,43175,Hotel / Restaurant,Distributor Credit
05-01-2024,Nandini Milk Peda (250g),Sweets,Davanagere,Central Karnataka Traders Davanagere,58,140,8120,Retail,Net Banking
05-01-2024,Nandini Cassata Ice Cream (150ml),Frozen,Hubballi,Kittur Distributors Hubballi,222,55,12210,Hotel / Restaurant,Net Banking
05-01-2024,Nandini Pure Ghee (1L),Ghee & Butter,Bengaluru,Apex Dairy Supplies Bengaluru,52,610,31720,Retail,UPI
05-01-2024,Nandini Kulfi (50ml),Frozen,Tumakuru,Siddaganga Milk Express Tumakuru,176,25,4400,Retail,Cash
05-01-2024,Nandini Pure Ghee (1L),Ghee & Butter,Bengaluru,Apex Dairy Supplies Bengaluru,57,610,34770,Institution,Distributor Credit
05-01-2024,Nandini Samrudhi Milk (1L),Milk,Bengaluru,Apex Dairy Supplies Bengaluru,429,54,23166,Hotel / Restaurant,UPI
05-01-2024,Nandini Curd (500g),Fresh Dairy,Hubballi,Kittur Distributors Hubballi,603,26,15678,Wholesale,Credit Card
05-01-2024,Nandini Special Milk (1L),Milk,Mysuru,Chamundi Agencies Mysuru,297,48,14256,Retail,Cash
05-01-2024,Nandini Fresh Paneer (200g),Fresh Dairy,Bengaluru,Apex Dairy Supplies Bengaluru,192,95,18240,Retail,Distributor Credit
06-01-2024,Nandini Shubham Milk (1L),Milk,Mangaluru,Coastal Cool Logistics Mangaluru,501,50,25050,Wholesale,UPI
06-01-2024,Nandini Pure Ghee (1L),Ghee & Butter,Bengaluru,Apex Dairy Supplies Bengaluru,69,610,42090,Retail,UPI
06-01-2024,Nandini Pure Ghee (1L),Ghee & Butter,Bengaluru,Apex Dairy Supplies Bengaluru,114,610,69540,Supermarket,Cash
06-01-2024,Nandini Set Curd (400g),Fresh Dairy,Bengaluru,Apex Dairy Supplies Bengaluru,90,40,3600,Retail,Cash
06-01-2024,Nandini Pure Ghee (500ml),Ghee & Butter,Mangaluru,Coastal Cool Logistics Mangaluru,42,315,13230,Retail,UPI
06-01-2024,Nandini Salted Butter (500g),Ghee & Butter,Ballari,Tungabhadra Dairy Logistics Ballari,114,275,31350,Hotel / Restaurant,UPI
06-01-2024,Nandini Cassata Ice Cream (150ml),Frozen,Hubballi,Kittur Distributors Hubballi,89,55,4895,Retail,Net Banking
06-01-2024,Nandini Kulfi (50ml),Frozen,Hubballi,Kittur Distributors Hubballi,104,25,2600,Retail,Cash
06-01-2024,Nandini Curd (500g),Fresh Dairy,Bengaluru,Apex Dairy Supplies Bengaluru,434,26,11284,Supermarket,Distributor Credit
06-01-2024,Nandini Pure Ghee (1L),Ghee & Butter,Bengaluru,Apex Dairy Supplies Bengaluru,111,610,67710,Retail,Cash
06-01-2024,Nandini Toned Milk (1L),Milk,Ballari,Tungabhadra Dairy Logistics Ballari,640,42,26880,Retail,Cash
06-01-2024,Nandini Fresh Paneer (200g),Fresh Dairy,Shivamogga,Malnad Dairy Network Shivamogga,153,95,14535,Institution,UPI
06-01-2024,Nandini Toned Milk (1L),Milk,Mangaluru,Coastal Cool Logistics Mangaluru,435,42,18270,Retail,UPI
06-01-2024,Nandini Special Milk (1L),Milk,Bengaluru,Apex Dairy Supplies Bengaluru,397,48,19056,Retail,Net Banking
06-01-2024,Nandini Gulab Jamun (1kg),Sweets,Mysuru,Chamundi Agencies Mysuru,56,260,14560,Wholesale,UPI
06-01-2024,Nandini Milk Peda (250g),Sweets,Bengaluru,Apex Dairy Supplies Bengaluru,242,140,33880,Hotel / Restaurant,UPI
07-01-2024,Nandini Mysore Pak (250g),Sweets,Hubballi,Kittur Distributors Hubballi,128,160,20480,Retail,UPI
07-01-2024,Nandini Flavoured Milk Badam (200ml),Beverages,Tumakuru,Siddaganga Milk Express Tumakuru,103,35,3605,Retail,Cash
07-01-2024,Nandini Mysore Pak (250g),Sweets,Bengaluru,Apex Dairy Supplies Bengaluru,134,160,21440,Retail,UPI
07-01-2024,Nandini Toned Milk (1L),Milk,Hubballi,Kittur Distributors Hubballi,791,42,33222,Retail,Net Banking
07-01-2024,Nandini Salted Butter (500g),Ghee & Butter,Mangaluru,Coastal Cool Logistics Mangaluru,51,275,14025,Retail,UPI
07-01-2024,Nandini Mysore Pak (250g),Sweets,Tumakuru,Siddaganga Milk Express Tumakuru,143,160,22880,Retail,UPI
07-01-2024,Nandini Special Milk (1L),Milk,Bengaluru,Apex Dairy Supplies Bengaluru,1220,48,58560,Wholesale,UPI
07-01-2024,Nandini Pure Ghee (500ml),Ghee & Butter,Hubballi,Kittur Distributors Hubballi,92,315,28980,Retail,Cash
07-01-2024,Nandini Flavoured Milk Badam (200ml),Beverages,Belagavi,North Karnataka Milk Center Belagavi,219,35,7665,Retail,Net Banking
07-01-2024,Nandini Curd (500g),Fresh Dairy,Bengaluru,Apex Dairy Supplies Bengaluru,500,26,13000,Retail,Distributor Credit
07-01-2024,Nandini Homogenised Cow Milk (1L),Milk,Hubballi,Kittur Distributors Hubballi,606,46,27876,Retail,Cash
07-01-2024,Nandini Spiced Buttermilk (200ml),Beverages,Bengaluru,Apex Dairy Supplies Bengaluru,1288,12,15456,Supermarket,UPI
07-01-2024,Nandini Spiced Buttermilk (200ml),Beverages,Shivamogga,Malnad Dairy Network Shivamogga,759,12,9108,Retail,Cash
07-01-2024,Nandini Homogenised Cow Milk (1L),Milk,Mangaluru,Coastal Cool Logistics Mangaluru,918,46,42228,Hotel / Restaurant,Net Banking
07-01-2024,Nandini Shubham Milk (1L),Milk,Bengaluru,Apex Dairy Supplies Bengaluru,360,50,18000,,UPI
07-01-2024,Nandini Mysore Pak (250g),Sweets,Bengaluru,Apex Dairy Supplies Bengaluru,74,160,11840,Retail,Cash
07-01-2024,Nandini Salted Butter (500g),Ghee & Butter,Hubballi,Kittur Distributors Hubballi,66,275,18150,Retail,Cash
07-01-2024,Nandini Salted Butter (500g),Ghee & Butter,Hubballi,Kittur Distributors Hubballi,96,275,26400,Retail,Net Banking
08-01-2024,Nandini Salted Butter (500g),Ghee & Butter,Belagavi,North Karnataka Milk Center Belagavi,202,275,55550,Institution,UPI
08-01-2024,Nandini Spiced Buttermilk (200ml),Beverages,Bengaluru,Apex Dairy Supplies Bengaluru,1173,12,14076,Retail,Cash
08-01-2024,Nandini Salted Butter (500g),Ghee & Butter,Shivamogga,Malnad Dairy Network Shivamogga,102,275,28050,Wholesale,Distributor Credit
08-01-2024,Nandini Special Milk (1L),Milk,Mangaluru,Coastal Cool Logistics Mangaluru,364,48,17472,Retail,UPI
08-01-2024,Nandini Set Curd (400g),Fresh Dairy,Bengaluru,Apex Dairy Supplies Bengaluru,89,40,3560,Retail,UPI
08-01-2024,Nandini Unsalted Butter (500g),Ghee & Butter,Bengaluru,Apex Dairy Supplies Bengaluru,119,280,33320,Hotel / Restaurant,UPI
08-01-2024,Nandini Mysore Pak (250g),Sweets,Hubballi,Kittur Distributors Hubballi,112,160,17920,Supermarket,UPI
08-01-2024,Nandini Homogenised Cow Milk (1L),Milk,Bengaluru,Apex Dairy Supplies Bengaluru,580,46,26680,Retail,UPI
08-01-2024,Nandini Samrudhi Milk (1L),Milk,Bengaluru,Apex Dairy Supplies Bengaluru,401,54,21654,Wholesale,Distributor Credit
09-01-2024,Nandini Special Milk (1L),Milk,Bengaluru,Apex Dairy Supplies Bengaluru,296,48,14208,Supermarket,UPI
09-01-2024,Nandini Milk Peda (250g),Sweets,Bengaluru,Apex Dairy Supplies Bengaluru,165,140,23100,Retail,UPI
09-01-2024,Nandini Mysore Pak (250g),Sweets,Bengaluru,Apex Dairy Supplies Bengaluru,99,160,15840,Hotel / Restaurant,UPI
09-01-2024,Nandini Samrudhi Milk (1L),Milk,Bengaluru,Apex Dairy Supplies Bengaluru,398,54,21492,Hotel / Restaurant,Cash
09-01-2024,Nandini Unsalted Butter (500g),Ghee & Butter,Mangaluru,Coastal Cool Logistics Mangaluru,45,280,12600,Supermarket,UPI
09-01-2024,Nandini Sweet Lassi (200ml),Beverages,Kalaburagi,Kalyana Karnataka Foods Kalaburagi,197,20,3940,Hotel / Restaurant,Distributor Credit
09-01-2024,Nandini Curd (500g),Fresh Dairy,Hubballi,Kittur Distributors Hubballi,373,26,9698,Supermarket,Net Banking
09-01-2024,Nandini Pure Ghee (500ml),Ghee & Butter,Mysuru,Chamundi Agencies Mysuru,69,315,21735,Retail,Cash
09-01-2024,Nandini Special Milk (1L),Milk,Hubballi,Kittur Distributors Hubballi,947,48,45456,Wholesale,Net Banking
09-01-2024,Nandini Homogenised Cow Milk (1L),Milk,Kalaburagi,Kalyana Karnataka Foods Kalaburagi,1044,46,48024,Wholesale,UPI
09-01-2024,Nandini Special Milk (1L),Milk,Bengaluru,Apex Dairy Supplies Bengaluru,588,48,28224,Wholesale,UPI
09-01-2024,Nandini Sweet Lassi (200ml),Beverages,Mysuru,Chamundi Agencies Mysuru,277,20,5540,Retail,UPI
09-01-2024,Nandini Pure Ghee (500ml),Ghee & Butter,Mangaluru,Coastal Cool Logistics Mangaluru,44,315,13860,Retail,Net Banking
09-01-2024,Nandini Shubham Milk (1L),Milk,Mysuru,Chamundi Agencies Mysuru,733,50,36650,Wholesale,Credit Card
09-01-2024,Nandini Samrudhi Milk (1L),Milk,Belagavi,North Karnataka Milk Center Belagavi,187,54,10098,Retail,Distributor Credit
10-01-2024,Nandini Pure Ghee (1L),Ghee & Butter,tumakuru ,Siddaganga Milk Express Tumakuru,78,610,47580,Supermarket,Net Banking
10-01-2024,Nandini Kulfi (50ml),Frozen,Bengaluru,Apex Dairy Supplies Bengaluru,309,25,7725,Retail,Cash
10-01-2024,Nandini Homogenised Cow Milk (1L),Milk,Shivamogga,Malnad Dairy Network Shivamogga,275,46,12650,Supermarket,UPI
10-01-2024,Nandini Sweet Lassi (200ml),Beverages,Bengaluru,Apex Dairy Supplies Bengaluru,974,20,19480,Wholesale,Credit Card
10-01-2024,Nandini Special Milk (1L),Milk,Shivamogga,Malnad Dairy Network Shivamogga,536,48,25728,Hotel / Restaurant,UPI
10-01-2024,Nandini Milk Peda (250g),Sweets,Mysuru,Chamundi Agencies Mysuru,121,140,16940,Supermarket,Distributor Credit
10-01-2024,Nandini Pure Ghee (500ml),Ghee & Butter,Bengaluru,Apex Dairy Supplies Bengaluru,159,315,50085,Hotel / Restaurant,UPI
11-01-2024,Nandini Salted Butter (500g),Ghee & Butter,Belagavi,North Karnataka Milk Center Belagavi,58,275,15950,Wholesale,Credit Card
11-01-2024,Nandini Pure Ghee (1L),Ghee & Butter,Bengaluru,Apex Dairy Supplies Bengaluru,107,610,65270,Retail,Cash
11-01-2024,Nandini Special Milk (1L),Milk,Kalaburagi,Kalyana Karnataka Foods Kalaburagi,434,48,20832,Hotel / Restaurant,Cash
11-01-2024,Nandini Homogenised Cow Milk (1L),Milk,Davanagere,Central Karnataka Traders Davanagere,532,46,24472,Retail,UPI
11-01-2024,Nandini Shubham Milk (1L),Milk,Bengaluru,Apex Dairy Supplies Bengaluru,460,50,23000,Hotel / Restaurant,UPI
11-01-2024,Nandini Sweet Lassi (200ml),Beverages,Bengaluru,Apex Dairy Supplies Bengaluru,753,20,15060,Wholesale,UPI
11-01-2024,Nandini Homogenised Cow Milk (1L),Milk,Shivamogga,Malnad Dairy Network Shivamogga,495,46,22770,Retail,Credit Card
11-01-2024,Nandini Sweet Lassi (200ml),Beverages,Bengaluru,Apex Dairy Supplies Bengaluru,307,20,6140,Retail,UPI
11-01-2024,Nandini Salted Butter (500g),Ghee & Butter,Bengaluru,Apex Dairy Supplies Bengaluru,106,275,29150,Retail,Cash
11-01-2024,Nandini Shubham Milk (1L),Milk,Belagavi,North Karnataka Milk Center Belagavi,190,50,9500,Supermarket,Cash
11-01-2024,Nandini Mysore Pak (250g),Sweets,Bengaluru,Apex Dairy Supplies Bengaluru,158,160,25280,Supermarket,Cash
12-01-2024,Nandini Gulab Jamun (1kg),Sweets,Bengaluru,Apex Dairy Supplies Bengaluru,75,260,19500,Retail,Cash
12-01-2024,Nandini Kulfi (50ml),Frozen,Mangaluru,Coastal Cool Logistics Mangaluru,92,25,2300,Retail,Credit Card
12-01-2024,Nandini Shubham Milk (1L),Milk,Kalaburagi,Kalyana Karnataka Foods Kalaburagi,248,50,12400,Retail,UPI
12-01-2024,Nandini Shubham Milk (1L),Milk,Belagavi,North Karnataka Milk Center Belagavi,340,50,17000,Retail,Cash
12-01-2024,Nandini Spiced Buttermilk (200ml),Beverages,Hubballi,Kittur Distributors Hubballi,293,12,3516,Retail,Net Banking
12-01-2024,Nandini Kulfi (50ml),Frozen,Bengaluru,Apex Dairy Supplies Bengaluru,333,25,8325,Retail,UPI
12-01-2024,Nandini Salted Butter (500g),Ghee & Butter,Davanagere,Central Karnataka Traders Davanagere,91,275,25025,Retail,Credit Card
13-01-2024,Nandini Mysore Pak (250g),Sweets,Bengaluru,Apex Dairy Supplies Bengaluru,233,160,37280,Hotel / Restaurant,UPI
13-01-2024,Nandini Set Curd (400g),Fresh Dairy,Tumakuru,Siddaganga Milk Express Tumakuru,304,40,12160,Institution,Credit Card
13-01-2024,Nandini Unsalted Butter (500g),Ghee & Butter,Kalaburagi,Kalyana Karnataka Foods Kalaburagi,70,280,19600,Retail,UPI
13-01-2024,Nandini Flavoured Milk Badam (200ml),Beverages,Mysuru,Chamundi Agencies Mysuru,243,35,8505,Supermarket,UPI
13-01-2024,Nandini Curd (500g),Fresh Dairy,Mysuru,Chamundi Agencies Mysuru,241,26,6266,Supermarket,Cash
13-01-2024,Nandini Salted Butter (500g),Ghee & Butter,Bengaluru,Apex Dairy Supplies Bengaluru,48,275,13200,Retail,Cash
13-01-2024,Nandini Shubham Milk (1L),Milk,Belagavi,North Karnataka Milk Center Belagavi,155,50,7750,Retail,Net Banking
13-01-2024,Nandini Kulfi (50ml),Frozen,Mangaluru,Coastal Cool Logistics Mangaluru,159,25,3975,Retail,UPI
13-01-2024,Nandini Mysore Pak (250g),Sweets,Mysuru,Chamundi Agencies Mysuru,169,160,27040,Retail,UPI
13-01-2024,Nandini Flavoured Milk Badam (200ml),Beverages,Hubballi,Kittur Distributors Hubballi,153,35,5355,Retail,UPI
13-01-2024,Nandini Flavoured Milk Badam (200ml),Beverages,Mysuru,Chamundi Agencies Mysuru,284,35,9940,Institution,Net Banking
14-01-2024,Nandini Kulfi (50ml),Frozen,Shivamogga,Malnad Dairy Network Shivamogga,323,25,8075,Hotel / Restaurant,UPI
14-01-2024,Nandini Sweet Lassi (200ml),Beverages,Mangaluru,Coastal Cool Logistics Mangaluru,405,20,8100,Hotel / Restaurant,UPI
14-01-2024,Nandini Flavoured Milk Badam (200ml),Beverages,Mysuru,Chamundi Agencies Mysuru,260,35,9100,Retail,UPI
14-01-2024,Nandini Sweet Lassi (200ml),Beverages,Bengaluru,Apex Dairy Supplies Bengaluru,574,20,11480,Retail,UPI
14-01-2024,Nandini Samrudhi Milk (1L),Milk,Ballari,Tungabhadra Dairy Logistics Ballari,115,54,6210,Retail,UPI
14-01-2024,Nandini Pure Ghee (1L),Ghee & Butter,Mangaluru,Coastal Cool Logistics Mangaluru,55,610,33550,Retail,UPI
14-01-2024,Nandini Special Milk (1L),Milk,Bengaluru,Apex Dairy Supplies Bengaluru,501,48,24048,Supermarket,Net Banking
14-01-2024,Nandini Unsalted Butter (500g),Ghee & Butter,Mysuru,Chamundi Agencies Mysuru,47,280,13160,Retail,UPI
15-01-2024,Nandini Sweet Lassi (200ml),Beverages,Bengaluru,Apex Dairy Supplies Bengaluru,550,20,11000,Supermarket,Distributor Credit
15-01-2024,Nandini Samrudhi Milk (1L),Milk,Mangaluru,Coastal Cool Logistics Mangaluru,167,54,9018,Supermarket,Distributor Credit
15-01-2024,Nandini Curd (500g),Fresh Dairy,Bengaluru,Apex Dairy Supplies Bengaluru,661,26,17186,Hotel / Restaurant,Distributor Credit
15-01-2024,Nandini Homogenised Cow Milk (1L),Milk,Davanagere,Central Karnataka Traders Davanagere,907,46,41722,Hotel / Restaurant,Credit Card
15-01-2024,Nandini Spiced Buttermilk (200ml),Beverages,Belagavi,North Karnataka Milk Center Belagavi,1206,12,14472,Wholesale,UPI
15-01-2024,Nandini Kulfi (50ml),Frozen,Kalaburagi,Kalyana Karnataka Foods Kalaburagi,209,25,5225,Retail,UPI
15-01-2024,Nandini Pure Ghee (1L),Ghee & Butter,Bengaluru,Apex Dairy Supplies Bengaluru,97,610,59170,Retail,Cash
15-01-2024,Nandini Set Curd (400g),Fresh Dairy,Mysuru,Chamundi Agencies Mysuru,158,40,6320,Retail,UPI
15-01-2024,Nandini Pure Ghee (1L),Ghee & Butter,Bengaluru,Apex Dairy Supplies Bengaluru,46,610,28060,Retail,UPI
15-01-2024,Nandini Shubham Milk (1L),Milk,Mangaluru,Coastal Cool Logistics Mangaluru,133,50,6650,Supermarket,Net Banking
15-01-2024,  nandini set curd (400g)  ,Fresh Dairy,Ballari,Tungabhadra Dairy Logistics Ballari,177,40,7080,Retail,UPI
16-01-2024,Nandini Salted Butter (500g),Ghee & Butter,Bengaluru,Apex Dairy Supplies Bengaluru,76,275,20900,Supermarket,UPI
16-01-2024,Nandini Pure Ghee (500ml),Ghee & Butter,Bengaluru,Apex Dairy Supplies Bengaluru,172,315,54180,Supermarket,UPI
16-01-2024,Nandini Flavoured Milk Badam (200ml),Beverages,Shivamogga,Malnad Dairy Network Shivamogga,191,35,6685,Wholesale,UPI
16-01-2024,Nandini Mysore Pak (250g),Sweets,Davanagere,Central Karnataka Traders Davanagere,112,160,17920,Supermarket,Net Banking
16-01-2024,Nandini Gulab Jamun (1kg),Sweets,Hubballi,Kittur Distributors Hubballi,128,260,33280,Institution,Distributor Credit
16-01-2024,Nandini Curd (500g),Fresh Dairy,Bengaluru,Apex Dairy Supplies Bengaluru,1384,26,35984,Wholesale,Net Banking
16-01-2024,Nandini Mysore Pak (250g),Sweets,Bengaluru,Apex Dairy Supplies Bengaluru,72,160,11520,Retail,Distributor Credit
16-01-2024,Nandini Pure Ghee (500ml),Ghee & Butter,Bengaluru,Apex Dairy Supplies Bengaluru,54,315,17010,Retail,Cash
16-01-2024,Nandini Spiced Buttermilk (200ml),Beverages,Tumakuru,Siddaganga Milk Express Tumakuru,376,12,4512,Retail,
16-01-2024,Nandini Flavoured Milk Badam (200ml),Beverages,Kalaburagi,Kalyana Karnataka Foods Kalaburagi,113,35,3955,Retail,Cash
16-01-2024,Nandini Spiced Buttermilk (200ml),Beverages,Hubballi,Kittur Distributors Hubballi,767,12,9204,Supermarket,Distributor Credit
17-01-2024,Nandini Pure Ghee (500ml),Ghee & Butter,Hubballi,Kittur Distributors Hubballi,114,315,35910,Supermarket,Net Banking
17-01-2024,Nandini Shubham Milk (1L),Milk,Tumakuru,Siddaganga Milk Express Tumakuru,297,50,14850,Supermarket,Credit Card
17-01-2024,Nandini Cassata Ice Cream (150ml),Frozen,Kalaburagi,Kalyana Karnataka Foods Kalaburagi,106,55,5830,Retail,UPI
17-01-2024,Nandini Curd (500g),Fresh Dairy,Hubballi,Kittur Distributors Hubballi,468,26,12168,Retail,UPI
17-01-2024,Nandini Special Milk (1L),Milk,Bengaluru,Apex Dairy Supplies Bengaluru,668,48,32064,Supermarket,Net Banking
17-01-2024,Nandini Samrudhi Milk (1L),Milk,Bengaluru,Apex Dairy Supplies Bengaluru,331,54,17874,Hotel / Restaurant,Net Banking
17-01-2024,Nandini Shubham Milk (1L),Milk,Mysuru,Chamundi Agencies Mysuru,324,50,16200,Supermarket,UPI
17-01-2024,Nandini Flavoured Milk Badam (200ml),Beverages,Ballari,Tungabhadra Dairy Logistics Ballari,211,35,7385,Supermarket,Net Banking
17-01-2024,Nandini Cassata Ice Cream (150ml),Frozen,Bengaluru,Apex Dairy Supplies Bengaluru,77,55,4235,Supermarket,Cash
17-01-2024,Nandini Set Curd (400g),Fresh Dairy,Mysuru,Chamundi Agencies Mysuru,282,40,11280,Wholesale,Net Banking
17-01-2024,Nandini Samrudhi Milk (1L),Milk,Bengaluru,Apex Dairy Supplies Bengaluru,314,54,16956,Retail,UPI
17-01-2024,Nandini Flavoured Milk Badam (200ml),Beverages,Belagavi,North Karnataka Milk Center Belagavi,150,35,5250,Retail,Credit Card
17-01-2024,Nandini Special Milk (1L),Milk,Mysuru,Chamundi Agencies Mysuru,456,48,21888,Retail,UPI
17-01-2024,Nandini Gulab Jamun (1kg),Sweets,Hubballi,Kittur Distributors Hubballi,42,260,10920,Supermarket,Cash
17-01-2024,Nandini Gulab Jamun (1kg),Sweets,Hubballi,Kittur Distributors Hubballi,29,260,7540,Retail,UPI
17-01-2024,Nandini Toned Milk (1L),Milk,Mangaluru,Coastal Cool Logistics Mangaluru,364,42,15288,Retail,UPI
18-01-2024,Nandini Flavoured Milk Badam (200ml),Beverages,Bengaluru,Apex Dairy Supplies Bengaluru,372,35,13020,Institution,UPI
18-01-2024,Nandini Cassata Ice Cream (150ml),Frozen,Tumakuru,Siddaganga Milk Express Tumakuru,42,55,2310,Supermarket,Distributor Credit
18-01-2024,Nandini Shubham Milk (1L),Milk,Bengaluru,Apex Dairy Supplies Bengaluru,517,50,25850,Retail,Distributor Credit
18-01-2024,Nandini Pure Ghee (500ml),Ghee & Butter,Belagavi,North Karnataka Milk Center Belagavi,104,315,32760,Retail,UPI
18-01-2024,Nandini Flavoured Milk Badam (200ml),Beverages,Hubballi,Kittur Distributors Hubballi,296,35,10360,Retail,UPI
18-01-2024,Nandini Flavoured Milk Badam (200ml),Beverages,Bengaluru,Apex Dairy Supplies Bengaluru,118,35,4130,Retail,UPI
18-01-2024,Nandini Flavoured Milk Badam (200ml),Beverages,Bengaluru,Apex Dairy Supplies Bengaluru,684,35,23940,Wholesale,UPI
18-01-2024,Nandini Pure Ghee (500ml),Ghee & Butter,Ballari,Tungabhadra Dairy Logistics Ballari,131,315,41265,Wholesale,UPI
18-01-2024,Nandini Flavoured Milk Badam (200ml),Beverages,Bengaluru,Apex Dairy Supplies Bengaluru,158,35,5530,Supermarket,Cash
18-01-2024,Nandini Samrudhi Milk (1L),Milk,Mangaluru,Coastal Cool Logistics Mangaluru,97,54,5238,Supermarket,Net Banking
18-01-2024,Nandini Sweet Lassi (200ml),Beverages,Davanagere,Central Karnataka Traders Davanagere,508,20,10160,Retail,UPI
19-01-2024,Nandini Homogenised Cow Milk (1L),Milk,Bengaluru,Apex Dairy Supplies Bengaluru,887,46,40802,Retail,UPI
19-01-2024,Nandini Salted Butter (500g),Ghee & Butter,Hubballi,Kittur Distributors Hubballi,55,275,15125,Retail,UPI
19-01-2024,Nandini Kulfi (50ml),Frozen,Hubballi,Kittur Distributors Hubballi,131,25,3275,Retail,Cash
19-01-2024,Nandini Mysore Pak (250g),Sweets,Mangaluru,Coastal Cool Logistics Mangaluru,51,160,8160,Supermarket,Credit Card
19-01-2024,Nandini Curd (500g),Fresh Dairy,Mysuru,Chamundi Agencies Mysuru,666,26,17316,Supermarket,UPI
19-01-2024,Nandini Cassata Ice Cream (150ml),Frozen,Bengaluru,Apex Dairy Supplies Bengaluru,89,55,4895,Retail,Distributor Credit
19-01-2024,Nandini Fresh Paneer (200g),Fresh Dairy,Bengaluru,Apex Dairy Supplies Bengaluru,362,95,34390,Hotel / Restaurant,UPI
19-01-2024,Nandini Milk Peda (250g),Sweets,Kalaburagi,Kalyana Karnataka Foods Kalaburagi,49,140,6860,Supermarket,Cash
19-01-2024,Nandini Kulfi (50ml),Frozen,Bengaluru,Apex Dairy Supplies Bengaluru,274,25,6850,Retail,Cash
19-01-2024,Nandini Cassata Ice Cream (150ml),Frozen,Bengaluru,Apex Dairy Supplies Bengaluru,157,55,8635,Hotel / Restaurant,UPI
19-01-2024,Nandini Set Curd (400g),Fresh Dairy,Kalaburagi,Kalyana Karnataka Foods Kalaburagi,88,40,3520,Retail,Net Banking
19-01-2024,Nandini Mysore Pak (250g),Sweets,Bengaluru,Apex Dairy Supplies Bengaluru,125,160,20000,Supermarket,UPI
19-01-2024,Nandini Curd (500g),Fresh Dairy,Mysuru,Chamundi Agencies Mysuru,1014,26,26364,Wholesale,UPI
19-01-2024,Nandini Homogenised Cow Milk (1L),Milk,Belagavi,North Karnataka Milk Center Belagavi,770,46,35420,Wholesale,Cash
20-01-2024,Nandini Homogenised Cow Milk (1L),Milk,Bengaluru,Apex Dairy Supplies Bengaluru,834,46,38364,Wholesale,Net Banking
20-01-2024,Nandini Pure Ghee (500ml),Ghee & Butter,Belagavi,North Karnataka Milk Center Belagavi,112,315,35280,Supermarket,UPI
20-01-2024,Nandini Spiced Buttermilk (200ml),Beverages,Mangaluru,Coastal Cool Logistics Mangaluru,891,12,10692,Wholesale,Credit Card
20-01-2024,Nandini Mysore Pak (250g),Sweets,Hubballi,Kittur Distributors Hubballi,233,160,37280,Institution,Net Banking
20-01-2024,Nandini Special Milk (1L),Milk,Kalaburagi,Kalyana Karnataka Foods Kalaburagi,725,48,34800,Wholesale,Net Banking
20-01-2024,Nandini Fresh Paneer (200g),Fresh Dairy,Bengaluru,Apex Dairy Supplies Bengaluru,378,95,35910,Retail,Net Banking
20-01-2024,Nandini Sweet Lassi (200ml),Beverages,Kalaburagi,Kalyana Karnataka Foods Kalaburagi,611,20,12220,Hotel / Restaurant,Credit Card
20-01-2024,Nandini Flavoured Milk Badam (200ml),Beverages,Bengaluru,Apex Dairy Supplies Bengaluru,130,35,4550,Retail,Net Banking
20-01-2024,Nandini Milk Peda (250g),Sweets,Mysuru,Chamundi Agencies Mysuru,218,140,30520,Hotel / Restaurant,Cash
20-01-2024,Nandini Spiced Buttermilk (200ml),Beverages,Bengaluru,Apex Dairy Supplies Bengaluru,996,12,11952,Retail,Cash
20-01-2024,Nandini Shubham Milk (1L),Milk,Belagavi,North Karnataka Milk Center Belagavi,149,50,7450,Retail,Cash
20-01-2024,Nandini Milk Peda (250g),Sweets,Hubballi,Kittur Distributors Hubballi,153,140,21420,Supermarket,UPI
20-01-2024,Nandini Curd (500g),Fresh Dairy,Mangaluru,Coastal Cool Logistics Mangaluru,908,26,23608,Institution,Net Banking
20-01-2024,Nandini Flavoured Milk Badam (200ml),Beverages,Bengaluru,Apex Dairy Supplies Bengaluru,309,35,10815,Supermarket,Net Banking
21-01-2024,Nandini Unsalted Butter (500g),Ghee & Butter,Bengaluru,Apex Dairy Supplies Bengaluru,25,280,7000,Supermarket,Cash
21-01-2024,Nandini Fresh Paneer (200g),Fresh Dairy,Bengaluru,Apex Dairy Supplies Bengaluru,414,95,39330,Retail,Net Banking
21-01-2024,Nandini Toned Milk (1L),Milk,Bengaluru,Apex Dairy Supplies Bengaluru,516,42,21672,Supermarket,Cash
21-01-2024,Nandini Spiced Buttermilk (200ml),Beverages,Tumakuru,Siddaganga Milk Express Tumakuru,781,12,9372,Retail,Cash
21-01-2024,Nandini Samrudhi Milk (1L),Milk,Bengaluru,Apex Dairy Supplies Bengaluru,654,54,35316,Institution,UPI
21-01-2024,Nandini Fresh Paneer (200g),Fresh Dairy,Hubballi,Kittur Distributors Hubballi,180,95,17100,Hotel / Restaurant,Cash
21-01-2024,Nandini Homogenised Cow Milk (1L),Milk,Davanagere,Central Karnataka Traders Davanagere,651,46,29946,Retail,UPI
21-01-2024,Nandini Curd (500g),Fresh Dairy,Davanagere,Central Karnataka Traders Davanagere,768,26,19968,Wholesale,UPI
21-01-2024,Nandini Gulab Jamun (1kg),Sweets,Hubballi,Kittur Distributors Hubballi,161,260,41860,Wholesale,UPI
21-01-2024,Nandini Spiced Buttermilk (200ml),Beverages,Bengaluru,Apex Dairy Supplies Bengaluru,834,12,10008,Retail,UPI
21-01-2024,Nandini Curd (500g),Fresh Dairy,Davanagere,Central Karnataka Traders Davanagere,914,26,23764,Wholesale,Net Banking
21-01-2024,Nandini Toned Milk (1L),Milk,Davanagere,Central Karnataka Traders Davanagere,387,42,16254,Retail,UPI
21-01-2024,Nandini Pure Ghee (500ml),Ghee & Butter,Bengaluru,Apex Dairy Supplies Bengaluru,44,315,13860,Retail,Cash
21-01-2024,Nandini Gulab Jamun (1kg),Sweets,Mangaluru,Coastal Cool Logistics Mangaluru,51,260,13260,Retail,Distributor Credit
21-01-2024,Nandini Pure Ghee (1L),Ghee & Butter,Bengaluru,Apex Dairy Supplies Bengaluru,118,610,71980,Supermarket,Cash
21-01-2024,Nandini Pure Ghee (500ml),Ghee & Butter,Bengaluru,Apex Dairy Supplies Bengaluru,140,315,44100,Wholesale,Net Banking
22-01-2024,Nandini Homogenised Cow Milk (1L),Milk,Bengaluru,Apex Dairy Supplies Bengaluru,618,46,28428,Retail,UPI
22-01-2024,Nandini Kulfi (50ml),Frozen,Mysuru,Chamundi Agencies Mysuru,269,25,6725,Retail,Net Banking
22-01-2024,Nandini Pure Ghee (1L),Ghee & Butter,Belagavi,North Karnataka Milk Center Belagavi,74,610,45140,Retail,Distributor Credit
22-01-2024,Nandini Pure Ghee (1L),Ghee & Butter,Kalaburagi,Kalyana Karnataka Foods Kalaburagi,60,610,36600,Supermarket,Distributor Credit
22-01-2024,Nandini Set Curd (400g),Fresh Dairy,Davanagere,Central Karnataka Traders Davanagere,270,40,10800,Institution,UPI
22-01-2024,Nandini Fresh Paneer (200g),Fresh Dairy,Mysuru,Chamundi Agencies Mysuru,269,95,25555,Supermarket,UPI
22-01-2024,Nandini Toned Milk (1L),Milk,Mysuru,Chamundi Agencies Mysuru,1235,42,51870,Wholesale,UPI
22-01-2024,Nandini Homogenised Cow Milk (1L),Milk,Hubballi,Kittur Distributors Hubballi,1130,46,51980,Wholesale,Cash
22-01-2024,Nandini Mysore Pak (250g),Sweets,Bengaluru,Apex Dairy Supplies Bengaluru,143,160,22880,Retail,UPI
22-01-2024,Nandini Sweet Lassi (200ml),Beverages,Bengaluru,Apex Dairy Supplies Bengaluru,231,20,4620,Retail,Cash
22-01-2024,Nandini Fresh Paneer (200g),Fresh Dairy,Bengaluru,Apex Dairy Supplies Bengaluru,82,95,7790,Supermarket,UPI
22-01-2024,Nandini Set Curd (400g),Fresh Dairy,Bengaluru,Apex Dairy Supplies Bengaluru,187,40,7480,Retail,Cash
22-01-2024,Nandini Toned Milk (1L),Milk,Kalaburagi,Kalyana Karnataka Foods Kalaburagi,682,42,28644,Retail,Distributor Credit
22-01-2024,Nandini Samrudhi Milk (1L),Milk,Davanagere,Central Karnataka Traders Davanagere,155,54,8370,Retail,UPI
22-01-2024,Nandini Samrudhi Milk (1L),Milk,Davanagere,Central Karnataka Traders Davanagere,215,54,11610,Retail,UPI
22-01-2024,Nandini Sweet Lassi (200ml),Beverages,Bengaluru,Apex Dairy Supplies Bengaluru,573,20,11460,Supermarket,Net Banking
22-01-2024,Nandini Milk Peda (250g),Sweets,Hubballi,Kittur Distributors Hubballi,113,140,15820,Hotel / Restaurant,Cash
22-01-2024,Nandini Pure Ghee (500ml),Ghee & Butter,Mysuru,Chamundi Agencies Mysuru,125,315,39375,,UPI
22-01-2024,Nandini Fresh Paneer (200g),Fresh Dairy,Belagavi,North Karnataka Milk Center Belagavi,179,95,17005,Retail,UPI
23-01-2024,Nandini Mysore Pak (250g),Sweets,Bengaluru,Apex Dairy Supplies Bengaluru,252,160,40320,Hotel / Restaurant,UPI
23-01-2024,Nandini Set Curd (400g),Fresh Dairy,Mysuru,Chamundi Agencies Mysuru,201,40,8040,Supermarket,Cash
23-01-2024,Nandini Pure Ghee (1L),Ghee & Butter,Mangaluru,Coastal Cool Logistics Mangaluru,88,610,53680,Wholesale,UPI
23-01-2024,Nandini Homogenised Cow Milk (1L),Milk,Bengaluru,Apex Dairy Supplies Bengaluru,534,46,24564,Retail,Cash
23-01-2024,Nandini Pure Ghee (1L),Ghee & Butter,Bengaluru,Apex Dairy Supplies Bengaluru,82,610,50020,Retail,UPI
23-01-2024,Nandini Set Curd (400g),Fresh Dairy,Davanagere,Central Karnataka Traders Davanagere,56,40,2240,Retail,UPI
23-01-2024,Nandini Curd (500g),Fresh Dairy,Bengaluru,Apex Dairy Supplies Bengaluru,619,26,16094,Hotel / Restaurant,Net Banking
23-01-2024,Nandini Set Curd (400g),Fresh Dairy,Belagavi,North Karnataka Milk Center Belagavi,178,40,7120,Supermarket,Cash
23-01-2024,Nandini Shubham Milk (1L),Milk,Hubballi,Kittur Distributors Hubballi,211,50,10550,Supermarket,UPI
23-01-2024,Nandini Milk Peda (250g),Sweets,Bengaluru,Apex Dairy Supplies Bengaluru,119,140,16660,Retail,Distributor Credit
23-01-2024,Nandini Set Curd (400g),Fresh Dairy,Bengaluru,Apex Dairy Supplies Bengaluru,309,40,12360,Wholesale,UPI
23-01-2024,Nandini Homogenised Cow Milk (1L),Milk,Shivamogga,Malnad Dairy Network Shivamogga,831,46,38226,Wholesale,Cash
23-01-2024,Nandini Milk Peda (250g),Sweets,Bengaluru,Apex Dairy Supplies Bengaluru,147,140,20580,Retail,Credit Card
24-01-2024,Nandini Homogenised Cow Milk (1L),Milk,Bengaluru,Apex Dairy Supplies Bengaluru,553,46,25438,Retail,UPI
24-01-2024,Nandini Sweet Lassi (200ml),Beverages,Ballari,Tungabhadra Dairy Logistics Ballari,413,20,8260,Retail,UPI
24-01-2024,Nandini Kulfi (50ml),Frozen,Ballari,Tungabhadra Dairy Logistics Ballari,135,25,3375,Supermarket,Cash
24-01-2024,Nandini Sweet Lassi (200ml),Beverages,Bengaluru,Apex Dairy Supplies Bengaluru,858,20,17160,Wholesale,Net Banking
24-01-2024,Nandini Samrudhi Milk (1L),Milk,Bengaluru,Apex Dairy Supplies Bengaluru,350,54,18900,Supermarket,UPI
24-01-2024,Nandini Mysore Pak (250g),Sweets,Davanagere,Central Karnataka Traders Davanagere,61,160,9760,Hotel / Restaurant,Cash
24-01-2024,Nandini Flavoured Milk Badam (200ml),Beverages,Bengaluru,Apex Dairy Supplies Bengaluru,260,35,9100,Wholesale,Net Banking
24-01-2024,Nandini Sweet Lassi (200ml),Beverages,Bengaluru,Apex Dairy Supplies Bengaluru,398,20,7960,Supermarket,UPI
24-01-2024,Nandini Gulab Jamun (1kg),Sweets,Belagavi,North Karnataka Milk Center Belagavi,44,260,11440,Hotel / Restaurant,Credit Card
24-01-2024,Nandini Cassata Ice Cream (150ml),Frozen,Hubballi,Kittur Distributors Hubballi,147,55,8085,Supermarket,UPI
24-01-2024,Nandini Milk Peda (250g),Sweets,Shivamogga,Malnad Dairy Network Shivamogga,107,140,14980,Supermarket,Credit Card
24-01-2024,Nandini Special Milk (1L),Milk,Bengaluru,Apex Dairy Supplies Bengaluru,254,48,12192,Retail,Distributor Credit
24-01-2024,Nandini Cassata Ice Cream (150ml),Frozen,Bengaluru,Apex Dairy Supplies Bengaluru,100,55,5500,Supermarket,Cash
24-01-2024,Nandini Shubham Milk (1L),Milk,Belagavi,North Karnataka Milk Center Belagavi,478,50,23900,Hotel / Restaurant,UPI
24-01-2024,Nandini Cassata Ice Cream (150ml),Frozen,Belagavi,North Karnataka Milk Center Belagavi,100,55,5500,Retail,Cash
24-01-2024,Nandini Toned Milk (1L),Milk,Mysuru,Chamundi Agencies Mysuru,1076,42,45192,Retail,Net Banking
24-01-2024,Nandini Homogenised Cow Milk (1L),Milk,Bengaluru,Apex Dairy Supplies Bengaluru,1397,46,64262,Institution,UPI
24-01-2024,Nandini Salted Butter (500g),Ghee & Butter,Bengaluru,Apex Dairy Supplies Bengaluru,36,275,9900,Retail,Net Banking
24-01-2024,Nandini Shubham Milk (1L),Milk,Davanagere,Central Karnataka Traders Davanagere,222,50,11100,Retail,UPI
24-01-2024,Nandini Spiced Buttermilk (200ml),Beverages,Hubballi,Kittur Distributors Hubballi,592,12,7104,Wholesale,UPI
25-01-2024,Nandini Pure Ghee (500ml),Ghee & Butter,Ballari,Tungabhadra Dairy Logistics Ballari,136,315,42840,Supermarket,Cash
25-01-2024,Nandini Homogenised Cow Milk (1L),Milk,Hubballi,Kittur Distributors Hubballi,534,46,24564,Retail,Cash
25-01-2024,Nandini Salted Butter (500g),Ghee & Butter,Mangaluru,Coastal Cool Logistics Mangaluru,79,275,21725,Retail,Net Banking
25-01-2024,Nandini Salted Butter (500g),Ghee & Butter,Hubballi,Kittur Distributors Hubballi,92,275,25300,Supermarket,Net Banking
25-01-2024,Nandini Sweet Lassi (200ml),Beverages,Bengaluru,Apex Dairy Supplies Bengaluru,941,20,18820,Institution,Net Banking
25-01-2024,Nandini Homogenised Cow Milk (1L),Milk,Hubballi,Kittur Distributors Hubballi,507,46,23322,Retail,UPI
25-01-2024,Nandini Pure Ghee (1L),Ghee & Butter,Tumakuru,Siddaganga Milk Express Tumakuru,52,610,31720,Retail,
25-01-2024,Nandini Sweet Lassi (200ml),Beverages,Shivamogga,Malnad Dairy Network Shivamogga,270,20,5400,Retail,Cash
25-01-2024,Nandini Homogenised Cow Milk (1L),Milk,Kalaburagi,Kalyana Karnataka Foods Kalaburagi,539,46,24794,Retail,Net Banking
25-01-2024,Nandini Homogenised Cow Milk (1L),Milk,Hubballi,Kittur Distributors Hubballi,430,46,19780,Retail,UPI
25-01-2024,Nandini Shubham Milk (1L),Milk,bengaluru ,Apex Dairy Supplies Bengaluru,488,50,24400,Retail,UPI
25-01-2024,Nandini Kulfi (50ml),Frozen,Tumakuru,Siddaganga Milk Express Tumakuru,335,25,8375,Hotel / Restaurant,UPI
25-01-2024,Nandini Pure Ghee (500ml),Ghee & Butter,Bengaluru,Apex Dairy Supplies Bengaluru,198,315,62370,Wholesale,UPI
25-01-2024,Nandini Pure Ghee (500ml),Ghee & Butter,Mysuru,Chamundi Agencies Mysuru,66,315,20790,Retail,Distributor Credit
25-01-2024,Nandini Curd (500g),Fresh Dairy,Kalaburagi,Kalyana Karnataka Foods Kalaburagi,219,26,5694,Retail,Net Banking
25-01-2024,Nandini Set Curd (400g),Fresh Dairy,Bengaluru,Apex Dairy Supplies Bengaluru,154,40,6160,Retail,Net Banking
25-01-2024,Nandini Flavoured Milk Badam (200ml),Beverages,Davanagere,Central Karnataka Traders Davanagere,99,35,3465,Retail,UPI
25-01-2024,Nandini Set Curd (400g),Fresh Dairy,Mysuru,Chamundi Agencies Mysuru,132,40,5280,Hotel / Restaurant,UPI
25-01-2024,Nandini Salted Butter (500g),Ghee & Butter,Hubballi,Kittur Distributors Hubballi,62,275,17050,Supermarket,UPI
25-01-2024,Nandini Milk Peda (250g),Sweets,Hubballi,Kittur Distributors Hubballi,72,140,10080,Retail,Cash
26-01-2024,Nandini Set Curd (400g),Fresh Dairy,Belagavi,North Karnataka Milk Center Belagavi,136,40,5440,Wholesale,UPI
26-01-2024,Nandini Pure Ghee (1L),Ghee & Butter,Bengaluru,Apex Dairy Supplies Bengaluru,144,610,87840,Wholesale,Net Banking
26-01-2024,Nandini Spiced Buttermilk (200ml),Beverages,Bengaluru,Apex Dairy Supplies Bengaluru,725,12,8700,Retail,Net Banking
26-01-2024,Nandini Cassata Ice Cream (150ml),Frozen,Bengaluru,Apex Dairy Supplies Bengaluru,132,55,7260,Wholesale,Net Banking
26-01-2024,Nandini Flavoured Milk Badam (200ml),Beverages,Belagavi,North Karnataka Milk Center Belagavi,151,35,5285,Supermarket,Cash
26-01-2024,Nandini Samrudhi Milk (1L),Milk,Bengaluru,Apex Dairy Supplies Bengaluru,300,54,16200,Hotel / Restaurant,UPI
26-01-2024,Nandini Unsalted Butter (500g),Ghee & Butter,Hubballi,Kittur Distributors Hubballi,20,280,5600,Supermarket,UPI
27-01-2024,Nandini Salted Butter (500g),Ghee & Butter,Bengaluru,Apex Dairy Supplies Bengaluru,85,275,23375,Retail,UPI
27-01-2024,Nandini Mysore Pak (250g),Sweets,Bengaluru,Apex Dairy Supplies Bengaluru,99,160,15840,Hotel / Restaurant,UPI
27-01-2024,Nandini Milk Peda (250g),Sweets,Bengaluru,Apex Dairy Supplies Bengaluru,130,140,18200,Institution,UPI
27-01-2024,Nandini Fresh Paneer (200g),Fresh Dairy,Davanagere,Central Karnataka Traders Davanagere,110,95,10450,Retail,UPI
27-01-2024,Nandini Cassata Ice Cream (150ml),Frozen,Bengaluru,Apex Dairy Supplies Bengaluru,201,55,11055,Retail,Net Banking
27-01-2024,Nandini Pure Ghee (500ml),Ghee & Butter,Bengaluru,Apex Dairy Supplies Bengaluru,106,315,33390,Retail,Cash
27-01-2024,Nandini Milk Peda (250g),Sweets,Bengaluru,Apex Dairy Supplies Bengaluru,190,140,26600,Retail,UPI
27-01-2024,Nandini Flavoured Milk Badam (200ml),Beverages,Mangaluru,Coastal Cool Logistics Mangaluru,327,35,11445,Institution,Cash
27-01-2024,Nandini Milk Peda (250g),Sweets,Mysuru,Chamundi Agencies Mysuru,186,140,26040,Wholesale,Distributor Credit
27-01-2024,Nandini Special Milk (1L),Milk,Bengaluru,Apex Dairy Supplies Bengaluru,378,48,18144,Supermarket,UPI
27-01-2024,Nandini Gulab Jamun (1kg),Sweets,Davanagere,Central Karnataka Traders Davanagere,55,260,14300,Retail,UPI
27-01-2024,Nandini Mysore Pak (250g),Sweets,Tumakuru,Siddaganga Milk Express Tumakuru,149,160,23840,Retail,UPI
27-01-2024,Nandini Gulab Jamun (1kg),Sweets,Mysuru,Chamundi Agencies Mysuru,105,260,27300,Retail,UPI
27-01-2024,Nandini Homogenised Cow Milk (1L),Milk,Hubballi,Kittur Distributors Hubballi,436,46,20056,Retail,UPI
27-01-2024,Nandini Spiced Buttermilk (200ml),Beverages,Bengaluru,Apex Dairy Supplies Bengaluru,1605,12,19260,Hotel / Restaurant,Net Banking
27-01-2024,Nandini Mysore Pak (250g),Sweets,Mysuru,Chamundi Agencies Mysuru,79,160,12640,Supermarket,UPI
27-01-2024,Nandini Homogenised Cow Milk (1L),Milk,Mysuru,Chamundi Agencies Mysuru,496,46,22816,Retail,UPI
27-01-2024,Nandini Fresh Paneer (200g),Fresh Dairy,Bengaluru,Apex Dairy Supplies Bengaluru,175,95,16625,Retail,UPI
27-01-2024,Nandini Mysore Pak (250g),Sweets,Bengaluru,Apex Dairy Supplies Bengaluru,213,160,34080,Supermarket,Distributor Credit
27-01-2024,Nandini Samrudhi Milk (1L),Milk,Mysuru,Chamundi Agencies Mysuru,193,54,10422,Hotel / Restaurant,UPI
28-01-2024,Nandini Shubham Milk (1L),Milk,Mangaluru,Coastal Cool Logistics Mangaluru,139,50,6950,Retail,UPI
28-01-2024,Nandini Samrudhi Milk (1L),Milk,Mangaluru,Coastal Cool Logistics Mangaluru,265,54,14310,Hotel / Restaurant,UPI
28-01-2024,Nandini Samrudhi Milk (1L),Milk,Davanagere,Central Karnataka Traders Davanagere,207,54,11178,Hotel / Restaurant,UPI
28-01-2024,Nandini Spiced Buttermilk (200ml),Beverages,Hubballi,Kittur Distributors Hubballi,631,12,7572,Hotel / Restaurant,Distributor Credit
28-01-2024,Nandini Set Curd (400g),Fresh Dairy,Shivamogga,Malnad Dairy Network Shivamogga,100,40,4000,Supermarket,UPI
28-01-2024,Nandini Toned Milk (1L),Milk,Mysuru,Chamundi Agencies Mysuru,958,42,40236,Retail,Cash
28-01-2024,Nandini Sweet Lassi (200ml),Beverages,Ballari,Tungabhadra Dairy Logistics Ballari,434,20,8680,Wholesale,UPI
28-01-2024,Nandini Pure Ghee (1L),Ghee & Butter,Mangaluru,Coastal Cool Logistics Mangaluru,104,610,63440,Retail,Distributor Credit
28-01-2024,Nandini Special Milk (1L),Milk,Bengaluru,Apex Dairy Supplies Bengaluru,586,48,28128,Hotel / Restaurant,UPI
28-01-2024,Nandini Set Curd (400g),Fresh Dairy,Mangaluru,Coastal Cool Logistics Mangaluru,113,40,4520,Retail,UPI
28-01-2024,Nandini Special Milk (1L),Milk,Bengaluru,Apex Dairy Supplies Bengaluru,442,48,21216,Retail,Net Banking
28-01-2024,Nandini Set Curd (400g),Fresh Dairy,Mysuru,Chamundi Agencies Mysuru,159,40,6360,Supermarket,Net Banking
28-01-2024,Nandini Curd (500g),Fresh Dairy,Hubballi,Kittur Distributors Hubballi,307,26,7982,Hotel / Restaurant,UPI
28-01-2024,Nandini Flavoured Milk Badam (200ml),Beverages,Bengaluru,Apex Dairy Supplies Bengaluru,347,35,12145,Supermarket,UPI
28-01-2024,Nandini Salted Butter (500g),Ghee & Butter,Bengaluru,Apex Dairy Supplies Bengaluru,82,275,22550,Hotel / Restaurant,UPI
28-01-2024,Nandini Unsalted Butter (500g),Ghee & Butter,Bengaluru,Apex Dairy Supplies Bengaluru,28,280,7840,Retail,UPI
28-01-2024,Nandini Set Curd (400g),Fresh Dairy,Mysuru,Chamundi Agencies Mysuru,211,40,8440,Hotel / Restaurant,UPI
29-01-2024,Nandini Homogenised Cow Milk (1L),Milk,Bengaluru,Apex Dairy Supplies Bengaluru,791,46,36386,Retail,UPI
29-01-2024,Nandini Pure Ghee (1L),Ghee & Butter,Mysuru,Chamundi Agencies Mysuru,33,610,20130,Retail,UPI
29-01-2024,Nandini Gulab Jamun (1kg),Sweets,Belagavi,North Karnataka Milk Center Belagavi,77,260,20020,Supermarket,UPI
29-01-2024,Nandini Fresh Paneer (200g),Fresh Dairy,Hubballi,Kittur Distributors Hubballi,172,95,16340,Retail,Credit Card
29-01-2024,Nandini Toned Milk (1L),Milk,Mysuru,Chamundi Agencies Mysuru,1134,42,47628,Supermarket,UPI
29-01-2024,Nandini Cassata Ice Cream (150ml),Frozen,Bengaluru,Apex Dairy Supplies Bengaluru,224,55,12320,Wholesale,Credit Card
29-01-2024,Nandini Toned Milk (1L),Milk,Kalaburagi,Kalyana Karnataka Foods Kalaburagi,602,42,25284,Retail,Distributor Credit
29-01-2024,Nandini Gulab Jamun (1kg),Sweets,Bengaluru,Apex Dairy Supplies Bengaluru,90,260,23400,Retail,Credit Card
29-01-2024,Nandini Spiced Buttermilk (200ml),Beverages,Mangaluru,Coastal Cool Logistics Mangaluru,668,12,8016,Retail,Cash
30-01-2024,Nandini Sweet Lassi (200ml),Beverages,Bengaluru,Apex Dairy Supplies Bengaluru,268,20,5360,Supermarket,Distributor Credit
30-01-2024,Nandini Pure Ghee (500ml),Ghee & Butter,Bengaluru,Apex Dairy Supplies Bengaluru,113,315,35595,Supermarket,Cash
30-01-2024,Nandini Salted Butter (500g),Ghee & Butter,Bengaluru,Apex Dairy Supplies Bengaluru,53,275,14575,Supermarket,Net Banking
30-01-2024,Nandini Cassata Ice Cream (150ml),Frozen,Kalaburagi,Kalyana Karnataka Foods Kalaburagi,86,55,4730,Supermarket,Cash
30-01-2024,Nandini Toned Milk (1L),Milk,Bengaluru,Apex Dairy Supplies Bengaluru,656,42,27552,Retail,Credit Card
30-01-2024,Nandini Sweet Lassi (200ml),Beverages,Bengaluru,Apex Dairy Supplies Bengaluru,804,20,16080,Hotel / Restaurant,Cash
30-01-2024,Nandini Cassata Ice Cream (150ml),Frozen,Bengaluru,Apex Dairy Supplies Bengaluru,133,55,7315,Retail,UPI
30-01-2024,Nandini Mysore Pak (250g),Sweets,Kalaburagi,Kalyana Karnataka Foods Kalaburagi,77,160,12320,Retail,Credit Card
30-01-2024,Nandini Cassata Ice Cream (150ml),Frozen,Bengaluru,Apex Dairy Supplies Bengaluru,128,55,7040,Hotel / Restaurant,UPI
30-01-2024,Nandini Cassata Ice Cream (150ml),Frozen,Bengaluru,Apex Dairy Supplies Bengaluru,102,55,5610,Retail,Net Banking
30-01-2024,Nandini Curd (500g),Fresh Dairy,Mangaluru,Coastal Cool Logistics Mangaluru,434,26,11284,Retail,Credit Card
30-01-2024,Nandini Spiced Buttermilk (200ml),Beverages,Mangaluru,Coastal Cool Logistics Mangaluru,892,12,10704,Retail,Net Banking
31-01-2024,Nandini Toned Milk (1L),Milk,Bengaluru,Apex Dairy Supplies Bengaluru,1055,42,44310,Retail,Cash
31-01-2024,Nandini Special Milk (1L),Milk,Shivamogga,Malnad Dairy Network Shivamogga,457,48,21936,Retail,UPI
31-01-2024,Nandini Samrudhi Milk (1L),Milk,Tumakuru,Siddaganga Milk Express Tumakuru,125,54,6750,Retail,Cash
31-01-2024,Nandini Pure Ghee (500ml),Ghee & Butter,Ballari,Tungabhadra Dairy Logistics Ballari,96,315,30240,Retail,Cash
31-01-2024,Nandini Spiced Buttermilk (200ml),Beverages,Bengaluru,Apex Dairy Supplies Bengaluru,1448,12,17376,Hotel / Restaurant,UPI
31-01-2024,Nandini Spiced Buttermilk (200ml),Beverages,Mysuru,Chamundi Agencies Mysuru,449,12,5388,Retail,Net Banking
31-01-2024,Nandini Mysore Pak (250g),Sweets,Shivamogga,Malnad Dairy Network Shivamogga,69,160,11040,Supermarket,Cash
31-01-2024,Nandini Fresh Paneer (200g),Fresh Dairy,Bengaluru,Apex Dairy Supplies Bengaluru,416,95,39520,Wholesale,UPI
31-01-2024,Nandini Flavoured Milk Badam (200ml),Beverages,Bengaluru,Apex Dairy Supplies Bengaluru,593,35,20755,Wholesale,UPI
31-01-2024,Nandini Salted Butter (500g),Ghee & Butter,Bengaluru,Apex Dairy Supplies Bengaluru,42,275,11550,Retail,UPI
31-01-2024,Nandini Flavoured Milk Badam (200ml),Beverages,Mangaluru,Coastal Cool Logistics Mangaluru,224,35,7840,Retail,Credit Card
31-01-2024,Nandini Samrudhi Milk (1L),Milk,Hubballi,Kittur Distributors Hubballi,215,54,11610,Retail,UPI
31-01-2024,Nandini Fresh Paneer (200g),Fresh Dairy,Bengaluru,Apex Dairy Supplies Bengaluru,104,95,9880,Retail,Cash
31-01-2024,Nandini Sweet Lassi (200ml),Beverages,Bengaluru,Apex Dairy Supplies Bengaluru,326,20,6520,Retail,UPI
01-02-2024,Nandini Sweet Lassi (200ml),Beverages,Mangaluru,Coastal Cool Logistics Mangaluru,474,20,9480,Wholesale,UPI
01-02-2024,Nandini Flavoured Milk Badam (200ml),Beverages,Mysuru,Chamundi Agencies Mysuru,108,35,3780,Retail,Cash
01-02-2024,Nandini Kulfi (50ml),Frozen,Bengaluru,Apex Dairy Supplies Bengaluru,318,25,7950,Supermarket,Cash
01-02-2024,Nandini Milk Peda (250g),Sweets,Mysuru,Chamundi Agencies Mysuru,41,140,5740,Retail,Distributor Credit
01-02-2024,Nandini Cassata Ice Cream (150ml),Frozen,Bengaluru,Apex Dairy Supplies Bengaluru,271,55,14905,Wholesale,Net Banking
01-02-2024,Nandini Fresh Paneer (200g),Fresh Dairy,Tumakuru,Siddaganga Milk Express Tumakuru,93,95,8835,Supermarket,Net Banking
01-02-2024,Nandini Pure Ghee (500ml),Ghee & Butter,Belagavi,North Karnataka Milk Center Belagavi,135,315,42525,Retail,Distributor Credit
01-02-2024,Nandini Salted Butter (500g),Ghee & Butter,Ballari,Tungabhadra Dairy Logistics Ballari,91,275,25025,Supermarket,UPI
02-02-2024,Nandini Flavoured Milk Badam (200ml),Beverages,Mysuru,Chamundi Agencies Mysuru,258,35,9030,Supermarket,UPI
02-02-2024,Nandini Gulab Jamun (1kg),Sweets,Hubballi,Kittur Distributors Hubballi,24,260,6240,Retail,UPI
02-02-2024,Nandini Pure Ghee (500ml),Ghee & Butter,Kalaburagi,Kalyana Karnataka Foods Kalaburagi,100,315,31500,Institution,Cash
02-02-2024,Nandini Flavoured Milk Badam (200ml),Beverages,Bengaluru,Apex Dairy Supplies Bengaluru,201,35,7035,Wholesale,Net Banking
02-02-2024,Nandini Shubham Milk (1L),Milk,Kalaburagi,Kalyana Karnataka Foods Kalaburagi,159,50,7950,Supermarket,Cash
02-02-2024,Nandini Unsalted Butter (500g),Ghee & Butter,Bengaluru,Apex Dairy Supplies Bengaluru,97,280,27160,Supermarket,Cash
02-02-2024,  nandini salted butter (500g)  ,Ghee & Butter,Mangaluru,Coastal Cool Logistics Mangaluru,79,275,21725,Hotel / Restaurant,Net Banking
02-02-2024,Nandini Spiced Buttermilk (200ml),Beverages,Mysuru,Chamundi Agencies Mysuru,680,12,8160,Retail,Net Banking
02-02-2024,Nandini Cassata Ice Cream (150ml),Frozen,Hubballi,Kittur Distributors Hubballi,154,55,8470,Supermarket,UPI
02-02-2024,Nandini Samrudhi Milk (1L),Milk,Shivamogga,Malnad Dairy Network Shivamogga,225,54,12150,Retail,UPI
02-02-2024,Nandini Homogenised Cow Milk (1L),Milk,Mysuru,Chamundi Agencies Mysuru,1101,46,50646,Wholesale,UPI
02-02-2024,Nandini Shubham Milk (1L),Milk,Tumakuru,Siddaganga Milk Express Tumakuru,278,50,13900,Supermarket,UPI
02-02-2024,Nandini Special Milk (1L),Milk,Bengaluru,Apex Dairy Supplies Bengaluru,620,48,29760,Institution,UPI
02-02-2024,Nandini Gulab Jamun (1kg),Sweets,Hubballi,Kittur Distributors Hubballi,45,260,11700,Retail,UPI
02-02-2024,Nandini Pure Ghee (500ml),Ghee & Butter,Bengaluru,Apex Dairy Supplies Bengaluru,145,315,45675,Retail,Cash
02-02-2024,Nandini Flavoured Milk Badam (200ml),Beverages,Bengaluru,Apex Dairy Supplies Bengaluru,219,35,7665,Supermarket,Cash
02-02-2024,Nandini Homogenised Cow Milk (1L),Milk,Bengaluru,Apex Dairy Supplies Bengaluru,456,46,20976,Retail,UPI
03-02-2024,Nandini Special Milk (1L),Milk,Hubballi,Kittur Distributors Hubballi,235,48,11280,Retail,Net Banking
03-02-2024,Nandini Samrudhi Milk (1L),Milk,Bengaluru,Apex Dairy Supplies Bengaluru,183,54,9882,Retail,UPI
03-02-2024,Nandini Sweet Lassi (200ml),Beverages,Belagavi,North Karnataka Milk Center Belagavi,272,20,5440,Hotel / Restaurant,UPI
03-02-2024,Nandini Spiced Buttermilk (200ml),Beverages,Bengaluru,Apex Dairy Supplies Bengaluru,990,12,11880,Retail,Net Banking
03-02-2024,Nandini Pure Ghee (1L),Ghee & Butter,Hubballi,Kittur Distributors Hubballi,59,610,35990,Supermarket,UPI
03-02-2024,Nandini Toned Milk (1L),Milk,Kalaburagi,Kalyana Karnataka Foods Kalaburagi,1088,42,45696,Wholesale,Net Banking
03-02-2024,Nandini Toned Milk (1L),Milk,Mysuru,Chamundi Agencies Mysuru,920,42,38640,Retail,Cash
03-02-2024,Nandini Samrudhi Milk (1L),Milk,Mysuru,Chamundi Agencies Mysuru,266,54,14364,Retail,UPI
03-02-2024,Nandini Unsalted Butter (500g),Ghee & Butter,Shivamogga,Malnad Dairy Network Shivamogga,46,280,12880,Supermarket,Credit Card
03-02-2024,Nandini Homogenised Cow Milk (1L),Milk,Mysuru,Chamundi Agencies Mysuru,685,46,31510,Retail,UPI
03-02-2024,Nandini Unsalted Butter (500g),Ghee & Butter,Bengaluru,Apex Dairy Supplies Bengaluru,115,280,32200,Wholesale,Cash
04-02-2024,Nandini Set Curd (400g),Fresh Dairy,Mangaluru,Coastal Cool Logistics Mangaluru,146,40,5840,Retail,Credit Card
04-02-2024,Nandini Shubham Milk (1L),Milk,Bengaluru,Apex Dairy Supplies Bengaluru,402,50,20100,Retail,UPI
04-02-2024,Nandini Toned Milk (1L),Milk,Mangaluru,Coastal Cool Logistics Mangaluru,557,42,23394,Supermarket,UPI
04-02-2024,Nandini Curd (500g),Fresh Dairy,Belagavi,North Karnataka Milk Center Belagavi,426,26,11076,Supermarket,UPI
04-02-2024,Nandini Pure Ghee (1L),Ghee & Butter,Hubballi,Kittur Distributors Hubballi,93,610,56730,Supermarket,UPI
04-02-2024,Nandini Toned Milk (1L),Milk,Mysuru,Chamundi Agencies Mysuru,646,42,27132,Retail,Net Banking
04-02-2024,Nandini Special Milk (1L),Milk,Bengaluru,Apex Dairy Supplies Bengaluru,623,48,29904,Retail,Net Banking
04-02-2024,Nandini Sweet Lassi (200ml),Beverages,Mysuru,Chamundi Agencies Mysuru,201,20,4020,Retail,UPI
04-02-2024,Nandini Sweet Lassi (200ml),Beverages,Bengaluru,Apex Dairy Supplies Bengaluru,276,20,5520,Supermarket,Cash
04-02-2024,Nandini Sweet Lassi (200ml),Beverages,Ballari,Tungabhadra Dairy Logistics Ballari,328,20,6560,Hotel / Restaurant,Credit Card
04-02-2024,Nandini Milk Peda (250g),Sweets,Bengaluru,Apex Dairy Supplies Bengaluru,172,140,24080,Retail,Distributor Credit
05-02-2024,Nandini Salted Butter (500g),Ghee & Butter,Kalaburagi,Kalyana Karnataka Foods Kalaburagi,90,275,24750,Retail,UPI
05-02-2024,Nandini Toned Milk (1L),Milk,Hubballi,Kittur Distributors Hubballi,1287,42,54054,Institution,Cash
05-02-2024,Nandini Fresh Paneer (200g),Fresh Dairy,Mysuru,Chamundi Agencies Mysuru,142,95,13490,Hotel / Restaurant,UPI
05-02-2024,Nandini Curd (500g),Fresh Dairy,Bengaluru,Apex Dairy Supplies Bengaluru,747,26,19422,Retail,Credit Card
05-02-2024,Nandini Flavoured Milk Badam (200ml),Beverages,Bengaluru,Apex Dairy Supplies Bengaluru,179,35,6265,Supermarket,UPI
05-02-2024,Nandini Gulab Jamun (1kg),Sweets,Mysuru,Chamundi Agencies Mysuru,19,260,4940,Supermarket,Net Banking
05-02-2024,Nandini Homogenised Cow Milk (1L),Milk,Bengaluru,Apex Dairy Supplies Bengaluru,783,46,36018,Retail,Credit Card
05-02-2024,Nandini Pure Ghee (1L),Ghee & Butter,Bengaluru,Apex Dairy Supplies Bengaluru,117,610,71370,Retail,UPI
05-02-2024,Nandini Spiced Buttermilk (200ml),Beverages,Hubballi,Kittur Distributors Hubballi,836,12,10032,Retail,UPI
06-02-2024,Nandini Samrudhi Milk (1L),Milk,Bengaluru,Apex Dairy Supplies Bengaluru,303,54,16362,Supermarket,UPI
06-02-2024,Nandini Gulab Jamun (1kg),Sweets,Bengaluru,Apex Dairy Supplies Bengaluru,37,260,9620,Retail,Net Banking
06-02-2024,Nandini Samrudhi Milk (1L),Milk,Mangaluru,Coastal Cool Logistics Mangaluru,138,54,7452,Retail,UPI
06-02-2024,Nandini Pure Ghee (500ml),Ghee & Butter,Ballari,Tungabhadra Dairy Logistics Ballari,75,315,23625,Retail,UPI
06-02-2024,Nandini Kulfi (50ml),Frozen,Kalaburagi,Kalyana Karnataka Foods Kalaburagi,277,25,6925,Wholesale,UPI
06-02-2024,Nandini Flavoured Milk Badam (200ml),Beverages,Bengaluru,Apex Dairy Supplies Bengaluru,110,35,3850,Retail,Cash
06-02-2024,Nandini Cassata Ice Cream (150ml),Frozen,Hubballi,Kittur Distributors Hubballi,154,55,8470,Retail,UPI
06-02-2024,Nandini Curd (500g),Fresh Dairy,Mangaluru,Coastal Cool Logistics Mangaluru,430,26,11180,Retail,Cash
06-02-2024,Nandini Flavoured Milk Badam (200ml),Beverages,Hubballi,Kittur Distributors Hubballi,224,35,7840,Wholesale,UPI
06-02-2024,Nandini Homogenised Cow Milk (1L),Milk,Belagavi,North Karnataka Milk Center Belagavi,584,46,26864,Supermarket,Cash
06-02-2024,Nandini Unsalted Butter (500g),Ghee & Butter,Bengaluru,Apex Dairy Supplies Bengaluru,65,280,18200,Retail,Net Banking
06-02-2024,Nandini Pure Ghee (500ml),Ghee & Butter,Davanagere,Central Karnataka Traders Davanagere,133,315,41895,Supermarket,Cash
06-02-2024,Nandini Fresh Paneer (200g),Fresh Dairy,Bengaluru,Apex Dairy Supplies Bengaluru,184,95,17480,Retail,Net Banking
07-02-2024,Nandini Cassata Ice Cream (150ml),Frozen,Bengaluru,Apex Dairy Supplies Bengaluru,243,55,13365,Institution,UPI
07-02-2024,Nandini Homogenised Cow Milk (1L),Milk,Hubballi,Kittur Distributors Hubballi,338,46,15548,Retail,Net Banking
07-02-2024,Nandini Kulfi (50ml),Frozen,Bengaluru,Apex Dairy Supplies Bengaluru,637,25,15925,Wholesale,UPI
07-02-2024,Nandini Special Milk (1L),Milk,Bengaluru,Apex Dairy Supplies Bengaluru,242,48,11616,Retail,UPI
07-02-2024,Nandini Flavoured Milk Badam (200ml),Beverages,Belagavi,North Karnataka Milk Center Belagavi,194,35,6790,Retail,UPI
07-02-2024,Nandini Flavoured Milk Badam (200ml),Beverages,Mysuru,Chamundi Agencies Mysuru,231,35,8085,Wholesale,Distributor Credit
07-02-2024,Nandini Homogenised Cow Milk (1L),Milk,Bengaluru,Apex Dairy Supplies Bengaluru,379,46,17434,Retail,UPI
07-02-2024,Nandini Unsalted Butter (500g),Ghee & Butter,Mangaluru,Coastal Cool Logistics Mangaluru,65,280,18200,Retail,UPI
07-02-2024,Nandini Unsalted Butter (500g),Ghee & Butter,Bengaluru,Apex Dairy Supplies Bengaluru,36,280,10080,Retail,UPI
07-02-2024,Nandini Shubham Milk (1L),Milk,Bengaluru,Apex Dairy Supplies Bengaluru,447,50,22350,Retail,Cash
07-02-2024,Nandini Gulab Jamun (1kg),Sweets,Bengaluru,Apex Dairy Supplies Bengaluru,26,260,6760,Retail,Net Banking
07-02-2024,Nandini Spiced Buttermilk (200ml),Beverages,Bengaluru,Apex Dairy Supplies Bengaluru,853,12,10236,Retail,UPI
07-02-2024,Nandini Special Milk (1L),Milk,Kalaburagi,Kalyana Karnataka Foods Kalaburagi,341,48,16368,Retail,Distributor Credit
07-02-2024,Nandini Mysore Pak (250g),Sweets,Bengaluru,Apex Dairy Supplies Bengaluru,138,160,22080,Retail,Cash
07-02-2024,Nandini Homogenised Cow Milk (1L),Milk,Mysuru,Chamundi Agencies Mysuru,1087,46,50002,Hotel / Restaurant,UPI
07-02-2024,Nandini Pure Ghee (1L),Ghee & Butter,Hubballi,Kittur Distributors Hubballi,84,610,51240,Retail,UPI
07-02-2024,Nandini Fresh Paneer (200g),Fresh Dairy,Davanagere,Central Karnataka Traders Davanagere,317,95,30115,Institution,Net Banking
07-02-2024,Nandini Cassata Ice Cream (150ml),Frozen,Davanagere,Central Karnataka Traders Davanagere,46,55,2530,Retail,UPI
07-02-2024,Nandini Sweet Lassi (200ml),Beverages,Bengaluru,Apex Dairy Supplies Bengaluru,284,20,5680,Supermarket,Credit Card
07-02-2024,Nandini Cassata Ice Cream (150ml),Frozen,Kalaburagi,Kalyana Karnataka Foods Kalaburagi,46,55,2530,Retail,UPI
08-02-2024,Nandini Special Milk (1L),Milk,Bengaluru,Apex Dairy Supplies Bengaluru,547,48,26256,Hotel / Restaurant,UPI
08-02-2024,Nandini Flavoured Milk Badam (200ml),Beverages,Belagavi,North Karnataka Milk Center Belagavi,153,35,5355,Retail,UPI
08-02-2024,Nandini Milk Peda (250g),Sweets,Davanagere,Central Karnataka Traders Davanagere,121,140,16940,Retail,Net Banking
08-02-2024,Nandini Gulab Jamun (1kg),Sweets,Kalaburagi,Kalyana Karnataka Foods Kalaburagi,27,260,7020,Retail,UPI
08-02-2024,Nandini Toned Milk (1L),Milk,Mysuru,Chamundi Agencies Mysuru,911,42,38262,Retail,UPI
08-02-2024,Nandini Spiced Buttermilk (200ml),Beverages,Kalaburagi,Kalyana Karnataka Foods Kalaburagi,1496,12,17952,Wholesale,Net Banking
08-02-2024,Nandini Curd (500g),Fresh Dairy,Bengaluru,Apex Dairy Supplies Bengaluru,879,26,22854,Retail,Net Banking
08-02-2024,Nandini Mysore Pak (250g),Sweets,Mangaluru,Coastal Cool Logistics Mangaluru,45,160,7200,Retail,UPI
08-02-2024,Nandini Special Milk (1L),Milk,Bengaluru,Apex Dairy Supplies Bengaluru,555,48,26640,Retail,UPI
08-02-2024,Nandini Kulfi (50ml),Frozen,Belagavi,North Karnataka Milk Center Belagavi,190,25,4750,Retail,Credit Card
08-02-2024,Nandini Pure Ghee (500ml),Ghee & Butter,Bengaluru,Apex Dairy Supplies Bengaluru,100,315,31500,Retail,UPI
08-02-2024,Nandini Gulab Jamun (1kg),Sweets,Davanagere,Central Karnataka Traders Davanagere,62,260,16120,Retail,UPI
08-02-2024,Nandini Homogenised Cow Milk (1L),Milk,Bengaluru,Apex Dairy Supplies Bengaluru,734,46,33764,Supermarket,Credit Card
09-02-2024,Nandini Set Curd (400g),Fresh Dairy,Mangaluru,Coastal Cool Logistics Mangaluru,121,40,4840,Retail,Credit Card
09-02-2024,Nandini Shubham Milk (1L),Milk,Mysuru,Chamundi Agencies Mysuru,353,50,17650,Hotel / Restaurant,UPI
09-02-2024,Nandini Set Curd (400g),Fresh Dairy,Bengaluru,Apex Dairy Supplies Bengaluru,233,40,9320,Supermarket,UPI
09-02-2024,Nandini Curd (500g),Fresh Dairy,Mysuru,Chamundi Agencies Mysuru,645,26,16770,Retail,Cash
09-02-2024,Nandini Mysore Pak (250g),Sweets,Bengaluru,Apex Dairy Supplies Bengaluru,143,160,22880,Retail,UPI
09-02-2024,Nandini Unsalted Butter (500g),Ghee & Butter,Hubballi,Kittur Distributors Hubballi,28,280,7840,Retail,Cash
09-02-2024,Nandini Mysore Pak (250g),Sweets,Shivamogga,Malnad Dairy Network Shivamogga,106,160,16960,Retail,Cash
09-02-2024,Nandini Mysore Pak (250g),Sweets,Bengaluru,Apex Dairy Supplies Bengaluru,87,160,13920,Retail,Cash
09-02-2024,Nandini Sweet Lassi (200ml),Beverages,Bengaluru,Apex Dairy Supplies Bengaluru,567,20,11340,Supermarket,UPI
09-02-2024,Nandini Unsalted Butter (500g),Ghee & Butter,Bengaluru,Apex Dairy Supplies Bengaluru,42,280,11760,Wholesale,UPI
09-02-2024,Nandini Sweet Lassi (200ml),Beverages,Shivamogga,Malnad Dairy Network Shivamogga,255,20,5100,Supermarket,UPI
09-02-2024,Nandini Salted Butter (500g),Ghee & Butter,Bengaluru,Apex Dairy Supplies Bengaluru,39,275,10725,Retail,Credit Card
09-02-2024,Nandini Flavoured Milk Badam (200ml),Beverages,Bengaluru,Apex Dairy Supplies Bengaluru,335,35,11725,Retail,UPI
09-02-2024,Nandini Mysore Pak (250g),Sweets,Mysuru,Chamundi Agencies Mysuru,76,160,12160,Retail,Cash
10-02-2024,Nandini Shubham Milk (1L),Milk,Davanagere,Central Karnataka Traders Davanagere,324,50,16200,Retail,Net Banking
10-02-2024,Nandini Mysore Pak (250g),Sweets,Bengaluru,Apex Dairy Supplies Bengaluru,111,160,17760,Institution,Net Banking
10-02-2024,Nandini Pure Ghee (500ml),Ghee & Butter,Hubballi,Kittur Distributors Hubballi,228,315,71820,Wholesale,Net Banking
10-02-2024,Nandini Sweet Lassi (200ml),Beverages,Mysuru,Chamundi Agencies Mysuru,376,20,7520,Retail,Cash
10-02-2024,Nandini Fresh Paneer (200g),Fresh Dairy,Bengaluru,Apex Dairy Supplies Bengaluru,157,95,14915,Supermarket,Cash
10-02-2024,Nandini Unsalted Butter (500g),Ghee & Butter,Bengaluru,Apex Dairy Supplies Bengaluru,110,280,30800,Wholesale,UPI
10-02-2024,Nandini Homogenised Cow Milk (1L),Milk,Mysuru,Chamundi Agencies Mysuru,553,46,25438,Supermarket,Net Banking
10-02-2024,Nandini Mysore Pak (250g),Sweets,Mangaluru,Coastal Cool Logistics Mangaluru,146,160,23360,Retail,Credit Card
10-02-2024,Nandini Toned Milk (1L),Milk,Hubballi,Kittur Distributors Hubballi,933,42,39186,Hotel / Restaurant,UPI
10-02-2024,Nandini Shubham Milk (1L),Milk,Mysuru,Chamundi Agencies Mysuru,179,50,8950,Retail,Net Banking
10-02-2024,Nandini Pure Ghee (1L),Ghee & Butter,Ballari,Tungabhadra Dairy Logistics Ballari,70,610,42700,Retail,UPI
10-02-2024,Nandini Special Milk (1L),Milk,Davanagere,Central Karnataka Traders Davanagere,406,48,19488,Hotel / Restaurant,Cash
10-02-2024,Nandini Toned Milk (1L),Milk,Hubballi,Kittur Distributors Hubballi,879,42,36918,Institution,Net Banking
10-02-2024,Nandini Spiced Buttermilk (200ml),Beverages,Hubballi,Kittur Distributors Hubballi,791,12,9492,Retail,UPI
10-02-2024,Nandini Sweet Lassi (200ml),Beverages,Ballari,Tungabhadra Dairy Logistics Ballari,607,20,12140,Institution,Distributor Credit
10-02-2024,Nandini Cassata Ice Cream (150ml),Frozen,Bengaluru,Apex Dairy Supplies Bengaluru,518,55,28490,Institution,UPI
10-02-2024,Nandini Sweet Lassi (200ml),Beverages,Bengaluru,Apex Dairy Supplies Bengaluru,521,20,10420,Retail,Cash
10-02-2024,Nandini Gulab Jamun (1kg),Sweets,bengaluru ,Apex Dairy Supplies Bengaluru,53,260,13780,Hotel / Restaurant,Distributor Credit
10-02-2024,Nandini Sweet Lassi (200ml),Beverages,Tumakuru,Siddaganga Milk Express Tumakuru,217,20,4340,Retail,UPI
10-02-2024,Nandini Pure Ghee (500ml),Ghee & Butter,Bengaluru,Apex Dairy Supplies Bengaluru,138,315,43470,Institution,UPI
10-02-2024,Nandini Shubham Milk (1L),Milk,Belagavi,North Karnataka Milk Center Belagavi,449,50,22450,Hotel / Restaurant,UPI
10-02-2024,Nandini Mysore Pak (250g),Sweets,Bengaluru,Apex Dairy Supplies Bengaluru,113,160,18080,Supermarket,UPI
11-02-2024,Nandini Set Curd (400g),Fresh Dairy,Bengaluru,Apex Dairy Supplies Bengaluru,348,40,13920,Wholesale,Cash
11-02-2024,Nandini Samrudhi Milk (1L),Milk,Bengaluru,Apex Dairy Supplies Bengaluru,152,54,8208,Retail,Net Banking
11-02-2024,Nandini Milk Peda (250g),Sweets,Hubballi,Kittur Distributors Hubballi,158,140,22120,Retail,Credit Card
11-02-2024,Nandini Sweet Lassi (200ml),Beverages,Kalaburagi,Kalyana Karnataka Foods Kalaburagi,256,20,5120,Retail,UPI
11-02-2024,Nandini Curd (500g),Fresh Dairy,Mysuru,Chamundi Agencies Mysuru,710,26,18460,Institution,UPI
11-02-2024,Nandini Mysore Pak (250g),Sweets,Bengaluru,Apex Dairy Supplies Bengaluru,269,160,43040,Hotel / Restaurant,Credit Card
11-02-2024,Nandini Unsalted Butter (500g),Ghee & Butter,Bengaluru,Apex Dairy Supplies Bengaluru,92,280,25760,Supermarket,Net Banking
11-02-2024,NANDINI FRESH PANEER (200G),Fresh Dairy,Bengaluru,Apex Dairy Supplies Bengaluru,305,95,28975,Retail,UPI
11-02-2024,Nandini Salted Butter (500g),Ghee & Butter,Hubballi,Kittur Distributors Hubballi,26,275,7150,Retail,UPI
11-02-2024,Nandini Fresh Paneer (200g),Fresh Dairy,Bengaluru,Apex Dairy Supplies Bengaluru,565,95,53675,Institution,UPI
11-02-2024,Nandini Kulfi (50ml),Frozen,Kalaburagi,Kalyana Karnataka Foods Kalaburagi,140,25,3500,Retail,UPI
11-02-2024,Nandini Flavoured Milk Badam (200ml),Beverages,Belagavi,North Karnataka Milk Center Belagavi,422,35,14770,Wholesale,Cash
11-02-2024,Nandini Unsalted Butter (500g),Ghee & Butter,Hubballi,Kittur Distributors Hubballi,42,280,11760,Retail,Net Banking
11-02-2024,Nandini Sweet Lassi (200ml),Beverages,Hubballi,Kittur Distributors Hubballi,321,20,6420,Retail,UPI
11-02-2024,Nandini Shubham Milk (1L),Milk,Bengaluru,Apex Dairy Supplies Bengaluru,398,50,19900,Supermarket,Cash
11-02-2024,Nandini Toned Milk (1L),Milk,Davanagere,Central Karnataka Traders Davanagere,549,42,23058,Retail,UPI
12-02-2024,Nandini Salted Butter (500g),Ghee & Butter,Bengaluru,Apex Dairy Supplies Bengaluru,64,275,17600,Hotel / Restaurant,UPI
12-02-2024,Nandini Milk Peda (250g),Sweets,Bengaluru,Apex Dairy Supplies Bengaluru,115,140,16100,Retail,Cash
12-02-2024,Nandini Special Milk (1L),Milk,Belagavi,North Karnataka Milk Center Belagavi,293,48,14064,Retail,UPI
12-02-2024,Nandini Mysore Pak (250g),Sweets,Bengaluru,Apex Dairy Supplies Bengaluru,45,160,7200,Supermarket,Net Banking
12-02-2024,Nandini Special Milk (1L),Milk,Bengaluru,Apex Dairy Supplies Bengaluru,482,48,23136,Retail,Cash
12-02-2024,Nandini Unsalted Butter (500g),Ghee & Butter,Tumakuru,Siddaganga Milk Express Tumakuru,141,280,39480,Institution,UPI
12-02-2024,Nandini Unsalted Butter (500g),Ghee & Butter,Hubballi,Kittur Distributors Hubballi,82,280,22960,Hotel / Restaurant,UPI
12-02-2024,Nandini Kulfi (50ml),Frozen,Mangaluru,Coastal Cool Logistics Mangaluru,176,25,4400,Retail,UPI
12-02-2024,Nandini Milk Peda (250g),Sweets,Kalaburagi,Kalyana Karnataka Foods Kalaburagi,36,140,5040,Retail,Cash
12-02-2024,Nandini Kulfi (50ml),Frozen,Shivamogga,Malnad Dairy Network Shivamogga,376,25,9400,Wholesale,Net Banking
12-02-2024,Nandini Flavoured Milk Badam (200ml),Beverages,Mysuru,Chamundi Agencies Mysuru,422,35,14770,Hotel / Restaurant,Cash
13-02-2024,Nandini Pure Ghee (1L),Ghee & Butter,Bengaluru,Apex Dairy Supplies Bengaluru,62,610,37820,Retail,Net Banking
13-02-2024,Nandini Cassata Ice Cream (150ml),Frozen,Bengaluru,Apex Dairy Supplies Bengaluru,142,55,7810,Supermarket,UPI
13-02-2024,Nandini Pure Ghee (500ml),Ghee & Butter,Bengaluru,Apex Dairy Supplies Bengaluru,123,315,38745,Wholesale,Net Banking
13-02-2024,Nandini Homogenised Cow Milk (1L),Milk,Hubballi,Kittur Distributors Hubballi,648,46,29808,Supermarket,UPI
13-02-2024,Nandini Pure Ghee (1L),Ghee & Butter,Mysuru,Chamundi Agencies Mysuru,58,610,35380,Supermarket,UPI
13-02-2024,Nandini Pure Ghee (1L),Ghee & Butter,Davanagere,Central Karnataka Traders Davanagere,104,610,63440,Wholesale,Credit Card
14-02-2024,Nandini Shubham Milk (1L),Milk,Mysuru,Chamundi Agencies Mysuru,251,50,12550,Retail,Cash
14-02-2024,Nandini Pure Ghee (500ml),Ghee & Butter,Tumakuru,Siddaganga Milk Express Tumakuru,60,315,18900,Supermarket,Net Banking
14-02-2024,Nandini Kulfi (50ml),Frozen,Bengaluru,Apex Dairy Supplies Bengaluru,589,25,14725,Institution,Cash
14-02-2024,Nandini Mysore Pak (250g),Sweets,Hubballi,Kittur Distributors Hubballi,52,160,8320,Retail,Distributor Credit
14-02-2024,Nandini Gulab Jamun (1kg),Sweets,Mysuru,Chamundi Agencies Mysuru,25,260,6500,Retail,Cash
14-02-2024,Nandini Salted Butter (500g),Ghee & Butter,Bengaluru,Apex Dairy Supplies Bengaluru,76,275,20900,Supermarket,Cash
14-02-2024,Nandini Pure Ghee (500ml),Ghee & Butter,Bengaluru,Apex Dairy Supplies Bengaluru,191,315,60165,Retail,UPI
14-02-2024,Nandini Toned Milk (1L),Milk,Belagavi,North Karnataka Milk Center Belagavi,702,42,29484,Supermarket,UPI
15-02-2024,Nandini Shubham Milk (1L),Milk,Mysuru,Chamundi Agencies Mysuru,268,50,13400,Retail,UPI
15-02-2024,Nandini Set Curd (400g),Fresh Dairy,Mangaluru,Coastal Cool Logistics Mangaluru,84,40,3360,Hotel / Restaurant,UPI
15-02-2024,Nandini Shubham Milk (1L),Milk,Belagavi,North Karnataka Milk Center Belagavi,172,50,8600,Retail,Credit Card
15-02-2024,Nandini Kulfi (50ml),Frozen,Shivamogga,Malnad Dairy Network Shivamogga,257,25,6425,Supermarket,Distributor Credit
15-02-2024,Nandini Salted Butter (500g),Ghee & Butter,Bengaluru,Apex Dairy Supplies Bengaluru,115,275,31625,Retail,UPI
15-02-2024,Nandini Cassata Ice Cream (150ml),Frozen,Hubballi,Kittur Distributors Hubballi,100,55,5500,Retail,UPI
15-02-2024,Nandini Salted Butter (500g),Ghee & Butter,Bengaluru,Apex Dairy Supplies Bengaluru,58,275,15950,Retail,Distributor Credit
15-02-2024,Nandini Kulfi (50ml),Frozen,Bengaluru,Apex Dairy Supplies Bengaluru,284,25,7100,Supermarket,Net Banking
15-02-2024,Nandini Milk Peda (250g),Sweets,Bengaluru,Apex Dairy Supplies Bengaluru,89,140,12460,Supermarket,UPI
15-02-2024,Nandini Toned Milk (1L),Milk,Kalaburagi,Kalyana Karnataka Foods Kalaburagi,737,42,30954,Retail,UPI
15-02-2024,Nandini Cassata Ice Cream (150ml),Frozen,Davanagere,Central Karnataka Traders Davanagere,181,55,9955,Wholesale,UPI
15-02-2024,Nandini Fresh Paneer (200g),Fresh Dairy,Mysuru,Chamundi Agencies Mysuru,253,95,24035,Hotel / Restaurant,UPI
15-02-2024,Nandini Flavoured Milk Badam (200ml),Beverages,Hubballi,Kittur Distributors Hubballi,303,35,10605,Supermarket,Cash
15-02-2024,Nandini Gulab Jamun (1kg),Sweets,Hubballi,Kittur Distributors Hubballi,20,260,5200,Retail,Net Banking
15-02-2024,Nandini Fresh Paneer (200g),Fresh Dairy,Tumakuru,Siddaganga Milk Express Tumakuru,192,95,18240,Retail,Credit Card
16-02-2024,Nandini Flavoured Milk Badam (200ml),Beverages,Shivamogga,Malnad Dairy Network Shivamogga,294,35,10290,Retail,UPI
16-02-2024,Nandini Milk Peda (250g),Sweets,Hubballi,Kittur Distributors Hubballi,80,140,11200,Supermarket,Net Banking
16-02-2024,Nandini Milk Peda (250g),Sweets,Ballari,Tungabhadra Dairy Logistics Ballari,166,140,23240,Institution,UPI
16-02-2024,Nandini Pure Ghee (1L),Ghee & Butter,Mangaluru,Coastal Cool Logistics Mangaluru,68,610,41480,Supermarket,Net Banking
16-02-2024,Nandini Sweet Lassi (200ml),Beverages,Bengaluru,Apex Dairy Supplies Bengaluru,505,20,10100,Retail,UPI
16-02-2024,Nandini Special Milk (1L),Milk,Mangaluru,Coastal Cool Logistics Mangaluru,535,48,25680,Institution,UPI
16-02-2024,Nandini Samrudhi Milk (1L),Milk,Bengaluru,Apex Dairy Supplies Bengaluru,342,54,18468,Wholesale,UPI
16-02-2024,Nandini Shubham Milk (1L),Milk,Davanagere,Central Karnataka Traders Davanagere,250,50,12500,Hotel / Restaurant,UPI
16-02-2024,Nandini Salted Butter (500g),Ghee & Butter,Mysuru,Chamundi Agencies Mysuru,98,275,26950,Retail,UPI
16-02-2024,Nandini Kulfi (50ml),Frozen,Bengaluru,Apex Dairy Supplies Bengaluru,351,25,8775,Institution,Cash
16-02-2024,Nandini Special Milk (1L),Milk,Shivamogga,Malnad Dairy Network Shivamogga,388,48,18624,Retail,Cash
16-02-2024,Nandini Shubham Milk (1L),Milk,Bengaluru,Apex Dairy Supplies Bengaluru,820,50,41000,Wholesale,UPI
16-02-2024,Nandini Samrudhi Milk (1L),Milk,Mangaluru,Coastal Cool Logistics Mangaluru,127,54,6858,Supermarket,Net Banking
16-02-2024,Nandini Spiced Buttermilk (200ml),Beverages,Mysuru,Chamundi Agencies Mysuru,629,12,7548,Retail,Net Banking
16-02-2024,Nandini Toned Milk (1L),Milk,Bengaluru,Apex Dairy Supplies Bengaluru,1268,42,53256,Retail,Net Banking
16-02-2024,Nandini Milk Peda (250g),Sweets,Mysuru,Chamundi Agencies Mysuru,65,140,9100,Retail,UPI
16-02-2024,Nandini Samrudhi Milk (1L),Milk,Mangaluru,Coastal Cool Logistics Mangaluru,112,54,6048,Retail,Net Banking
16-02-2024,Nandini Sweet Lassi (200ml),Beverages,Tumakuru,Siddaganga Milk Express Tumakuru,368,20,7360,Retail,UPI
17-02-2024,Nandini Milk Peda (250g),Sweets,Bengaluru,Apex Dairy Supplies Bengaluru,204,140,28560,Retail,UPI
17-02-2024,Nandini Set Curd (400g),Fresh Dairy,Kalaburagi,Kalyana Karnataka Foods Kalaburagi,129,40,5160,Retail,UPI
17-02-2024,Nandini Spiced Buttermilk (200ml),Beverages,Mysuru,Chamundi Agencies Mysuru,772,12,9264,Supermarket,Net Banking
17-02-2024,Nandini Cassata Ice Cream (150ml),Frozen,Bengaluru,Apex Dairy Supplies Bengaluru,274,55,15070,Supermarket,UPI
17-02-2024,Nandini Sweet Lassi (200ml),Beverages,Mysuru,Chamundi Agencies Mysuru,522,20,10440,Retail,Net Banking
17-02-2024,Nandini Gulab Jamun (1kg),Sweets,Bengaluru,Apex Dairy Supplies Bengaluru,96,260,24960,Retail,Cash
17-02-2024,Nandini Set Curd (400g),Fresh Dairy,Hubballi,Kittur Distributors Hubballi,268,40,10720,Wholesale,Credit Card
17-02-2024,Nandini Mysore Pak (250g),Sweets,Belagavi,North Karnataka Milk Center Belagavi,174,160,27840,Hotel / Restaurant,Credit Card
17-02-2024,Nandini Shubham Milk (1L),Milk,Hubballi,Kittur Distributors Hubballi,189,50,9450,Retail,Net Banking
17-02-2024,Nandini Milk Peda (250g),Sweets,Bengaluru,Apex Dairy Supplies Bengaluru,116,140,16240,Supermarket,Net Banking
17-02-2024,Nandini Samrudhi Milk (1L),Milk,Mysuru,Chamundi Agencies Mysuru,181,54,9774,Retail,Net Banking
17-02-2024,Nandini Gulab Jamun (1kg),Sweets,Mangaluru,Coastal Cool Logistics Mangaluru,76,260,19760,Retail,UPI
17-02-2024,Nandini Kulfi (50ml),Frozen,Bengaluru,Apex Dairy Supplies Bengaluru,171,25,4275,Retail,UPI
17-02-2024,Nandini Curd (500g),Fresh Dairy,Bengaluru,Apex Dairy Supplies Bengaluru,883,26,22958,Institution,UPI
17-02-2024,Nandini Fresh Paneer (200g),Fresh Dairy,Shivamogga,Malnad Dairy Network Shivamogga,219,95,20805,Retail,Net Banking
17-02-2024,Nandini Spiced Buttermilk (200ml),Beverages,Kalaburagi,Kalyana Karnataka Foods Kalaburagi,609,12,7308,Retail,Net Banking
17-02-2024,Nandini Milk Peda (250g),Sweets,Mysuru,Chamundi Agencies Mysuru,65,140,9100,Retail,UPI
18-02-2024,Nandini Pure Ghee (500ml),Ghee & Butter,Mysuru,Chamundi Agencies Mysuru,52,315,16380,Supermarket,UPI
18-02-2024,Nandini Mysore Pak (250g),Sweets,Bengaluru,Apex Dairy Supplies Bengaluru,199,160,31840,Retail,Cash
18-02-2024,Nandini Kulfi (50ml),Frozen,Mysuru,Chamundi Agencies Mysuru,160,25,4000,Retail,Net Banking
18-02-2024,Nandini Kulfi (50ml),Frozen,ballari ,Tungabhadra Dairy Logistics Ballari,73,25,1825,Retail,UPI
18-02-2024,Nandini Unsalted Butter (500g),Ghee & Butter,Bengaluru,Apex Dairy Supplies Bengaluru,47,280,13160,Retail,Net Banking
18-02-2024,Nandini Gulab Jamun (1kg),Sweets,Tumakuru,Siddaganga Milk Express Tumakuru,89,260,23140,Retail,Cash
18-02-2024,Nandini Cassata Ice Cream (150ml),Frozen,Bengaluru,Apex Dairy Supplies Bengaluru,257,55,14135,Retail,UPI
18-02-2024,Nandini Salted Butter (500g),Ghee & Butter,Belagavi,North Karnataka Milk Center Belagavi,71,275,19525,Wholesale,Net Banking
19-02-2024,Nandini Flavoured Milk Badam (200ml),Beverages,Mysuru,Chamundi Agencies Mysuru,331,35,11585,Hotel / Restaurant,Cash
19-02-2024,Nandini Unsalted Butter (500g),Ghee & Butter,Mysuru,Chamundi Agencies Mysuru,66,280,18480,Retail,UPI
19-02-2024,Nandini Cassata Ice Cream (150ml),Frozen,Bengaluru,Apex Dairy Supplies Bengaluru,180,55,9900,Retail,Cash
19-02-2024,Nandini Cassata Ice Cream (150ml),Frozen,Belagavi,North Karnataka Milk Center Belagavi,60,55,3300,Supermarket,UPI
19-02-2024,Nandini Kulfi (50ml),Frozen,Bengaluru,Apex Dairy Supplies Bengaluru,142,25,3550,Hotel / Restaurant,Cash
19-02-2024,Nandini Mysore Pak (250g),Sweets,Bengaluru,Apex Dairy Supplies Bengaluru,98,160,15680,Retail,Net Banking
19-02-2024,Nandini Sweet Lassi (200ml),Beverages,Bengaluru,Apex Dairy Supplies Bengaluru,883,20,17660,Institution,UPI
19-02-2024,Nandini Kulfi (50ml),Frozen,Tumakuru,Siddaganga Milk Express Tumakuru,71,25,1775,Supermarket,UPI
19-02-2024,Nandini Pure Ghee (1L),Ghee & Butter,Kalaburagi,Kalyana Karnataka Foods Kalaburagi,77,610,46970,Retail,Net Banking
19-02-2024,Nandini Milk Peda (250g),Sweets,Mangaluru,Coastal Cool Logistics Mangaluru,130,140,18200,Retail,Cash
19-02-2024,Nandini Samrudhi Milk (1L),Milk,Bengaluru,Apex Dairy Supplies Bengaluru,140,54,7560,Retail,Net Banking
19-02-2024,Nandini Curd (500g),Fresh Dairy,Mangaluru,Coastal Cool Logistics Mangaluru,1026,26,26676,Wholesale,UPI
19-02-2024,Nandini Mysore Pak (250g),Sweets,Kalaburagi,Kalyana Karnataka Foods Kalaburagi,80,160,12800,Retail,UPI
19-02-2024,Nandini Unsalted Butter (500g),Ghee & Butter,Bengaluru,Apex Dairy Supplies Bengaluru,47,280,13160,Supermarket,Credit Card
20-02-2024,Nandini Gulab Jamun (1kg),Sweets,Bengaluru,Apex Dairy Supplies Bengaluru,84,260,21840,Retail,UPI
20-02-2024,Nandini Fresh Paneer (200g),Fresh Dairy,Ballari,Tungabhadra Dairy Logistics Ballari,221,95,20995,Retail,Net Banking
20-02-2024,Nandini Flavoured Milk Badam (200ml),Beverages,Kalaburagi,Kalyana Karnataka Foods Kalaburagi,108,35,3780,Retail,UPI
20-02-2024,Nandini Kulfi (50ml),Frozen,Bengaluru,Apex Dairy Supplies Bengaluru,449,25,11225,Institution,UPI
20-02-2024,Nandini Unsalted Butter (500g),Ghee & Butter,Hubballi,Kittur Distributors Hubballi,53,280,14840,Retail,UPI
20-02-2024,Nandini Shubham Milk (1L),Milk,Tumakuru,Siddaganga Milk Express Tumakuru,180,50,9000,Supermarket,Net Banking
20-02-2024,Nandini Pure Ghee (500ml),Ghee & Butter,Bengaluru,Apex Dairy Supplies Bengaluru,226,315,71190,Hotel / Restaurant,UPI
20-02-2024,Nandini Shubham Milk (1L),Milk,Hubballi,Kittur Distributors Hubballi,238,50,11900,Retail,Net Banking
20-02-2024,Nandini Milk Peda (250g),Sweets,Mangaluru,Coastal Cool Logistics Mangaluru,77,140,10780,Retail,UPI
20-02-2024,Nandini Spiced Buttermilk (200ml),Beverages,Bengaluru,Apex Dairy Supplies Bengaluru,579,12,6948,Supermarket,Net Banking
20-02-2024,Nandini Pure Ghee (1L),Ghee & Butter,Bengaluru,Apex Dairy Supplies Bengaluru,176,610,107360,Wholesale,Cash
20-02-2024,Nandini Samrudhi Milk (1L),Milk,Ballari,Tungabhadra Dairy Logistics Ballari,230,54,12420,Wholesale,Net Banking
20-02-2024,Nandini Kulfi (50ml),Frozen,Bengaluru,Apex Dairy Supplies Bengaluru,408,25,10200,Wholesale,Net Banking
20-02-2024,Nandini Spiced Buttermilk (200ml),Beverages,Bengaluru,Apex Dairy Supplies Bengaluru,585,12,7020,Retail,Distributor Credit
20-02-2024,Nandini Sweet Lassi (200ml),Beverages,Mysuru,Chamundi Agencies Mysuru,306,20,6120,Supermarket,Cash
20-02-2024,Nandini Curd (500g),Fresh Dairy,Hubballi,Kittur Distributors Hubballi,393,26,10218,Retail,Cash
20-02-2024,Nandini Spiced Buttermilk (200ml),Beverages,Mysuru,Chamundi Agencies Mysuru,712,12,8544,Retail,Cash
20-02-2024,Nandini Sweet Lassi (200ml),Beverages,Bengaluru,Apex Dairy Supplies Bengaluru,380,20,7600,Supermarket,UPI
21-02-2024,Nandini Gulab Jamun (1kg),Sweets,Mysuru,Chamundi Agencies Mysuru,149,260,38740,Wholesale,Net Banking
21-02-2024,Nandini Spiced Buttermilk (200ml),Beverages,Kalaburagi,Kalyana Karnataka Foods Kalaburagi,813,12,9756,Retail,UPI
21-02-2024,Nandini Samrudhi Milk (1L),Milk,Bengaluru,Apex Dairy Supplies Bengaluru,283,54,15282,Supermarket,Credit Card
21-02-2024,Nandini Samrudhi Milk (1L),Milk,Mysuru,Chamundi Agencies Mysuru,111,54,5994,Supermarket,UPI
21-02-2024,Nandini Cassata Ice Cream (150ml),Frozen,Bengaluru,Apex Dairy Supplies Bengaluru,326,55,17930,Wholesale,UPI
21-02-2024,Nandini Spiced Buttermilk (200ml),Beverages,Bengaluru,Apex Dairy Supplies Bengaluru,1104,12,13248,Retail,Cash
21-02-2024,Nandini Milk Peda (250g),Sweets,Shivamogga,Malnad Dairy Network Shivamogga,72,140,10080,Retail,Net Banking
21-02-2024,Nandini Sweet Lassi (200ml),Beverages,Bengaluru,Apex Dairy Supplies Bengaluru,260,20,5200,Retail,Credit Card
21-02-2024,Nandini Salted Butter (500g),Ghee & Butter,Kalaburagi,Kalyana Karnataka Foods Kalaburagi,77,275,21175,Retail,Cash
21-02-2024,Nandini Shubham Milk (1L),Milk,Bengaluru,Apex Dairy Supplies Bengaluru,589,50,29450,Wholesale,UPI
21-02-2024,Nandini Kulfi (50ml),Frozen,Bengaluru,Apex Dairy Supplies Bengaluru,250,25,6250,Hotel / Restaurant,UPI
21-02-2024,Nandini Gulab Jamun (1kg),Sweets,Bengaluru,Apex Dairy Supplies Bengaluru,54,260,14040,Hotel / Restaurant,Net Banking
21-02-2024,Nandini Curd (500g),Fresh Dairy,Hubballi,Kittur Distributors Hubballi,321,26,8346,Retail,Cash
21-02-2024,Nandini Cassata Ice Cream (150ml),Frozen,Mangaluru,Coastal Cool Logistics Mangaluru,181,55,9955,Wholesale,Net Banking
21-02-2024,Nandini Set Curd (400g),Fresh Dairy,Mysuru,Chamundi Agencies Mysuru,173,40,6920,Retail,UPI
21-02-2024,Nandini Gulab Jamun (1kg),Sweets,Bengaluru,Apex Dairy Supplies Bengaluru,49,260,12740,Retail,UPI
21-02-2024,Nandini Gulab Jamun (1kg),Sweets,Mysuru,Chamundi Agencies Mysuru,29,260,7540,Retail,UPI
22-02-2024,Nandini Gulab Jamun (1kg),Sweets,Bengaluru,Apex Dairy Supplies Bengaluru,130,260,33800,Hotel / Restaurant,Distributor Credit
22-02-2024,Nandini Milk Peda (250g),Sweets,Mangaluru,Coastal Cool Logistics Mangaluru,49,140,6860,Retail,Cash
22-02-2024,Nandini Samrudhi Milk (1L),Milk,Bengaluru,Apex Dairy Supplies Bengaluru,484,54,26136,Wholesale,UPI
22-02-2024,Nandini Milk Peda (250g),Sweets,Bengaluru,Apex Dairy Supplies Bengaluru,109,140,15260,Hotel / Restaurant,Cash
22-02-2024,Nandini Curd (500g),Fresh Dairy,Belagavi,North Karnataka Milk Center Belagavi,209,26,5434,Retail,UPI
22-02-2024,Nandini Homogenised Cow Milk (1L),Milk,Kalaburagi,Kalyana Karnataka Foods Kalaburagi,526,46,24196,Retail,Net Banking
22-02-2024,Nandini Milk Peda (250g),Sweets,Mangaluru,Coastal Cool Logistics Mangaluru,106,140,14840,Retail,Distributor Credit
22-02-2024,Nandini Sweet Lassi (200ml),Beverages,Ballari,Tungabhadra Dairy Logistics Ballari,338,20,6760,Retail,UPI
22-02-2024,Nandini Mysore Pak (250g),Sweets,Kalaburagi,Kalyana Karnataka Foods Kalaburagi,111,160,17760,Supermarket,Net Banking
22-02-2024,Nandini Spiced Buttermilk (200ml),Beverages,Hubballi,Kittur Distributors Hubballi,1247,12,14964,Hotel / Restaurant,UPI
22-02-2024,Nandini Spiced Buttermilk (200ml),Beverages,Bengaluru,Apex Dairy Supplies Bengaluru,1515,12,18180,Wholesale,Net Banking
22-02-2024,Nandini Special Milk (1L),Milk,Bengaluru,Apex Dairy Supplies Bengaluru,319,48,15312,Supermarket,Credit Card
22-02-2024,Nandini Sweet Lassi (200ml),Beverages,Mysuru,Chamundi Agencies Mysuru,583,20,11660,Retail,Net Banking
23-02-2024,Nandini Flavoured Milk Badam (200ml),Beverages,Davanagere,Central Karnataka Traders Davanagere,359,35,12565,Wholesale,UPI
23-02-2024,Nandini Special Milk (1L),Milk,Bengaluru,Apex Dairy Supplies Bengaluru,423,48,20304,Hotel / Restaurant,Cash
23-02-2024,Nandini Kulfi (50ml),Frozen,Bengaluru,Apex Dairy Supplies Bengaluru,273,25,6825,Supermarket,UPI
23-02-2024,Nandini Salted Butter (500g),Ghee & Butter,Bengaluru,Apex Dairy Supplies Bengaluru,157,275,43175,Supermarket,UPI
23-02-2024,Nandini Fresh Paneer (200g),Fresh Dairy,Bengaluru,Apex Dairy Supplies Bengaluru,283,95,26885,Retail,Net Banking
23-02-2024,Nandini Kulfi (50ml),Frozen,Mysuru,Chamundi Agencies Mysuru,89,25,2225,Retail,UPI
23-02-2024,Nandini Sweet Lassi (200ml),Beverages,Bengaluru,Apex Dairy Supplies Bengaluru,813,20,16260,Hotel / Restaurant,UPI
23-02-2024,Nandini Mysore Pak (250g),Sweets,Mysuru,Chamundi Agencies Mysuru,103,160,16480,Supermarket,Credit Card
23-02-2024,Nandini Samrudhi Milk (1L),Milk,Bengaluru,Apex Dairy Supplies Bengaluru,306,54,16524,,Cash
24-02-2024,Nandini Pure Ghee (1L),Ghee & Butter,Mysuru,Chamundi Agencies Mysuru,163,610,99430,Wholesale,UPI
24-02-2024,Nandini Toned Milk (1L),Milk,Bengaluru,Apex Dairy Supplies Bengaluru,1063,42,44646,Retail,Net Banking
24-02-2024,Nandini Spiced Buttermilk (200ml),Beverages,Bengaluru,Apex Dairy Supplies Bengaluru,727,12,8724,Supermarket,Net Banking
24-02-2024,Nandini Kulfi (50ml),Frozen,Belagavi,North Karnataka Milk Center Belagavi,275,25,6875,Wholesale,Cash
24-02-2024,Nandini Special Milk (1L),Milk,Bengaluru,Apex Dairy Supplies Bengaluru,444,48,21312,Supermarket,UPI
24-02-2024,Nandini Spiced Buttermilk (200ml),Beverages,Shivamogga,Malnad Dairy Network Shivamogga,420,12,5040,Retail,UPI
24-02-2024,Nandini Samrudhi Milk (1L),Milk,Kalaburagi,Kalyana Karnataka Foods Kalaburagi,91,54,4914,Retail,Cash
24-02-2024,Nandini Shubham Milk (1L),Milk,Bengaluru,Apex Dairy Supplies Bengaluru,338,50,16900,Supermarket,Cash
24-02-2024,Nandini Special Milk (1L),Milk,Mysuru,Chamundi Agencies Mysuru,700,48,33600,Wholesale,UPI
24-02-2024,Nandini Flavoured Milk Badam (200ml),Beverages,Bengaluru,Apex Dairy Supplies Bengaluru,340,35,11900,Supermarket,UPI
24-02-2024,Nandini Fresh Paneer (200g),Fresh Dairy,Belagavi,North Karnataka Milk Center Belagavi,273,95,25935,Wholesale,Cash
24-02-2024,Nandini Sweet Lassi (200ml),Beverages,Bengaluru,Apex Dairy Supplies Bengaluru,539,20,10780,Wholesale,Cash
24-02-2024,Nandini Salted Butter (500g),Ghee & Butter,Bengaluru,Apex Dairy Supplies Bengaluru,58,275,15950,Supermarket,Cash
24-02-2024,Nandini Spiced Buttermilk (200ml),Beverages,Bengaluru,Apex Dairy Supplies Bengaluru,775,12,9300,Hotel / Restaurant,Cash
24-02-2024,Nandini Gulab Jamun (1kg),Sweets,Bengaluru,Apex Dairy Supplies Bengaluru,151,260,39260,Hotel / Restaurant,UPI
24-02-2024,Nandini Mysore Pak (250g),Sweets,Bengaluru,Apex Dairy Supplies Bengaluru,90,160,14400,Retail,Credit Card
24-02-2024,Nandini Salted Butter (500g),Ghee & Butter,Hubballi,Kittur Distributors Hubballi,33,275,9075,Supermarket,Cash
24-02-2024,Nandini Toned Milk (1L),Milk,Davanagere,Central Karnataka Traders Davanagere,1012,42,42504,Wholesale,Net Banking
24-02-2024,Nandini Cassata Ice Cream (150ml),Frozen,Belagavi,North Karnataka Milk Center Belagavi,309,55,16995,Wholesale,Cash
24-02-2024,Nandini Homogenised Cow Milk (1L),Milk,Mysuru,Chamundi Agencies Mysuru,666,46,30636,Retail,Net Banking
24-02-2024,Nandini Pure Ghee (500ml),Ghee & Butter,Bengaluru,Apex Dairy Supplies Bengaluru,240,315,75600,Institution,Net Banking
24-02-2024,Nandini Shubham Milk (1L),Milk,Mysuru,Chamundi Agencies Mysuru,296,50,14800,Supermarket,UPI
24-02-2024,Nandini Curd (500g),Fresh Dairy,Kalaburagi,Kalyana Karnataka Foods Kalaburagi,610,26,15860,Retail,Cash
25-02-2024,Nandini Fresh Paneer (200g),Fresh Dairy,Bengaluru,Apex Dairy Supplies Bengaluru,350,95,33250,Retail,UPI
25-02-2024,Nandini Pure Ghee (1L),Ghee & Butter,Belagavi,North Karnataka Milk Center Belagavi,37,610,22570,Supermarket,UPI
25-02-2024,Nandini Special Milk (1L),Milk,Mysuru,Chamundi Agencies Mysuru,366,48,17568,Retail,UPI
25-02-2024,Nandini Special Milk (1L),Milk,Mysuru,Chamundi Agencies Mysuru,464,48,22272,Retail,Credit Card
25-02-2024,Nandini Homogenised Cow Milk (1L),Milk,Ballari,Tungabhadra Dairy Logistics Ballari,500,46,23000,Retail,Net Banking
25-02-2024,Nandini Toned Milk (1L),Milk,Bengaluru,Apex Dairy Supplies Bengaluru,831,42,34902,Retail,UPI
25-02-2024,Nandini Special Milk (1L),Milk,Bengaluru,Apex Dairy Supplies Bengaluru,361,48,17328,Retail,Net Banking
25-02-2024,Nandini Pure Ghee (500ml),Ghee & Butter,Bengaluru,Apex Dairy Supplies Bengaluru,141,315,44415,Retail,Net Banking
25-02-2024,Nandini Sweet Lassi (200ml),Beverages,Kalaburagi,Kalyana Karnataka Foods Kalaburagi,356,20,7120,Supermarket,Distributor Credit
25-02-2024,Nandini Fresh Paneer (200g),Fresh Dairy,Mysuru,Chamundi Agencies Mysuru,195,95,18525,Retail,UPI
26-02-2024,Nandini Curd (500g),Fresh Dairy,Bengaluru,Apex Dairy Supplies Bengaluru,699,26,18174,Retail,UPI
26-02-2024,Nandini Toned Milk (1L),Milk,Mangaluru,Coastal Cool Logistics Mangaluru,458,42,19236,Retail,Cash
26-02-2024,Nandini Pure Ghee (1L),Ghee & Butter,Kalaburagi,Kalyana Karnataka Foods Kalaburagi,32,610,19520,Retail,Distributor Credit
26-02-2024,Nandini Unsalted Butter (500g),Ghee & Butter,Davanagere,Central Karnataka Traders Davanagere,68,280,19040,Retail,UPI
26-02-2024,Nandini Fresh Paneer (200g),Fresh Dairy,Mysuru,Chamundi Agencies Mysuru,124,95,11780,Retail,Cash
26-02-2024,Nandini Salted Butter (500g),Ghee & Butter,Mangaluru,Coastal Cool Logistics Mangaluru,33,275,9075,Retail,UPI
26-02-2024,Nandini Toned Milk (1L),Milk,Bengaluru,Apex Dairy Supplies Bengaluru,2255,42,94710,Wholesale,UPI
26-02-2024,Nandini Spiced Buttermilk (200ml),Beverages,Hubballi,Kittur Distributors Hubballi,298,12,3576,Retail,UPI
26-02-2024,Nandini Sweet Lassi (200ml),Beverages,Bengaluru,Apex Dairy Supplies Bengaluru,415,20,8300,Hotel / Restaurant,UPI
26-02-2024,Nandini Curd (500g),Fresh Dairy,Mangaluru,Coastal Cool Logistics Mangaluru,491,26,12766,Supermarket,UPI
26-02-2024,Nandini Pure Ghee (1L),Ghee & Butter,Bengaluru,Apex Dairy Supplies Bengaluru,132,610,80520,Supermarket,UPI
26-02-2024,Nandini Kulfi (50ml),Frozen,Davanagere,Central Karnataka Traders Davanagere,243,25,6075,Retail,Net Banking
26-02-2024,Nandini Curd (500g),Fresh Dairy,Mysuru,Chamundi Agencies Mysuru,366,26,9516,Retail,Net Banking
26-02-2024,Nandini Kulfi (50ml),Frozen,Bengaluru,Apex Dairy Supplies Bengaluru,245,25,6125,Supermarket,Net Banking
26-02-2024,Nandini Gulab Jamun (1kg),Sweets,Hubballi,Kittur Distributors Hubballi,121,260,31460,Institution,UPI
26-02-2024,Nandini Special Milk (1L),Milk,Bengaluru,Apex Dairy Supplies Bengaluru,747,48,35856,Hotel / Restaurant,UPI
26-02-2024,Nandini Pure Ghee (500ml),Ghee & Butter,Bengaluru,Apex Dairy Supplies Bengaluru,59,315,18585,Retail,Cash
26-02-2024,Nandini Flavoured Milk Badam (200ml),Beverages,Bengaluru,Apex Dairy Supplies Bengaluru,321,35,11235,Retail,UPI
27-02-2024,Nandini Sweet Lassi (200ml),Beverages,Shivamogga,Malnad Dairy Network Shivamogga,273,20,5460,Retail,Credit Card
27-02-2024,Nandini Gulab Jamun (1kg),Sweets,Bengaluru,Apex Dairy Supplies Bengaluru,98,260,25480,Supermarket,Net Banking
27-02-2024,Nandini Special Milk (1L),Milk,Hubballi,Kittur Distributors Hubballi,458,48,21984,Wholesale,Net Banking
27-02-2024,Nandini Salted Butter (500g),Ghee & Butter,Bengaluru,Apex Dairy Supplies Bengaluru,211,275,58025,Wholesale,Distributor Credit
27-02-2024,Nandini Fresh Paneer (200g),Fresh Dairy,Kalaburagi,Kalyana Karnataka Foods Kalaburagi,75,95,7125,Retail,Net Banking
27-02-2024,Nandini Set Curd (400g),Fresh Dairy,Bengaluru,Apex Dairy Supplies Bengaluru,103,40,4120,Retail,Net Banking
27-02-2024,Nandini Milk Peda (250g),Sweets,Hubballi,Kittur Distributors Hubballi,46,140,6440,Supermarket,UPI
27-02-2024,Nandini Toned Milk (1L),Milk,Ballari,Tungabhadra Dairy Logistics Ballari,314,42,13188,Retail,UPI
27-02-2024,Nandini Flavoured Milk Badam (200ml),Beverages,Bengaluru,Apex Dairy Supplies Bengaluru,177,35,6195,Supermarket,Net Banking
27-02-2024,Nandini Fresh Paneer (200g),Fresh Dairy,Mysuru,Chamundi Agencies Mysuru,238,95,22610,Retail,Net Banking
27-02-2024,Nandini Mysore Pak (250g),Sweets,Bengaluru,Apex Dairy Supplies Bengaluru,173,160,27680,Hotel / Restaurant,Net Banking
28-02-2024,Nandini Fresh Paneer (200g),Fresh Dairy,Hubballi,Kittur Distributors Hubballi,314,95,29830,Wholesale,Cash
28-02-2024,Nandini Special Milk (1L),Milk,Mysuru,Chamundi Agencies Mysuru,541,48,25968,Wholesale,UPI
28-02-2024,Nandini Shubham Milk (1L),Milk,Bengaluru,Apex Dairy Supplies Bengaluru,670,50,33500,Wholesale,Net Banking
28-02-2024,Nandini Curd (500g),Fresh Dairy,Bengaluru,Apex Dairy Supplies Bengaluru,592,26,15392,Supermarket,Credit Card
28-02-2024,Nandini Mysore Pak (250g),Sweets,Bengaluru,Apex Dairy Supplies Bengaluru,227,160,36320,Institution,UPI
28-02-2024,Nandini Unsalted Butter (500g),Ghee & Butter,Mysuru,Chamundi Agencies Mysuru,78,280,21840,Hotel / Restaurant,Cash
28-02-2024,Nandini Gulab Jamun (1kg),Sweets,Mysuru,Chamundi Agencies Mysuru,71,260,18460,Retail,Credit Card
28-02-2024,Nandini Kulfi (50ml),Frozen,Bengaluru,Apex Dairy Supplies Bengaluru,160,25,4000,Hotel / Restaurant,Distributor Credit
28-02-2024,Nandini Mysore Pak (250g),Sweets,Mysuru,Chamundi Agencies Mysuru,111,160,17760,Retail,UPI
28-02-2024,Nandini Kulfi (50ml),Frozen,Mangaluru,Coastal Cool Logistics Mangaluru,233,25,5825,Retail,Cash
28-02-2024,Nandini Special Milk (1L),Milk,Mysuru,Chamundi Agencies Mysuru,524,48,25152,Wholesale,Credit Card
28-02-2024,Nandini Gulab Jamun (1kg),Sweets,Tumakuru,Siddaganga Milk Express Tumakuru,25,260,6500,Retail,UPI
28-02-2024,Nandini Homogenised Cow Milk (1L),Milk,Bengaluru,Apex Dairy Supplies Bengaluru,735,46,33810,Retail,UPI
28-02-2024,Nandini Unsalted Butter (500g),Ghee & Butter,Tumakuru,Siddaganga Milk Express Tumakuru,14,280,3920,Retail,Cash
28-02-2024,Nandini Homogenised Cow Milk (1L),Milk,Davanagere,Central Karnataka Traders Davanagere,483,46,22218,Retail,Credit Card
28-02-2024,Nandini Homogenised Cow Milk (1L),Milk,Davanagere,Central Karnataka Traders Davanagere,516,46,23736,Supermarket,UPI
28-02-2024,Nandini Fresh Paneer (200g),Fresh Dairy,Mysuru,Chamundi Agencies Mysuru,123,95,11685,Hotel / Restaurant,Cash
28-02-2024,Nandini Unsalted Butter (500g),Ghee & Butter,Hubballi,Kittur Distributors Hubballi,71,280,19880,Supermarket,UPI
29-02-2024,Nandini Curd (500g),Fresh Dairy,Mysuru,Chamundi Agencies Mysuru,495,26,12870,Retail,Net Banking
29-02-2024,Nandini Special Milk (1L),Milk,Mangaluru,Coastal Cool Logistics Mangaluru,361,48,17328,Retail,UPI
29-02-2024,Nandini Samrudhi Milk (1L),Milk,Bengaluru,Apex Dairy Supplies Bengaluru,299,54,16146,Wholesale,Distributor Credit
29-02-2024,Nandini Flavoured Milk Badam (200ml),Beverages,Kalaburagi,Kalyana Karnataka Foods Kalaburagi,103,35,3605,Retail,UPI
29-02-2024,Nandini Special Milk (1L),Milk,Mysuru,Chamundi Agencies Mysuru,1078,48,51744,Wholesale,Net Banking
29-02-2024,Nandini Pure Ghee (500ml),Ghee & Butter,Bengaluru,Apex Dairy Supplies Bengaluru,123,315,38745,Retail,UPI
29-02-2024,Nandini Pure Ghee (1L),Ghee & Butter,Bengaluru,Apex Dairy Supplies Bengaluru,128,610,78080,Hotel / Restaurant,UPI
29-02-2024,Nandini Shubham Milk (1L),Milk,Mangaluru,Coastal Cool Logistics Mangaluru,331,50,16550,Hotel / Restaurant,Net Banking
29-02-2024,Nandini Milk Peda (250g),Sweets,Bengaluru,Apex Dairy Supplies Bengaluru,103,140,14420,Retail,UPI
01-03-2024,Nandini Spiced Buttermilk (200ml),Beverages,Bengaluru,Apex Dairy Supplies Bengaluru,1662,12,19944,Retail,Net Banking
01-03-2024,Nandini Kulfi (50ml),Frozen,Mysuru,Chamundi Agencies Mysuru,701,25,17525,Institution,UPI
01-03-2024,Nandini Toned Milk (1L),Milk,Tumakuru,Siddaganga Milk Express Tumakuru,489,42,20538,Retail,UPI
01-03-2024,Nandini Unsalted Butter (500g),Ghee & Butter,Belagavi,North Karnataka Milk Center Belagavi,36,280,10080,Retail,Net Banking
01-03-2024,Nandini Samrudhi Milk (1L),Milk,Bengaluru,Apex Dairy Supplies Bengaluru,211,54,11394,Retail,UPI
01-03-2024,Nandini Pure Ghee (500ml),Ghee & Butter,Mangaluru,Coastal Cool Logistics Mangaluru,132,315,41580,Supermarket,UPI
01-03-2024,Nandini Milk Peda (250g),Sweets,Belagavi,North Karnataka Milk Center Belagavi,82,140,11480,Retail,Credit Card
01-03-2024,Nandini Unsalted Butter (500g),Ghee & Butter,Bengaluru,Apex Dairy Supplies Bengaluru,43,280,12040,Retail,UPI
01-03-2024,Nandini Spiced Buttermilk (200ml),Beverages,Bengaluru,Apex Dairy Supplies Bengaluru,3235,12,38820,Wholesale,Distributor Credit
01-03-2024,Nandini Salted Butter (500g),Ghee & Butter,Mysuru,Chamundi Agencies Mysuru,32,275,8800,Supermarket,UPI
01-03-2024,Nandini Pure Ghee (1L),Ghee & Butter,Bengaluru,Apex Dairy Supplies Bengaluru,61,610,37210,Hotel / Restaurant,Credit Card
01-03-2024,Nandini Samrudhi Milk (1L),Milk,Bengaluru,Apex Dairy Supplies Bengaluru,223,54,12042,Retail,UPI
01-03-2024,Nandini Spiced Buttermilk (200ml),Beverages,Davanagere,Central Karnataka Traders Davanagere,1176,12,14112,Retail,Cash
01-03-2024,Nandini Cassata Ice Cream (150ml),Frozen,Hubballi,Kittur Distributors Hubballi,83,55,4565,Supermarket,Cash
01-03-2024,Nandini Homogenised Cow Milk (1L),Milk,Bengaluru,Apex Dairy Supplies Bengaluru,674,46,31004,Wholesale,UPI
01-03-2024,Nandini Shubham Milk (1L),Milk,Mangaluru,Coastal Cool Logistics Mangaluru,279,50,13950,Retail,UPI
01-03-2024,Nandini Cassata Ice Cream (150ml),Frozen,Belagavi,North Karnataka Milk Center Belagavi,146,55,8030,Retail,UPI
02-03-2024,Nandini Salted Butter (500g),Ghee & Butter,Bengaluru,Apex Dairy Supplies Bengaluru,67,275,18425,Retail,Net Banking
02-03-2024,Nandini Kulfi (50ml),Frozen,Hubballi,Kittur Distributors Hubballi,356,25,8900,Retail,Credit Card
02-03-2024,Nandini Mysore Pak (250g),Sweets,Hubballi,Kittur Distributors Hubballi,189,160,30240,Institution,Cash
02-03-2024,Nandini Curd (500g),Fresh Dairy,Bengaluru,Apex Dairy Supplies Bengaluru,1181,26,30706,Retail,UPI
02-03-2024,Nandini Gulab Jamun (1kg),Sweets,Mysuru,Chamundi Agencies Mysuru,126,260,32760,Hotel / Restaurant,Cash
02-03-2024,Nandini Salted Butter (500g),Ghee & Butter,Mysuru,Chamundi Agencies Mysuru,106,275,29150,Retail,Credit Card
02-03-2024,Nandini Shubham Milk (1L),Milk,Bengaluru,Apex Dairy Supplies Bengaluru,411,50,20550,Supermarket,Distributor Credit
02-03-2024,Nandini Spiced Buttermilk (200ml),Beverages,Bengaluru,Apex Dairy Supplies Bengaluru,2356,12,28272,Hotel / Restaurant,Credit Card
02-03-2024,Nandini Special Milk (1L),Milk,Bengaluru,Apex Dairy Supplies Bengaluru,340,48,16320,Retail,Distributor Credit
02-03-2024,Nandini Milk Peda (250g),Sweets,Davanagere,Central Karnataka Traders Davanagere,126,140,17640,Retail,Cash
02-03-2024,Nandini Flavoured Milk Badam (200ml),Beverages,Hubballi,Kittur Distributors Hubballi,366,35,12810,Institution,Cash
02-03-2024,Nandini Pure Ghee (1L),Ghee & Butter,Mysuru,Chamundi Agencies Mysuru,99,610,60390,Supermarket,Credit Card
02-03-2024,Nandini Toned Milk (1L),Milk,Ballari,Tungabhadra Dairy Logistics Ballari,717,42,30114,Retail,Distributor Credit
02-03-2024,Nandini Gulab Jamun (1kg),Sweets,Bengaluru,Apex Dairy Supplies Bengaluru,79,260,20540,Retail,Distributor Credit
02-03-2024,Nandini Pure Ghee (1L),Ghee & Butter,Hubballi,Kittur Distributors Hubballi,51,610,31110,Wholesale,Net Banking
02-03-2024,Nandini Set Curd (400g),Fresh Dairy,Mysuru,Chamundi Agencies Mysuru,413,40,16520,Institution,Cash
03-03-2024,Nandini Gulab Jamun (1kg),Sweets,Kalaburagi,Kalyana Karnataka Foods Kalaburagi,77,260,20020,Hotel / Restaurant,UPI
03-03-2024,Nandini Special Milk (1L),Milk,Tumakuru,Siddaganga Milk Express Tumakuru,233,48,11184,Supermarket,Cash
03-03-2024,Nandini Milk Peda (250g),Sweets,Mysuru,Chamundi Agencies Mysuru,90,140,12600,Retail,Net Banking
03-03-2024,Nandini Sweet Lassi (200ml),Beverages,Bengaluru,Apex Dairy Supplies Bengaluru,830,20,16600,Hotel / Restaurant,UPI
03-03-2024,Nandini Samrudhi Milk (1L),Milk,Bengaluru,Apex Dairy Supplies Bengaluru,204,54,11016,Institution,Cash
03-03-2024,Nandini Gulab Jamun (1kg),Sweets,Shivamogga,Malnad Dairy Network Shivamogga,81,260,21060,Supermarket,Distributor Credit
03-03-2024,Nandini Set Curd (400g),Fresh Dairy,Mysuru,Chamundi Agencies Mysuru,282,40,11280,Wholesale,UPI
03-03-2024,Nandini Shubham Milk (1L),Milk,Bengaluru,Apex Dairy Supplies Bengaluru,166,50,8300,Retail,UPI
03-03-2024,Nandini Milk Peda (250g),Sweets,Mysuru,Chamundi Agencies Mysuru,175,140,24500,Hotel / Restaurant,UPI
03-03-2024,Nandini Flavoured Milk Badam (200ml),Beverages,Mangaluru,Coastal Cool Logistics Mangaluru,184,35,6440,Retail,Net Banking
03-03-2024,Nandini Kulfi (50ml),Frozen,Kalaburagi,Kalyana Karnataka Foods Kalaburagi,175,25,4375,Supermarket,UPI
03-03-2024,Nandini Pure Ghee (500ml),Ghee & Butter,Mangaluru,Coastal Cool Logistics Mangaluru,61,315,19215,Supermarket,UPI
03-03-2024,Nandini Kulfi (50ml),Frozen,Bengaluru,Apex Dairy Supplies Bengaluru,554,25,13850,Retail,UPI
04-03-2024,Nandini Kulfi (50ml),Frozen,Bengaluru,Apex Dairy Supplies Bengaluru,469,25,11725,Retail,Net Banking
04-03-2024,Nandini Kulfi (50ml),Frozen,Mysuru,Chamundi Agencies Mysuru,463,25,11575,Retail,UPI
04-03-2024,Nandini Fresh Paneer (200g),Fresh Dairy,Mysuru,Chamundi Agencies Mysuru,202,95,19190,Retail,Cash
04-03-2024,Nandini Salted Butter (500g),Ghee & Butter,Bengaluru,Apex Dairy Supplies Bengaluru,81,275,22275,Supermarket,UPI
04-03-2024,Nandini Unsalted Butter (500g),Ghee & Butter,Bengaluru,Apex Dairy Supplies Bengaluru,127,280,35560,Hotel / Restaurant,Net Banking
04-03-2024,Nandini Fresh Paneer (200g),Fresh Dairy,Bengaluru,Apex Dairy Supplies Bengaluru,278,95,26410,Institution,Net Banking
04-03-2024,Nandini Cassata Ice Cream (150ml),Frozen,Hubballi,Kittur Distributors Hubballi,158,55,8690,Retail,Credit Card
04-03-2024,Nandini Fresh Paneer (200g),Fresh Dairy,Bengaluru,Apex Dairy Supplies Bengaluru,554,95,52630,Wholesale,UPI
04-03-2024,Nandini Kulfi (50ml),Frozen,Davanagere,Central Karnataka Traders Davanagere,198,25,4950,Retail,UPI
04-03-2024,Nandini Salted Butter (500g),Ghee & Butter,Hubballi,Kittur Distributors Hubballi,66,275,18150,Hotel / Restaurant,UPI
04-03-2024,Nandini Milk Peda (250g),Sweets,Kalaburagi,Kalyana Karnataka Foods Kalaburagi,60,140,8400,Retail,Cash
04-03-2024,Nandini Samrudhi Milk (1L),Milk,Mysuru,Chamundi Agencies Mysuru,310,54,16740,Hotel / Restaurant,Credit Card
05-03-2024,Nandini Mysore Pak (250g),Sweets,bengaluru ,Apex Dairy Supplies Bengaluru,138,160,22080,Retail,Net Banking
05-03-2024,Nandini Pure Ghee (1L),Ghee & Butter,Bengaluru,Apex Dairy Supplies Bengaluru,85,610,51850,Retail,Net Banking
05-03-2024,Nandini Cassata Ice Cream (150ml),Frozen,Hubballi,Kittur Distributors Hubballi,180,55,9900,Retail,Net Banking
05-03-2024,Nandini Spiced Buttermilk (200ml),Beverages,Belagavi,North Karnataka Milk Center Belagavi,640,12,7680,Retail,UPI
05-03-2024,Nandini Cassata Ice Cream (150ml),Frozen,Mysuru,Chamundi Agencies Mysuru,223,55,12265,Retail,UPI
05-03-2024,Nandini Pure Ghee (500ml),Ghee & Butter,Belagavi,North Karnataka Milk Center Belagavi,126,315,39690,Retail,UPI
05-03-2024,Nandini Toned Milk (1L),Milk,Mysuru,Chamundi Agencies Mysuru,1809,42,75978,Wholesale,Credit Card
05-03-2024,Nandini Sweet Lassi (200ml),Beverages,Mysuru,Chamundi Agencies Mysuru,297,20,5940,Retail,Net Banking
05-03-2024,Nandini Salted Butter (500g),Ghee & Butter,Davanagere,Central Karnataka Traders Davanagere,49,275,13475,Wholesale,Distributor Credit
05-03-2024,Nandini Sweet Lassi (200ml),Beverages,Kalaburagi,Kalyana Karnataka Foods Kalaburagi,604,20,12080,Wholesale,Credit Card
05-03-2024,Nandini Kulfi (50ml),Frozen,Kalaburagi,Kalyana Karnataka Foods Kalaburagi,635,25,15875,Wholesale,UPI
05-03-2024,Nandini Milk Peda (250g),Sweets,Bengaluru,Apex Dairy Supplies Bengaluru,176,140,24640,Institution,UPI
05-03-2024,Nandini Homogenised Cow Milk (1L),Milk,Davanagere,Central Karnataka Traders Davanagere,699,46,32154,Retail,UPI
05-03-2024,Nandini Kulfi (50ml),Frozen,Bengaluru,Apex Dairy Supplies Bengaluru,252,25,6300,Retail,Net Banking
05-03-2024,Nandini Pure Ghee (1L),Ghee & Butter,Kalaburagi,Kalyana Karnataka Foods Kalaburagi,128,610,78080,Hotel / Restaurant,Cash
05-03-2024,Nandini Fresh Paneer (200g),Fresh Dairy,Mangaluru,Coastal Cool Logistics Mangaluru,233,95,22135,Retail,Credit Card
05-03-2024,Nandini Milk Peda (250g),Sweets,Belagavi,North Karnataka Milk Center Belagavi,64,140,8960,Hotel / Restaurant,UPI
05-03-2024,Nandini Toned Milk (1L),Milk,Davanagere,Central Karnataka Traders Davanagere,1537,42,64554,Wholesale,UPI
05-03-2024,Nandini Pure Ghee (500ml),Ghee & Butter,Mangaluru,Coastal Cool Logistics Mangaluru,94,315,29610,Retail,Net Banking
06-03-2024,Nandini Flavoured Milk Badam (200ml),Beverages,Bengaluru,Apex Dairy Supplies Bengaluru,252,35,8820,Retail,UPI
06-03-2024,Nandini Unsalted Butter (500g),Ghee & Butter,Mysuru,Chamundi Agencies Mysuru,68,280,19040,Institution,Net Banking
06-03-2024,Nandini Toned Milk (1L),Milk,Bengaluru,Apex Dairy Supplies Bengaluru,2122,42,89124,Wholesale,Cash
06-03-2024,Nandini Salted Butter (500g),Ghee & Butter,Belagavi,North Karnataka Milk Center Belagavi,34,275,9350,Supermarket,UPI
06-03-2024,Nandini Pure Ghee (500ml),Ghee & Butter,Shivamogga,Malnad Dairy Network Shivamogga,128,315,40320,Retail,Credit Card
06-03-2024,Nandini Curd (500g),Fresh Dairy,Belagavi,North Karnataka Milk Center Belagavi,1396,26,36296,Wholesale,UPI
06-03-2024,Nandini Salted Butter (500g),Ghee & Butter,Belagavi,North Karnataka Milk Center Belagavi,56,275,15400,Retail,Net Banking
06-03-2024,Nandini Toned Milk (1L),Milk,Mysuru,Chamundi Agencies Mysuru,892,42,37464,Institution,Credit Card
06-03-2024,Nandini Flavoured Milk Badam (200ml),Beverages,Belagavi,North Karnataka Milk Center Belagavi,207,35,7245,Hotel / Restaurant,Credit Card
06-03-2024,Nandini Milk Peda (250g),Sweets,Bengaluru,Apex Dairy Supplies Bengaluru,167,140,23380,Supermarket,Net Banking
06-03-2024,Nandini Fresh Paneer (200g),Fresh Dairy,Bengaluru,Apex Dairy Supplies Bengaluru,285,95,27075,Supermarket,UPI
07-03-2024,Nandini Spiced Buttermilk (200ml),Beverages,Mangaluru,Coastal Cool Logistics Mangaluru,1232,12,14784,Wholesale,Net Banking
07-03-2024,Nandini Homogenised Cow Milk (1L),Milk,Mysuru,Chamundi Agencies Mysuru,804,46,36984,Retail,UPI
07-03-2024,Nandini Salted Butter (500g),Ghee & Butter,Hubballi,Kittur Distributors Hubballi,89,275,24475,Retail,UPI
07-03-2024,Nandini Mysore Pak (250g),Sweets,Mysuru,Chamundi Agencies Mysuru,68,160,10880,Hotel / Restaurant,UPI
07-03-2024,Nandini Homogenised Cow Milk (1L),Milk,Bengaluru,Apex Dairy Supplies Bengaluru,527,46,24242,Retail,UPI
07-03-2024,Nandini Milk Peda (250g),Sweets,Mysuru,Chamundi Agencies Mysuru,232,140,32480,Institution,UPI
07-03-2024,Nandini Milk Peda (250g),Sweets,Bengaluru,Apex Dairy Supplies Bengaluru,120,140,16800,Retail,UPI
07-03-2024,Nandini Kulfi (50ml),Frozen,Bengaluru,Apex Dairy Supplies Bengaluru,262,25,6550,Supermarket,Cash
07-03-2024,Nandini Milk Peda (250g),Sweets,Bengaluru,Apex Dairy Supplies Bengaluru,336,140,47040,Wholesale,Credit Card
07-03-2024,Nandini Toned Milk (1L),Milk,Bengaluru,Apex Dairy Supplies Bengaluru,1543,42,64806,Institution,Credit Card
07-03-2024,Nandini Sweet Lassi (200ml),Beverages,Bengaluru,Apex Dairy Supplies Bengaluru,1552,20,31040,Wholesale,Distributor Credit
08-03-2024,Nandini Kulfi (50ml),Frozen,Belagavi,North Karnataka Milk Center Belagavi,315,25,7875,Supermarket,Cash
08-03-2024,Nandini Milk Peda (250g),Sweets,Hubballi,Kittur Distributors Hubballi,152,140,21280,Retail,UPI
08-03-2024,Nandini Toned Milk (1L),Milk,Bengaluru,Apex Dairy Supplies Bengaluru,1286,42,54012,Retail,UPI
08-03-2024,Nandini Gulab Jamun (1kg),Sweets,Ballari,Tungabhadra Dairy Logistics Ballari,21,260,5460,Supermarket,UPI
08-03-2024,Nandini Spiced Buttermilk (200ml),Beverages,Shivamogga,Malnad Dairy Network Shivamogga,912,12,10944,Retail,UPI
08-03-2024,Nandini Milk Peda (250g),Sweets,Mysuru,Chamundi Agencies Mysuru,134,140,18760,Hotel / Restaurant,UPI
08-03-2024,Nandini Pure Ghee (1L),Ghee & Butter,Bengaluru,Apex Dairy Supplies Bengaluru,55,610,33550,Supermarket,Distributor Credit
08-03-2024,Nandini Gulab Jamun (1kg),Sweets,Bengaluru,Apex Dairy Supplies Bengaluru,44,260,11440,Supermarket,Distributor Credit
08-03-2024,Nandini Samrudhi Milk (1L),Milk,Bengaluru,Apex Dairy Supplies Bengaluru,159,54,8586,Supermarket,UPI
08-03-2024,Nandini Special Milk (1L),Milk,Bengaluru,Apex Dairy Supplies Bengaluru,562,48,26976,Supermarket,Cash
08-03-2024,Nandini Special Milk (1L),Milk,Bengaluru,Apex Dairy Supplies Bengaluru,460,48,22080,Supermarket,UPI
08-03-2024,Nandini Toned Milk (1L),Milk,Mangaluru,Coastal Cool Logistics Mangaluru,1141,42,47922,Institution,UPI
09-03-2024,Nandini Shubham Milk (1L),Milk,Bengaluru,Apex Dairy Supplies Bengaluru,278,50,13900,Retail,Net Banking
09-03-2024,Nandini Unsalted Butter (500g),Ghee & Butter,Mysuru,Chamundi Agencies Mysuru,73,280,20440,Retail,Net Banking
09-03-2024,Nandini Homogenised Cow Milk (1L),Milk,Bengaluru,Apex Dairy Supplies Bengaluru,1168,46,53728,Wholesale,Net Banking
09-03-2024,Nandini Toned Milk (1L),Milk,Bengaluru,Apex Dairy Supplies Bengaluru,1168,42,49056,Wholesale,Net Banking
09-03-2024,  nandini flavoured milk badam (200ml)  ,Beverages,Bengaluru,Apex Dairy Supplies Bengaluru,571,35,19985,Supermarket,UPI
09-03-2024,Nandini Homogenised Cow Milk (1L),Milk,Mysuru,Chamundi Agencies Mysuru,545,46,25070,Supermarket,UPI
09-03-2024,Nandini Flavoured Milk Badam (200ml),Beverages,Mysuru,Chamundi Agencies Mysuru,485,35,16975,Wholesale,Cash
09-03-2024,Nandini Fresh Paneer (200g),Fresh Dairy,Tumakuru,Siddaganga Milk Express Tumakuru,305,95,28975,Supermarket,Net Banking
09-03-2024,Nandini Fresh Paneer (200g),Fresh Dairy,Bengaluru,Apex Dairy Supplies Bengaluru,272,95,25840,Supermarket,Credit Card
09-03-2024,Nandini Sweet Lassi (200ml),Beverages,Bengaluru,Apex Dairy Supplies Bengaluru,655,20,13100,Retail,Cash
09-03-2024,Nandini Curd (500g),Fresh Dairy,Bengaluru,Apex Dairy Supplies Bengaluru,625,26,16250,Hotel / Restaurant,UPI
09-03-2024,Nandini Toned Milk (1L),Milk,Kalaburagi,Kalyana Karnataka Foods Kalaburagi,1025,42,43050,Retail,UPI
09-03-2024,Nandini Set Curd (400g),Fresh Dairy,Mangaluru,Coastal Cool Logistics Mangaluru,203,40,8120,Supermarket,Net Banking
10-03-2024,Nandini Salted Butter (500g),Ghee & Butter,Belagavi,North Karnataka Milk Center Belagavi,137,275,37675,Institution,UPI
10-03-2024,Nandini Mysore Pak (250g),Sweets,bengaluru ,Apex Dairy Supplies Bengaluru,162,160,25920,Retail,Credit Card
10-03-2024,Nandini Unsalted Butter (500g),Ghee & Butter,Bengaluru,Apex Dairy Supplies Bengaluru,91,280,25480,Retail,Net Banking
10-03-2024,Nandini Pure Ghee (1L),Ghee & Butter,Mysuru,Chamundi Agencies Mysuru,67,610,40870,Supermarket,UPI
10-03-2024,Nandini Fresh Paneer (200g),Fresh Dairy,Mangaluru,Coastal Cool Logistics Mangaluru,160,95,15200,Hotel / Restaurant,UPI
10-03-2024,Nandini Sweet Lassi (200ml),Beverages,Belagavi,North Karnataka Milk Center Belagavi,225,20,4500,Retail,Cash
10-03-2024,Nandini Pure Ghee (500ml),Ghee & Butter,Hubballi,Kittur Distributors Hubballi,72,315,22680,Retail,Distributor Credit
10-03-2024,Nandini Special Milk (1L),Milk,Belagavi,North Karnataka Milk Center Belagavi,241,48,11568,Retail,Distributor Credit
10-03-2024,Nandini Fresh Paneer (200g),Fresh Dairy,Mysuru,Chamundi Agencies Mysuru,103,95,9785,Retail,Net Banking
10-03-2024,Nandini Curd (500g),Fresh Dairy,Mysuru,Chamundi Agencies Mysuru,640,26,16640,Wholesale,UPI
10-03-2024,Nandini Special Milk (1L),Milk,Mangaluru,Coastal Cool Logistics Mangaluru,215,48,10320,Supermarket,Cash
10-03-2024,Nandini Mysore Pak (250g),Sweets,Bengaluru,Apex Dairy Supplies Bengaluru,83,160,13280,Supermarket,Net Banking
10-03-2024,Nandini Curd (500g),Fresh Dairy,Kalaburagi,Kalyana Karnataka Foods Kalaburagi,646,26,16796,Supermarket,UPI
11-03-2024,Nandini Homogenised Cow Milk (1L),Milk,Davanagere,Central Karnataka Traders Davanagere,545,46,25070,Supermarket,UPI
11-03-2024,Nandini Gulab Jamun (1kg),Sweets,Bengaluru,Apex Dairy Supplies Bengaluru,95,260,24700,Retail,Net Banking
11-03-2024,Nandini Samrudhi Milk (1L),Milk,Mysuru,Chamundi Agencies Mysuru,498,54,26892,Institution,UPI
11-03-2024,Nandini Fresh Paneer (200g),Fresh Dairy,Hubballi,Kittur Distributors Hubballi,118,95,11210,Retail,Cash
11-03-2024,Nandini Pure Ghee (500ml),Ghee & Butter,Davanagere,Central Karnataka Traders Davanagere,110,315,34650,Wholesale,UPI
11-03-2024,Nandini Fresh Paneer (200g),Fresh Dairy,Bengaluru,Apex Dairy Supplies Bengaluru,391,95,37145,Institution,Cash
11-03-2024,Nandini Samrudhi Milk (1L),Milk,Bengaluru,Apex Dairy Supplies Bengaluru,465,54,25110,Wholesale,Cash
11-03-2024,Nandini Milk Peda (250g),Sweets,Kalaburagi,Kalyana Karnataka Foods Kalaburagi,75,140,10500,Retail,Net Banking
11-03-2024,Nandini Unsalted Butter (500g),Ghee & Butter,Mysuru,Chamundi Agencies Mysuru,79,280,22120,Supermarket,UPI
11-03-2024,Nandini Homogenised Cow Milk (1L),Milk,Mysuru,Chamundi Agencies Mysuru,431,46,19826,Retail,UPI
11-03-2024,Nandini Curd (500g),Fresh Dairy,Bengaluru,Apex Dairy Supplies Bengaluru,584,26,15184,Supermarket,Net Banking
11-03-2024,Nandini Set Curd (400g),Fresh Dairy,Bengaluru,Apex Dairy Supplies Bengaluru,729,40,29160,Wholesale,UPI
11-03-2024,Nandini Mysore Pak (250g),Sweets,Bengaluru,Apex Dairy Supplies Bengaluru,69,160,11040,Retail,UPI
11-03-2024,Nandini Flavoured Milk Badam (200ml),Beverages,Shivamogga,Malnad Dairy Network Shivamogga,407,35,14245,Supermarket,UPI
11-03-2024,Nandini Pure Ghee (1L),Ghee & Butter,Bengaluru,Apex Dairy Supplies Bengaluru,63,610,38430,Retail,Cash
11-03-2024,Nandini Fresh Paneer (200g),Fresh Dairy,Shivamogga,Malnad Dairy Network Shivamogga,81,95,7695,Retail,UPI
11-03-2024,Nandini Toned Milk (1L),Milk,Bengaluru,Apex Dairy Supplies Bengaluru,1514,42,63588,Hotel / Restaurant,UPI
11-03-2024,Nandini Samrudhi Milk (1L),Milk,Davanagere,Central Karnataka Traders Davanagere,136,54,7344,Hotel / Restaurant,Credit Card
11-03-2024,Nandini Pure Ghee (500ml),Ghee & Butter,Tumakuru,Siddaganga Milk Express Tumakuru,219,315,68985,Wholesale,UPI
11-03-2024,Nandini Flavoured Milk Badam (200ml),Beverages,belagavi ,North Karnataka Milk Center Belagavi,179,35,6265,Retail,UPI
12-03-2024,Nandini Homogenised Cow Milk (1L),Milk,Bengaluru,Apex Dairy Supplies Bengaluru,1722,46,79212,Wholesale,UPI
12-03-2024,Nandini Fresh Paneer (200g),Fresh Dairy,Davanagere,Central Karnataka Traders Davanagere,232,95,22040,Wholesale,Net Banking
12-03-2024,Nandini Sweet Lassi (200ml),Beverages,Belagavi,North Karnataka Milk Center Belagavi,627,20,12540,Retail,UPI
12-03-2024,Nandini Sweet Lassi (200ml),Beverages,Hubballi,Kittur Distributors Hubballi,457,20,9140,Supermarket,UPI
12-03-2024,Nandini Sweet Lassi (200ml),Beverages,Bengaluru,Apex Dairy Supplies Bengaluru,698,20,13960,Retail,Cash
12-03-2024,Nandini Sweet Lassi (200ml),Beverages,Bengaluru,Apex Dairy Supplies Bengaluru,346,20,6920,Retail,UPI
12-03-2024,Nandini Salted Butter (500g),Ghee & Butter,Bengaluru,Apex Dairy Supplies Bengaluru,110,275,30250,Retail,Net Banking
12-03-2024,Nandini Sweet Lassi (200ml),Beverages,Mangaluru,Coastal Cool Logistics Mangaluru,593,20,11860,Retail,UPI
12-03-2024,Nandini Samrudhi Milk (1L),Milk,Ballari,Tungabhadra Dairy Logistics Ballari,239,54,12906,Retail,Net Banking
12-03-2024,Nandini Special Milk (1L),Milk,Shivamogga,Malnad Dairy Network Shivamogga,527,48,25296,Wholesale,Net Banking
12-03-2024,Nandini Shubham Milk (1L),Milk,Bengaluru,Apex Dairy Supplies Bengaluru,368,50,18400,Retail,Credit Card
12-03-2024,Nandini Set Curd (400g),Fresh Dairy,Hubballi,Kittur Distributors Hubballi,95,40,3800,Retail,Credit Card
12-03-2024,Nandini Pure Ghee (500ml),Ghee & Butter,Hubballi,Kittur Distributors Hubballi,97,315,30555,Hotel / Restaurant,Cash
12-03-2024,Nandini Pure Ghee (1L),Ghee & Butter,Hubballi,Kittur Distributors Hubballi,82,610,50020,Retail,UPI
12-03-2024,Nandini Flavoured Milk Badam (200ml),Beverages,Kalaburagi,Kalyana Karnataka Foods Kalaburagi,328,35,11480,Retail,UPI
13-03-2024,Nandini Special Milk (1L),Milk,Mangaluru,Coastal Cool Logistics Mangaluru,287,48,13776,Hotel / Restaurant,Credit Card
13-03-2024,Nandini Toned Milk (1L),Milk,Mangaluru,Coastal Cool Logistics Mangaluru,717,42,30114,Supermarket,Net Banking
13-03-2024,Nandini Curd (500g),Fresh Dairy,Belagavi,North Karnataka Milk Center Belagavi,921,26,23946,Retail,UPI
13-03-2024,Nandini Gulab Jamun (1kg),Sweets,Bengaluru,Apex Dairy Supplies Bengaluru,86,260,22360,Supermarket,UPI
13-03-2024,Nandini Mysore Pak (250g),Sweets,Shivamogga,Malnad Dairy Network Shivamogga,60,160,9600,Retail,UPI
13-03-2024,Nandini Mysore Pak (250g),Sweets,Shivamogga,Malnad Dairy Network Shivamogga,118,160,18880,Supermarket,Credit Card
13-03-2024,Nandini Pure Ghee (1L),Ghee & Butter,Bengaluru,Apex Dairy Supplies Bengaluru,213,610,129930,Wholesale,Cash
13-03-2024,Nandini Fresh Paneer (200g),Fresh Dairy,Tumakuru,Siddaganga Milk Express Tumakuru,276,95,26220,Wholesale,UPI
13-03-2024,Nandini Pure Ghee (1L),Ghee & Butter,Bengaluru,Apex Dairy Supplies Bengaluru,171,610,104310,Hotel / Restaurant,Net Banking
13-03-2024,Nandini Gulab Jamun (1kg),Sweets,Bengaluru,Apex Dairy Supplies Bengaluru,49,260,12740,Retail,Credit Card
13-03-2024,Nandini Toned Milk (1L),Milk,Hubballi,Kittur Distributors Hubballi,615,42,25830,Retail,Credit Card
13-03-2024,Nandini Kulfi (50ml),Frozen,Mysuru,Chamundi Agencies Mysuru,276,25,6900,Supermarket,UPI
14-03-2024,Nandini Mysore Pak (250g),Sweets,Bengaluru,Apex Dairy Supplies Bengaluru,218,160,34880,Institution,UPI
14-03-2024,Nandini Cassata Ice Cream (150ml),Frozen,Bengaluru,Apex Dairy Supplies Bengaluru,292,55,16060,Retail,Distributor Credit
14-03-2024,Nandini Toned Milk (1L),Milk,Bengaluru,Apex Dairy Supplies Bengaluru,981,42,41202,Retail,Distributor Credit
14-03-2024,Nandini Homogenised Cow Milk (1L),Milk,Mysuru,Chamundi Agencies Mysuru,851,46,39146,Hotel / Restaurant,Cash
14-03-2024,Nandini Curd (500g),Fresh Dairy,Bengaluru,Apex Dairy Supplies Bengaluru,1412,26,36712,Institution,Credit Card
14-03-2024,Nandini Curd (500g),Fresh Dairy,Bengaluru,Apex Dairy Supplies Bengaluru,824,26,21424,Supermarket,Cash
14-03-2024,Nandini Unsalted Butter (500g),Ghee & Butter,Mangaluru,Coastal Cool Logistics Mangaluru,79,280,22120,Retail,Cash
14-03-2024,Nandini Mysore Pak (250g),Sweets,Bengaluru,Apex Dairy Supplies Bengaluru,64,160,10240,Supermarket,Net Banking
14-03-2024,Nandini Pure Ghee (1L),Ghee & Butter,Bengaluru,Apex Dairy Supplies Bengaluru,164,610,100040,Hotel / Restaurant,UPI
14-03-2024,Nandini Fresh Paneer (200g),Fresh Dairy,Belagavi,North Karnataka Milk Center Belagavi,170,95,16150,Supermarket,Credit Card
15-03-2024,Nandini Pure Ghee (500ml),Ghee & Butter,Bengaluru,Apex Dairy Supplies Bengaluru,55,315,17325,Supermarket,UPI
15-03-2024,Nandini Flavoured Milk Badam (200ml),Beverages,Ballari,Tungabhadra Dairy Logistics Ballari,202,35,7070,Retail,Cash
15-03-2024,Nandini Pure Ghee (1L),Ghee & Butter,Bengaluru,Apex Dairy Supplies Bengaluru,78,610,47580,Retail,Distributor Credit
15-03-2024,Nandini Milk Peda (250g),Sweets,Belagavi,North Karnataka Milk Center Belagavi,44,140,6160,Retail,UPI
15-03-2024,Nandini Sweet Lassi (200ml),Beverages,Bengaluru,Apex Dairy Supplies Bengaluru,921,20,18420,Retail,UPI
15-03-2024,Nandini Fresh Paneer (200g),Fresh Dairy,Bengaluru,Apex Dairy Supplies Bengaluru,319,95,30305,Retail,Cash
15-03-2024,Nandini Special Milk (1L),Milk,Davanagere,Central Karnataka Traders Davanagere,471,48,22608,Supermarket,Distributor Credit
15-03-2024,Nandini Homogenised Cow Milk (1L),Milk,Belagavi,North Karnataka Milk Center Belagavi,463,46,21298,Retail,UPI
15-03-2024,Nandini Shubham Milk (1L),Milk,Davanagere,Central Karnataka Traders Davanagere,272,50,13600,Retail,UPI
15-03-2024,Nandini Pure Ghee (1L),Ghee & Butter,Bengaluru,Apex Dairy Supplies Bengaluru,85,610,51850,Hotel / Restaurant,Credit Card
15-03-2024,Nandini Set Curd (400g),Fresh Dairy,Bengaluru,Apex Dairy Supplies Bengaluru,403,40,16120,Hotel / Restaurant,Credit Card
15-03-2024,Nandini Fresh Paneer (200g),Fresh Dairy,Bengaluru,Apex Dairy Supplies Bengaluru,141,95,13395,Retail,Cash
15-03-2024,Nandini Sweet Lassi (200ml),Beverages,Kalaburagi,Kalyana Karnataka Foods Kalaburagi,601,20,12020,Hotel / Restaurant,Distributor Credit
15-03-2024,Nandini Flavoured Milk Badam (200ml),Beverages,Bengaluru,Apex Dairy Supplies Bengaluru,566,35,19810,Wholesale,UPI
15-03-2024,Nandini Pure Ghee (500ml),Ghee & Butter,Kalaburagi,Kalyana Karnataka Foods Kalaburagi,57,315,17955,Retail,Net Banking
15-03-2024,Nandini Flavoured Milk Badam (200ml),Beverages,Bengaluru,Apex Dairy Supplies Bengaluru,608,35,21280,Wholesale,Net Banking
15-03-2024,Nandini Pure Ghee (1L),Ghee & Butter,Hubballi,Kittur Distributors Hubballi,77,610,46970,Supermarket,Cash
16-03-2024,Nandini Special Milk (1L),Milk,Bengaluru,Apex Dairy Supplies Bengaluru,554,48,26592,Hotel / Restaurant,UPI
16-03-2024,Nandini Toned Milk (1L),Milk,Mysuru,Chamundi Agencies Mysuru,566,42,23772,Retail,UPI
16-03-2024,Nandini Cassata Ice Cream (150ml),Frozen,Bengaluru,Apex Dairy Supplies Bengaluru,577,55,31735,Institution,Credit Card
16-03-2024,Nandini Flavoured Milk Badam (200ml),Beverages,Mysuru,Chamundi Agencies Mysuru,353,35,12355,Wholesale,Net Banking
16-03-2024,Nandini Salted Butter (500g),Ghee & Butter,Belagavi,North Karnataka Milk Center Belagavi,111,275,30525,Retail,UPI
16-03-2024,Nandini Special Milk (1L),Milk,Belagavi,North Karnataka Milk Center Belagavi,258,48,12384,Retail,UPI
16-03-2024,Nandini Pure Ghee (500ml),Ghee & Butter,Hubballi,Kittur Distributors Hubballi,91,315,28665,Supermarket,UPI
16-03-2024,Nandini Shubham Milk (1L),Milk,Shivamogga,Malnad Dairy Network Shivamogga,141,50,7050,Retail,UPI
16-03-2024,Nandini Special Milk (1L),Milk,Hubballi,Kittur Distributors Hubballi,585,48,28080,Supermarket,Net Banking
16-03-2024,Nandini Pure Ghee (500ml),Ghee & Butter,Mysuru,Chamundi Agencies Mysuru,112,315,35280,Retail,UPI
16-03-2024,Nandini Pure Ghee (500ml),Ghee & Butter,Bengaluru,Apex Dairy Supplies Bengaluru,46,315,14490,Retail,Net Banking
16-03-2024,Nandini Set Curd (400g),Fresh Dairy,Hubballi,Kittur Distributors Hubballi,166,40,6640,Supermarket,UPI
16-03-2024,Nandini Kulfi (50ml),Frozen,Hubballi,Kittur Distributors Hubballi,325,25,8125,Supermarket,Net Banking
16-03-2024,Nandini Shubham Milk (1L),Milk,Bengaluru,Apex Dairy Supplies Bengaluru,353,50,17650,Retail,Net Banking
16-03-2024,Nandini Unsalted Butter (500g),Ghee & Butter,Bengaluru,Apex Dairy Supplies Bengaluru,91,280,25480,Supermarket,Net Banking
16-03-2024,Nandini Special Milk (1L),Milk,Bengaluru,Apex Dairy Supplies Bengaluru,356,48,17088,Retail,Net Banking
16-03-2024,Nandini Cassata Ice Cream (150ml),Frozen,Kalaburagi,Kalyana Karnataka Foods Kalaburagi,320,55,17600,Retail,Distributor Credit
17-03-2024,Nandini Pure Ghee (1L),Ghee & Butter,Hubballi,Kittur Distributors Hubballi,119,610,72590,Supermarket,UPI
17-03-2024,Nandini Samrudhi Milk (1L),Milk,Shivamogga,Malnad Dairy Network Shivamogga,111,54,5994,Retail,Cash
17-03-2024,Nandini Milk Peda (250g),Sweets,Bengaluru,Apex Dairy Supplies Bengaluru,159,140,22260,Retail,UPI
17-03-2024,Nandini Cassata Ice Cream (150ml),Frozen,Bengaluru,Apex Dairy Supplies Bengaluru,332,55,18260,Retail,UPI
17-03-2024,Nandini Mysore Pak (250g),Sweets,Mangaluru,Coastal Cool Logistics Mangaluru,117,160,18720,Retail,Net Banking
17-03-2024,Nandini Toned Milk (1L),Milk,Shivamogga,Malnad Dairy Network Shivamogga,1459,42,61278,Institution,UPI
17-03-2024,Nandini Pure Ghee (1L),Ghee & Butter,Bengaluru,Apex Dairy Supplies Bengaluru,96,610,58560,Institution,UPI
17-03-2024,Nandini Sweet Lassi (200ml),Beverages,Tumakuru,Siddaganga Milk Express Tumakuru,432,20,8640,Supermarket,UPI
17-03-2024,Nandini Set Curd (400g),Fresh Dairy,Davanagere,Central Karnataka Traders Davanagere,323,40,12920,Wholesale,UPI
17-03-2024,Nandini Pure Ghee (500ml),Ghee & Butter,Hubballi,Kittur Distributors Hubballi,84,315,26460,Retail,UPI
17-03-2024,Nandini Samrudhi Milk (1L),Milk,Belagavi,North Karnataka Milk Center Belagavi,173,54,9342,Retail,UPI
17-03-2024,Nandini Shubham Milk (1L),Milk,Bengaluru,Apex Dairy Supplies Bengaluru,314,50,15700,Retail,UPI
17-03-2024,Nandini Fresh Paneer (200g),Fresh Dairy,Bengaluru,Apex Dairy Supplies Bengaluru,123,95,11685,Supermarket,UPI
17-03-2024,Nandini Milk Peda (250g),Sweets,Belagavi,North Karnataka Milk Center Belagavi,257,140,35980,Wholesale,UPI
17-03-2024,Nandini Sweet Lassi (200ml),Beverages,Bengaluru,Apex Dairy Supplies Bengaluru,347,20,6940,Supermarket,Net Banking
17-03-2024,Nandini Pure Ghee (500ml),Ghee & Butter,Bengaluru,Apex Dairy Supplies Bengaluru,217,315,68355,Wholesale,Net Banking
18-03-2024,Nandini Mysore Pak (250g),Sweets,Mysuru,Chamundi Agencies Mysuru,100,160,16000,Supermarket,Cash
18-03-2024,Nandini Fresh Paneer (200g),Fresh Dairy,Mysuru,Chamundi Agencies Mysuru,188,95,17860,Supermarket,Net Banking
18-03-2024,Nandini Fresh Paneer (200g),Fresh Dairy,Bengaluru,Apex Dairy Supplies Bengaluru,178,95,16910,Retail,Net Banking
18-03-2024,Nandini Fresh Paneer (200g),Fresh Dairy,Bengaluru,Apex Dairy Supplies Bengaluru,197,95,18715,Retail,Cash
18-03-2024,Nandini Homogenised Cow Milk (1L),Milk,Shivamogga,Malnad Dairy Network Shivamogga,1061,46,48806,Institution,Cash
18-03-2024,Nandini Kulfi (50ml),Frozen,Bengaluru,Apex Dairy Supplies Bengaluru,331,25,8275,Supermarket,Credit Card
18-03-2024,Nandini Kulfi (50ml),Frozen,Davanagere,Central Karnataka Traders Davanagere,232,25,5800,Supermarket,Net Banking
18-03-2024,Nandini Special Milk (1L),Milk,Mangaluru,Coastal Cool Logistics Mangaluru,271,48,13008,Supermarket,UPI
18-03-2024,Nandini Cassata Ice Cream (150ml),Frozen,Hubballi,Kittur Distributors Hubballi,182,55,10010,Hotel / Restaurant,UPI
18-03-2024,Nandini Sweet Lassi (200ml),Beverages,Ballari,Tungabhadra Dairy Logistics Ballari,267,20,5340,Retail,Credit Card
18-03-2024,Nandini Curd (500g),Fresh Dairy,Bengaluru,Apex Dairy Supplies Bengaluru,847,26,22022,Hotel / Restaurant,Credit Card
18-03-2024,Nandini Toned Milk (1L),Milk,Bengaluru,Apex Dairy Supplies Bengaluru,602,42,25284,Supermarket,UPI
18-03-2024,Nandini Unsalted Butter (500g),Ghee & Butter,Bengaluru,Apex Dairy Supplies Bengaluru,161,280,45080,Institution,UPI
18-03-2024,Nandini Gulab Jamun (1kg),Sweets,Tumakuru,Siddaganga Milk Express Tumakuru,46,260,11960,Retail,Credit Card
18-03-2024,Nandini Samrudhi Milk (1L),Milk,Tumakuru,Siddaganga Milk Express Tumakuru,161,54,8694,Retail,UPI
18-03-2024,Nandini Pure Ghee (1L),Ghee & Butter,Mysuru,Chamundi Agencies Mysuru,27,610,16470,Supermarket,Net Banking
18-03-2024,Nandini Toned Milk (1L),Milk,Mysuru,Chamundi Agencies Mysuru,1096,42,46032,Retail,UPI
18-03-2024,Nandini Mysore Pak (250g),Sweets,Mangaluru,Coastal Cool Logistics Mangaluru,104,160,16640,Hotel / Restaurant,UPI
18-03-2024,Nandini Set Curd (400g),Fresh Dairy,Shivamogga,Malnad Dairy Network Shivamogga,138,40,5520,Retail,UPI
19-03-2024,Nandini Sweet Lassi (200ml),Beverages,Mysuru,Chamundi Agencies Mysuru,1338,20,26760,Wholesale,UPI
19-03-2024,Nandini Sweet Lassi (200ml),Beverages,Bengaluru,Apex Dairy Supplies Bengaluru,376,20,7520,Supermarket,UPI
19-03-2024,Nandini Pure Ghee (1L),Ghee & Butter,Hubballi,Kittur Distributors Hubballi,138,610,84180,Institution,UPI
19-03-2024,Nandini Cassata Ice Cream (150ml),Frozen,Bengaluru,Apex Dairy Supplies Bengaluru,177,55,9735,Wholesale,Net Banking
19-03-2024,Nandini Flavoured Milk Badam (200ml),Beverages,Tumakuru,Siddaganga Milk Express Tumakuru,311,35,10885,Supermarket,Net Banking
19-03-2024,Nandini Shubham Milk (1L),Milk,Hubballi,Kittur Distributors Hubballi,221,50,11050,Retail,UPI
19-03-2024,Nandini Set Curd (400g),Fresh Dairy,Hubballi,Kittur Distributors Hubballi,159,40,6360,Hotel / Restaurant,UPI
19-03-2024,Nandini Toned Milk (1L),Milk,Mysuru,Chamundi Agencies Mysuru,1087,42,45654,Hotel / Restaurant,
19-03-2024,Nandini Salted Butter (500g),Ghee & Butter,Bengaluru,Apex Dairy Supplies Bengaluru,82,275,22550,Institution,UPI
19-03-2024,Nandini Milk Peda (250g),Sweets,Bengaluru,Apex Dairy Supplies Bengaluru,122,140,17080,Retail,UPI
19-03-2024,Nandini Gulab Jamun (1kg),Sweets,Kalaburagi,Kalyana Karnataka Foods Kalaburagi,24,260,6240,Retail,
19-03-2024,Nandini Curd (500g),Fresh Dairy,Mangaluru,Coastal Cool Logistics Mangaluru,1262,26,32812,Wholesale,Net Banking
19-03-2024,Nandini Spiced Buttermilk (200ml),Beverages,Davanagere,Central Karnataka Traders Davanagere,978,12,11736,Institution,Net Banking
19-03-2024,Nandini Sweet Lassi (200ml),Beverages,Belagavi,North Karnataka Milk Center Belagavi,217,20,4340,Retail,Cash
19-03-2024,Nandini Milk Peda (250g),Sweets,Shivamogga,Malnad Dairy Network Shivamogga,128,140,17920,Retail,UPI
19-03-2024,Nandini Shubham Milk (1L),Milk,Hubballi,Kittur Distributors Hubballi,290,50,14500,Retail,Net Banking
19-03-2024,Nandini Flavoured Milk Badam (200ml),Beverages,Shivamogga,Malnad Dairy Network Shivamogga,151,35,5285,Retail,Net Banking
19-03-2024,Nandini Pure Ghee (500ml),Ghee & Butter,Bengaluru,Apex Dairy Supplies Bengaluru,208,315,65520,Hotel / Restaurant,UPI
20-03-2024,Nandini Set Curd (400g),Fresh Dairy,Shivamogga,Malnad Dairy Network Shivamogga,251,40,10040,Institution,Cash
20-03-2024,Nandini Pure Ghee (500ml),Ghee & Butter,Hubballi,Kittur Distributors Hubballi,137,315,43155,Supermarket,Cash
20-03-2024,Nandini Flavoured Milk Badam (200ml),Beverages,Bengaluru,Apex Dairy Supplies Bengaluru,464,35,16240,Retail,Distributor Credit
20-03-2024,Nandini Unsalted Butter (500g),Ghee & Butter,Bengaluru,Apex Dairy Supplies Bengaluru,93,280,26040,Retail,UPI
20-03-2024,Nandini Salted Butter (500g),Ghee & Butter,Mysuru,Chamundi Agencies Mysuru,85,275,23375,Retail,UPI
20-03-2024,Nandini Samrudhi Milk (1L),Milk,Ballari,Tungabhadra Dairy Logistics Ballari,334,54,18036,Retail,Net Banking
20-03-2024,Nandini Fresh Paneer (200g),Fresh Dairy,Hubballi,Kittur Distributors Hubballi,309,95,29355,Retail,Net Banking
20-03-2024,  nandini fresh paneer (200g)  ,Fresh Dairy,Kalaburagi,Kalyana Karnataka Foods Kalaburagi,103,95,9785,Hotel / Restaurant,Distributor Credit
20-03-2024,Nandini Toned Milk (1L),Milk,Davanagere,Central Karnataka Traders Davanagere,558,42,23436,Retail,Cash
20-03-2024,Nandini Mysore Pak (250g),Sweets,Bengaluru,Apex Dairy Supplies Bengaluru,52,160,8320,Retail,UPI
20-03-2024,Nandini Kulfi (50ml),Frozen,Mysuru,Chamundi Agencies Mysuru,482,25,12050,Hotel / Restaurant,Cash
20-03-2024,Nandini Fresh Paneer (200g),Fresh Dairy,Bengaluru,Apex Dairy Supplies Bengaluru,320,95,30400,Supermarket,Cash
20-03-2024,Nandini Kulfi (50ml),Frozen,Mysuru,Chamundi Agencies Mysuru,412,25,10300,Hotel / Restaurant,UPI
20-03-2024,Nandini Gulab Jamun (1kg),Sweets,Bengaluru,Apex Dairy Supplies Bengaluru,43,260,11180,Supermarket,Credit Card
20-03-2024,Nandini Milk Peda (250g),Sweets,Belagavi,North Karnataka Milk Center Belagavi,64,140,8960,Supermarket,UPI
21-03-2024,Nandini Milk Peda (250g),Sweets,Bengaluru,Apex Dairy Supplies Bengaluru,77,140,10780,Hotel / Restaurant,UPI
21-03-2024,Nandini Gulab Jamun (1kg),Sweets,Bengaluru,Apex Dairy Supplies Bengaluru,24,260,6240,Retail,UPI
21-03-2024,Nandini Homogenised Cow Milk (1L),Milk,Belagavi,North Karnataka Milk Center Belagavi,677,46,31142,Retail,UPI
21-03-2024,Nandini Curd (500g),Fresh Dairy,Mangaluru,Coastal Cool Logistics Mangaluru,607,26,15782,Supermarket,UPI
21-03-2024,Nandini Shubham Milk (1L),Milk,Bengaluru,Apex Dairy Supplies Bengaluru,301,50,15050,Retail,UPI
21-03-2024,Nandini Gulab Jamun (1kg),Sweets,Bengaluru,Apex Dairy Supplies Bengaluru,123,260,31980,Institution,UPI
21-03-2024,Nandini Pure Ghee (1L),Ghee & Butter,Bengaluru,Apex Dairy Supplies Bengaluru,52,610,31720,Retail,UPI
21-03-2024,Nandini Special Milk (1L),Milk,Ballari,Tungabhadra Dairy Logistics Ballari,562,48,26976,Supermarket,Credit Card
21-03-2024,Nandini Pure Ghee (500ml),Ghee & Butter,Kalaburagi,Kalyana Karnataka Foods Kalaburagi,157,315,49455,Retail,Cash
21-03-2024,Nandini Pure Ghee (500ml),Ghee & Butter,Bengaluru,Apex Dairy Supplies Bengaluru,187,315,58905,Retail,UPI
21-03-2024,Nandini Curd (500g),Fresh Dairy,Mysuru,Chamundi Agencies Mysuru,1455,26,37830,Institution,Cash
21-03-2024,Nandini Kulfi (50ml),Frozen,Bengaluru,Apex Dairy Supplies Bengaluru,527,25,13175,Supermarket,Net Banking
21-03-2024,Nandini Homogenised Cow Milk (1L),Milk,Bengaluru,Apex Dairy Supplies Bengaluru,889,46,40894,Retail,Cash
21-03-2024,  nandini mysore pak (250g)  ,Sweets,Mysuru,Chamundi Agencies Mysuru,243,160,38880,Wholesale,UPI
21-03-2024,Nandini Kulfi (50ml),Frozen,Ballari,Tungabhadra Dairy Logistics Ballari,330,25,8250,Institution,Net Banking
21-03-2024,Nandini Shubham Milk (1L),Milk,Ballari,Tungabhadra Dairy Logistics Ballari,616,50,30800,Wholesale,Credit Card
21-03-2024,Nandini Sweet Lassi (200ml),Beverages,Bengaluru,Apex Dairy Supplies Bengaluru,418,20,8360,Retail,Credit Card
21-03-2024,Nandini Set Curd (400g),Fresh Dairy,Bengaluru,Apex Dairy Supplies Bengaluru,199,40,7960,Retail,Net Banking
21-03-2024,Nandini Kulfi (50ml),Frozen,Bengaluru,Apex Dairy Supplies Bengaluru,444,25,11100,Retail,UPI
21-03-2024,Nandini Mysore Pak (250g),Sweets,Mangaluru,Coastal Cool Logistics Mangaluru,108,160,17280,Retail,Credit Card
21-03-2024,Nandini Set Curd (400g),Fresh Dairy,Bengaluru,Apex Dairy Supplies Bengaluru,330,40,13200,Retail,Credit Card
21-03-2024,Nandini Set Curd (400g),Fresh Dairy,Mangaluru,Coastal Cool Logistics Mangaluru,209,40,8360,Retail,Net Banking
21-03-2024,Nandini Cassata Ice Cream (150ml),Frozen,Bengaluru,Apex Dairy Supplies Bengaluru,313,55,17215,Retail,UPI
21-03-2024,Nandini Flavoured Milk Badam (200ml),Beverages,Mysuru,Chamundi Agencies Mysuru,468,35,16380,Retail,Cash
22-03-2024,Nandini Mysore Pak (250g),Sweets,Belagavi,North Karnataka Milk Center Belagavi,84,160,13440,Retail,UPI
22-03-2024,Nandini Samrudhi Milk (1L),Milk,Ballari,Tungabhadra Dairy Logistics Ballari,560,54,30240,Wholesale,UPI
22-03-2024,Nandini Kulfi (50ml),Frozen,Kalaburagi,Kalyana Karnataka Foods Kalaburagi,386,25,9650,Retail,Cash
22-03-2024,Nandini Kulfi (50ml),Frozen,Bengaluru,Apex Dairy Supplies Bengaluru,720,25,18000,Wholesale,Net Banking
22-03-2024,Nandini Pure Ghee (500ml),Ghee & Butter,Bengaluru,Apex Dairy Supplies Bengaluru,98,315,30870,Wholesale,Credit Card
22-03-2024,Nandini Shubham Milk (1L),Milk,Bengaluru,Apex Dairy Supplies Bengaluru,731,50,36550,Hotel / Restaurant,UPI
22-03-2024,Nandini Spiced Buttermilk (200ml),Beverages,Bengaluru,Apex Dairy Supplies Bengaluru,1133,12,13596,Retail,Net Banking
22-03-2024,Nandini Pure Ghee (1L),Ghee & Butter,Bengaluru,Apex Dairy Supplies Bengaluru,68,610,41480,Supermarket,Distributor Credit
22-03-2024,Nandini Kulfi (50ml),Frozen,Davanagere,Central Karnataka Traders Davanagere,302,25,7550,Institution,Cash
22-03-2024,Nandini Toned Milk (1L),Milk,Mysuru,Chamundi Agencies Mysuru,602,42,25284,Retail,Net Banking
22-03-2024,Nandini Special Milk (1L),Milk,Mangaluru,Coastal Cool Logistics Mangaluru,685,48,32880,Hotel / Restaurant,Net Banking
22-03-2024,Nandini Samrudhi Milk (1L),Milk,Bengaluru,Apex Dairy Supplies Bengaluru,538,54,29052,Institution,Net Banking
22-03-2024,Nandini Cassata Ice Cream (150ml),Frozen,Ballari,Tungabhadra Dairy Logistics Ballari,206,55,11330,Retail,UPI
22-03-2024,Nandini Fresh Paneer (200g),Fresh Dairy,Hubballi,Kittur Distributors Hubballi,180,95,17100,Retail,UPI
22-03-2024,Nandini Toned Milk (1L),Milk,Bengaluru,Apex Dairy Supplies Bengaluru,1081,42,45402,Retail,Cash
22-03-2024,Nandini Flavoured Milk Badam (200ml),Beverages,Hubballi,Kittur Distributors Hubballi,329,35,11515,Supermarket,UPI
23-03-2024,Nandini Milk Peda (250g),Sweets,Hubballi,Kittur Distributors Hubballi,55,140,7700,Supermarket,Net Banking
23-03-2024,Nandini Spiced Buttermilk (200ml),Beverages,Hubballi,Kittur Distributors Hubballi,502,12,6024,Retail,Cash
23-03-2024,Nandini Flavoured Milk Badam (200ml),Beverages,Bengaluru,Apex Dairy Supplies Bengaluru,338,35,11830,Supermarket,Cash
23-03-2024,Nandini Sweet Lassi (200ml),Beverages,Mangaluru,Coastal Cool Logistics Mangaluru,720,20,14400,,Cash
23-03-2024,Nandini Kulfi (50ml),Frozen,Belagavi,North Karnataka Milk Center Belagavi,129,25,3225,Retail,UPI
23-03-2024,Nandini Toned Milk (1L),Milk,Bengaluru,Apex Dairy Supplies Bengaluru,594,42,24948,Retail,UPI
23-03-2024,Nandini Salted Butter (500g),Ghee & Butter,Ballari,Tungabhadra Dairy Logistics Ballari,124,275,34100,Hotel / Restaurant,Net Banking
23-03-2024,Nandini Cassata Ice Cream (150ml),Frozen,Bengaluru,Apex Dairy Supplies Bengaluru,386,55,21230,Wholesale,UPI
23-03-2024,Nandini Gulab Jamun (1kg),Sweets,Mysuru,Chamundi Agencies Mysuru,66,260,17160,Retail,UPI
23-03-2024,Nandini Milk Peda (250g),Sweets,Shivamogga,Malnad Dairy Network Shivamogga,44,140,6160,Supermarket,Cash
23-03-2024,Nandini Fresh Paneer (200g),Fresh Dairy,Hubballi,Kittur Distributors Hubballi,316,95,30020,Retail,Credit Card
23-03-2024,Nandini Samrudhi Milk (1L),Milk,Bengaluru,Apex Dairy Supplies Bengaluru,312,54,16848,Retail,UPI
24-03-2024,  nandini spiced buttermilk (200ml)  ,Beverages,Mysuru,Chamundi Agencies Mysuru,1573,12,18876,Retail,UPI
24-03-2024,Nandini Shubham Milk (1L),Milk,Hubballi,Kittur Distributors Hubballi,153,50,7650,Retail,Net Banking
24-03-2024,Nandini Mysore Pak (250g),Sweets,Bengaluru,Apex Dairy Supplies Bengaluru,91,160,14560,Retail,Net Banking
24-03-2024,Nandini Spiced Buttermilk (200ml),Beverages,Mysuru,Chamundi Agencies Mysuru,1449,12,17388,Hotel / Restaurant,UPI
24-03-2024,Nandini Cassata Ice Cream (150ml),Frozen,Bengaluru,Apex Dairy Supplies Bengaluru,219,55,12045,Retail,Cash
24-03-2024,Nandini Unsalted Butter (500g),Ghee & Butter,Bengaluru,Apex Dairy Supplies Bengaluru,76,280,21280,Wholesale,Cash
24-03-2024,Nandini Flavoured Milk Badam (200ml),Beverages,Davanagere,Central Karnataka Traders Davanagere,558,35,19530,Wholesale,Cash
24-03-2024,Nandini Kulfi (50ml),Frozen,Ballari,Tungabhadra Dairy Logistics Ballari,147,25,3675,Retail,UPI
24-03-2024,Nandini Toned Milk (1L),Milk,Davanagere,Central Karnataka Traders Davanagere,965,42,40530,Retail,UPI
24-03-2024,Nandini Samrudhi Milk (1L),Milk,Mangaluru,Coastal Cool Logistics Mangaluru,170,54,9180,Retail,UPI
24-03-2024,Nandini Kulfi (50ml),Frozen,Bengaluru,Apex Dairy Supplies Bengaluru,231,25,5775,Retail,UPI
24-03-2024,Nandini Shubham Milk (1L),Milk,Ballari,Tungabhadra Dairy Logistics Ballari,431,50,21550,Supermarket,Cash
24-03-2024,Nandini Samrudhi Milk (1L),Milk,Hubballi,Kittur Distributors Hubballi,218,54,11772,Wholesale,UPI
24-03-2024,Nandini Sweet Lassi (200ml),Beverages,Belagavi,North Karnataka Milk Center Belagavi,330,20,6600,Hotel / Restaurant,Cash
25-03-2024,Nandini Mysore Pak (250g),Sweets,Bengaluru,Apex Dairy Supplies Bengaluru,189,160,30240,Wholesale,UPI
25-03-2024,Nandini Set Curd (400g),Fresh Dairy,Bengaluru,Apex Dairy Supplies Bengaluru,519,40,20760,Institution,Net Banking
25-03-2024,Nandini Milk Peda (250g),Sweets,Bengaluru,Apex Dairy Supplies Bengaluru,145,140,20300,Retail,UPI
25-03-2024,Nandini Samrudhi Milk (1L),Milk,Bengaluru,Apex Dairy Supplies Bengaluru,296,54,15984,Retail,UPI
25-03-2024,Nandini Pure Ghee (500ml),Ghee & Butter,Mysuru,Chamundi Agencies Mysuru,151,315,47565,Retail,Credit Card
25-03-2024,Nandini Spiced Buttermilk (200ml),Beverages,Kalaburagi,Kalyana Karnataka Foods Kalaburagi,922,12,11064,Supermarket,Net Banking
25-03-2024,Nandini Milk Peda (250g),Sweets,Bengaluru,Apex Dairy Supplies Bengaluru,169,140,23660,Retail,Net Banking
25-03-2024,Nandini Samrudhi Milk (1L),Milk,Mysuru,Chamundi Agencies Mysuru,231,54,12474,Hotel / Restaurant,UPI
25-03-2024,Nandini Cassata Ice Cream (150ml),Frozen,Mangaluru,Coastal Cool Logistics Mangaluru,158,55,8690,Hotel / Restaurant,Cash
25-03-2024,Nandini Flavoured Milk Badam (200ml),Beverages,Belagavi,North Karnataka Milk Center Belagavi,324,35,11340,Retail,Cash
25-03-2024,Nandini Flavoured Milk Badam (200ml),Beverages,Davanagere,Central Karnataka Traders Davanagere,172,35,6020,Retail,Net Banking
25-03-2024,Nandini Special Milk (1L),Milk,Mangaluru,Coastal Cool Logistics Mangaluru,528,48,25344,Retail,UPI
25-03-2024,Nandini Salted Butter (500g),Ghee & Butter,Hubballi,Kittur Distributors Hubballi,184,275,50600,Hotel / Restaurant,UPI
25-03-2024,Nandini Spiced Buttermilk (200ml),Beverages,Bengaluru,Apex Dairy Supplies Bengaluru,1306,12,15672,Supermarket,UPI
25-03-2024,Nandini Milk Peda (250g),Sweets,Bengaluru,Apex Dairy Supplies Bengaluru,89,140,12460,Retail,
25-03-2024,Nandini Salted Butter (500g),Ghee & Butter,Hubballi,Kittur Distributors Hubballi,118,275,32450,Retail,Credit Card
25-03-2024,Nandini Set Curd (400g),Fresh Dairy,Mangaluru,Coastal Cool Logistics Mangaluru,125,40,5000,Wholesale,Net Banking
25-03-2024,Nandini Sweet Lassi (200ml),Beverages,Mysuru,Chamundi Agencies Mysuru,838,20,16760,Retail,UPI
26-03-2024,Nandini Shubham Milk (1L),Milk,Hubballi,Kittur Distributors Hubballi,447,50,22350,Institution,UPI
26-03-2024,Nandini Pure Ghee (1L),Ghee & Butter,Hubballi,Kittur Distributors Hubballi,94,610,57340,Retail,Net Banking
26-03-2024,Nandini Milk Peda (250g),Sweets,Mysuru,Chamundi Agencies Mysuru,93,140,13020,Supermarket,UPI
26-03-2024,Nandini Shubham Milk (1L),Milk,Hubballi,Kittur Distributors Hubballi,353,50,17650,Retail,Net Banking
26-03-2024,Nandini Mysore Pak (250g),Sweets,Shivamogga,Malnad Dairy Network Shivamogga,51,160,8160,Supermarket,Distributor Credit
26-03-2024,Nandini Spiced Buttermilk (200ml),Beverages,Ballari,Tungabhadra Dairy Logistics Ballari,995,12,11940,Retail,UPI
26-03-2024,Nandini Samrudhi Milk (1L),Milk,Bengaluru,Apex Dairy Supplies Bengaluru,178,54,9612,Retail,Net Banking
26-03-2024,Nandini Set Curd (400g),Fresh Dairy,Mysuru,Chamundi Agencies Mysuru,220,40,8800,Retail,Cash
26-03-2024,Nandini Samrudhi Milk (1L),Milk,Mysuru,Chamundi Agencies Mysuru,143,54,7722,Retail,UPI
26-03-2024,Nandini Pure Ghee (1L),Ghee & Butter,Bengaluru,Apex Dairy Supplies Bengaluru,166,610,101260,Wholesale,Cash
26-03-2024,Nandini Unsalted Butter (500g),Ghee & Butter,Hubballi,Kittur Distributors Hubballi,21,280,5880,Supermarket,Cash
26-03-2024,Nandini Shubham Milk (1L),Milk,Hubballi,Kittur Distributors Hubballi,312,50,15600,Wholesale,UPI
26-03-2024,Nandini Mysore Pak (250g),Sweets,Ballari,Tungabhadra Dairy Logistics Ballari,103,160,16480,Supermarket,Cash
26-03-2024,Nandini Mysore Pak (250g),Sweets,Tumakuru,Siddaganga Milk Express Tumakuru,113,160,18080,Retail,UPI
26-03-2024,Nandini Spiced Buttermilk (200ml),Beverages,Belagavi,North Karnataka Milk Center Belagavi,607,12,7284,Retail,UPI
26-03-2024,Nandini Shubham Milk (1L),Milk,Mangaluru,Coastal Cool Logistics Mangaluru,234,50,11700,Supermarket,UPI
26-03-2024,Nandini Gulab Jamun (1kg),Sweets,Bengaluru,Apex Dairy Supplies Bengaluru,88,260,22880,Retail,Credit Card
26-03-2024,Nandini Curd (500g),Fresh Dairy,Bengaluru,Apex Dairy Supplies Bengaluru,1069,26,27794,Hotel / Restaurant,Cash
27-03-2024,Nandini Sweet Lassi (200ml),Beverages,Mangaluru,Coastal Cool Logistics Mangaluru,628,20,12560,Supermarket,Net Banking
27-03-2024,Nandini Salted Butter (500g),Ghee & Butter,Shivamogga,Malnad Dairy Network Shivamogga,63,275,17325,Supermarket,UPI
27-03-2024,Nandini Curd (500g),Fresh Dairy,Hubballi,Kittur Distributors Hubballi,1223,26,31798,Wholesale,Cash
27-03-2024,Nandini Spiced Buttermilk (200ml),Beverages,Belagavi,North Karnataka Milk Center Belagavi,1795,12,21540,Hotel / Restaurant,Net Banking
27-03-2024,Nandini Shubham Milk (1L),Milk,Shivamogga,Malnad Dairy Network Shivamogga,553,50,27650,Institution,UPI
27-03-2024,Nandini Milk Peda (250g),Sweets,Mangaluru,Coastal Cool Logistics Mangaluru,75,140,10500,Retail,UPI
27-03-2024,Nandini Spiced Buttermilk (200ml),Beverages,Bengaluru,Apex Dairy Supplies Bengaluru,1224,12,14688,Hotel / Restaurant,Net Banking
27-03-2024,Nandini Milk Peda (250g),Sweets,Bengaluru,Apex Dairy Supplies Bengaluru,44,140,6160,Retail,UPI
27-03-2024,Nandini Flavoured Milk Badam (200ml),Beverages,Belagavi,North Karnataka Milk Center Belagavi,287,35,10045,Retail,Credit Card
27-03-2024,Nandini Spiced Buttermilk (200ml),Beverages,Bengaluru,Apex Dairy Supplies Bengaluru,1088,12,13056,Supermarket,Distributor Credit
27-03-2024,Nandini Flavoured Milk Badam (200ml),Beverages,Davanagere,Central Karnataka Traders Davanagere,124,35,4340,Retail,UPI
27-03-2024,Nandini Homogenised Cow Milk (1L),Milk,Mangaluru,Coastal Cool Logistics Mangaluru,249,46,11454,Retail,UPI
27-03-2024,Nandini Flavoured Milk Badam (200ml),Beverages,Bengaluru,Apex Dairy Supplies Bengaluru,591,35,20685,Retail,Net Banking
27-03-2024,Nandini Cassata Ice Cream (150ml),Frozen,Mangaluru,Coastal Cool Logistics Mangaluru,340,55,18700,Hotel / Restaurant,Cash
27-03-2024,Nandini Toned Milk (1L),Milk,Davanagere,Central Karnataka Traders Davanagere,931,42,39102,Supermarket,UPI
28-03-2024,Nandini Cassata Ice Cream (150ml),Frozen,Kalaburagi,Kalyana Karnataka Foods Kalaburagi,221,55,12155,Hotel / Restaurant,Credit Card
28-03-2024,Nandini Curd (500g),Fresh Dairy,Davanagere,Central Karnataka Traders Davanagere,771,26,20046,Retail,Distributor Credit
28-03-2024,Nandini Gulab Jamun (1kg),Sweets,Kalaburagi,Kalyana Karnataka Foods Kalaburagi,35,260,9100,Retail,UPI
28-03-2024,Nandini Set Curd (400g),Fresh Dairy,Belagavi,North Karnataka Milk Center Belagavi,267,40,10680,Retail,UPI
28-03-2024,Nandini Toned Milk (1L),Milk,Mysuru,Chamundi Agencies Mysuru,679,42,28518,Retail,Distributor Credit
28-03-2024,Nandini Gulab Jamun (1kg),Sweets,Bengaluru,Apex Dairy Supplies Bengaluru,43,260,11180,Retail,Net Banking
28-03-2024,Nandini Kulfi (50ml),Frozen,Shivamogga,Malnad Dairy Network Shivamogga,317,25,7925,Retail,UPI
28-03-2024,Nandini Unsalted Butter (500g),Ghee & Butter,Bengaluru,Apex Dairy Supplies Bengaluru,40,280,11200,Hotel / Restaurant,UPI
28-03-2024,Nandini Homogenised Cow Milk (1L),Milk,Bengaluru,Apex Dairy Supplies Bengaluru,752,46,34592,Retail,UPI
28-03-2024,Nandini Fresh Paneer (200g),Fresh Dairy,Bengaluru,Apex Dairy Supplies Bengaluru,301,95,28595,Wholesale,Distributor Credit
28-03-2024,Nandini Set Curd (400g),Fresh Dairy,Davanagere,Central Karnataka Traders Davanagere,108,40,4320,Supermarket,Cash
28-03-2024,Nandini Set Curd (400g),Fresh Dairy,Bengaluru,Apex Dairy Supplies Bengaluru,213,40,8520,Retail,UPI
29-03-2024,Nandini Curd (500g),Fresh Dairy,Ballari,Tungabhadra Dairy Logistics Ballari,834,26,21684,Wholesale,UPI
29-03-2024,Nandini Cassata Ice Cream (150ml),Frozen,Bengaluru,Apex Dairy Supplies Bengaluru,227,55,12485,Retail,UPI
29-03-2024,Nandini Curd (500g),Fresh Dairy,Bengaluru,Apex Dairy Supplies Bengaluru,719,26,18694,Retail,UPI
29-03-2024,Nandini Sweet Lassi (200ml),Beverages,Bengaluru,Apex Dairy Supplies Bengaluru,998,20,19960,Retail,Net Banking
29-03-2024,Nandini Spiced Buttermilk (200ml),Beverages,Shivamogga,Malnad Dairy Network Shivamogga,583,12,6996,Retail,Net Banking
29-03-2024,Nandini Toned Milk (1L),Milk,Bengaluru,Apex Dairy Supplies Bengaluru,864,42,36288,Supermarket,UPI
29-03-2024,Nandini Spiced Buttermilk (200ml),Beverages,Bengaluru,Apex Dairy Supplies Bengaluru,1388,12,16656,Retail,UPI
29-03-2024,Nandini Pure Ghee (1L),Ghee & Butter,Bengaluru,Apex Dairy Supplies Bengaluru,63,610,38430,Retail,Distributor Credit
29-03-2024,Nandini Kulfi (50ml),Frozen,Shivamogga,Malnad Dairy Network Shivamogga,596,25,14900,Wholesale,Cash
29-03-2024,Nandini Curd (500g),Fresh Dairy,Bengaluru,Apex Dairy Supplies Bengaluru,610,26,15860,Hotel / Restaurant,UPI
29-03-2024,Nandini Salted Butter (500g),Ghee & Butter,Bengaluru,Apex Dairy Supplies Bengaluru,87,275,23925,Retail,UPI
29-03-2024,Nandini Fresh Paneer (200g),Fresh Dairy,Ballari,Tungabhadra Dairy Logistics Ballari,297,95,28215,Wholesale,Cash
29-03-2024,Nandini Flavoured Milk Badam (200ml),Beverages,Bengaluru,Apex Dairy Supplies Bengaluru,237,35,8295,Supermarket,UPI
29-03-2024,Nandini Samrudhi Milk (1L),Milk,Shivamogga,Malnad Dairy Network Shivamogga,118,54,6372,Supermarket,Cash
30-03-2024,Nandini Sweet Lassi (200ml),Beverages,Bengaluru,Apex Dairy Supplies Bengaluru,438,20,8760,Retail,UPI
30-03-2024,Nandini Shubham Milk (1L),Milk,Mysuru,Chamundi Agencies Mysuru,410,50,20500,Retail,UPI
30-03-2024,Nandini Kulfi (50ml),Frozen,mysuru ,Chamundi Agencies Mysuru,482,25,12050,Supermarket,UPI
30-03-2024,Nandini Samrudhi Milk (1L),Milk,Bengaluru,Apex Dairy Supplies Bengaluru,650,54,35100,Wholesale,Credit Card
30-03-2024,Nandini Homogenised Cow Milk (1L),Milk,Kalaburagi,Kalyana Karnataka Foods Kalaburagi,737,46,33902,Wholesale,Cash
30-03-2024,Nandini Kulfi (50ml),Frozen,Belagavi,North Karnataka Milk Center Belagavi,263,25,6575,Retail,Cash
30-03-2024,Nandini Milk Peda (250g),Sweets,Bengaluru,Apex Dairy Supplies Bengaluru,94,140,13160,Wholesale,UPI
30-03-2024,Nandini Set Curd (400g),Fresh Dairy,Belagavi,North Karnataka Milk Center Belagavi,128,40,5120,Retail,UPI
30-03-2024,Nandini Toned Milk (1L),Milk,Ballari,Tungabhadra Dairy Logistics Ballari,1103,42,46326,Retail,Net Banking
30-03-2024,Nandini Kulfi (50ml),Frozen,bengaluru ,Apex Dairy Supplies Bengaluru,806,25,20150,Hotel / Restaurant,UPI
31-03-2024,Nandini Homogenised Cow Milk (1L),Milk,Shivamogga,Malnad Dairy Network Shivamogga,738,46,33948,Retail,Net Banking
31-03-2024,Nandini Homogenised Cow Milk (1L),Milk,Bengaluru,Apex Dairy Supplies Bengaluru,336,46,15456,Supermarket,UPI
31-03-2024,Nandini Curd (500g),Fresh Dairy,Mangaluru,Coastal Cool Logistics Mangaluru,1551,26,40326,Wholesale,UPI
31-03-2024,Nandini Samrudhi Milk (1L),Milk,Bengaluru,Apex Dairy Supplies Bengaluru,176,54,9504,Supermarket,Net Banking
31-03-2024,Nandini Toned Milk (1L),Milk,Mysuru,Chamundi Agencies Mysuru,1445,42,60690,Hotel / Restaurant,Cash
31-03-2024,Nandini Samrudhi Milk (1L),Milk,Hubballi,Kittur Distributors Hubballi,277,54,14958,Retail,Cash
31-03-2024,Nandini Mysore Pak (250g),Sweets,Bengaluru,Apex Dairy Supplies Bengaluru,198,160,31680,Hotel / Restaurant,UPI
31-03-2024,Nandini Sweet Lassi (200ml),Beverages,Bengaluru,Apex Dairy Supplies Bengaluru,654,20,13080,Wholesale,Cash
31-03-2024,Nandini Milk Peda (250g),Sweets,Mysuru,Chamundi Agencies Mysuru,152,140,21280,Retail,Credit Card
31-03-2024,Nandini Shubham Milk (1L),Milk,Davanagere,Central Karnataka Traders Davanagere,366,50,18300,Wholesale,UPI
31-03-2024,Nandini Pure Ghee (500ml),Ghee & Butter,Davanagere,Central Karnataka Traders Davanagere,112,315,35280,Retail,Credit Card
01-04-2024,Nandini Pure Ghee (500ml),Ghee & Butter,Tumakuru,Siddaganga Milk Express Tumakuru,97,315,30555,Retail,Distributor Credit
01-04-2024,Nandini Shubham Milk (1L),Milk,Bengaluru,Apex Dairy Supplies Bengaluru,266,50,13300,Retail,Net Banking
01-04-2024,Nandini Mysore Pak (250g),Sweets,Mysuru,Chamundi Agencies Mysuru,62,160,9920,Supermarket,UPI
01-04-2024,Nandini Spiced Buttermilk (200ml),Beverages,Mysuru,Chamundi Agencies Mysuru,679,12,8148,Retail,UPI
01-04-2024,Nandini Unsalted Butter (500g),Ghee & Butter,Mangaluru,Coastal Cool Logistics Mangaluru,90,280,25200,Institution,Distributor Credit
01-04-2024,Nandini Cassata Ice Cream (150ml),Frozen,Mangaluru,Coastal Cool Logistics Mangaluru,229,55,12595,Retail,Distributor Credit
01-04-2024,Nandini Homogenised Cow Milk (1L),Milk,Ballari,Tungabhadra Dairy Logistics Ballari,1599,46,73554,Institution,Credit Card
01-04-2024,Nandini Spiced Buttermilk (200ml),Beverages,Bengaluru,Apex Dairy Supplies Bengaluru,1503,12,18036,Supermarket,UPI
01-04-2024,Nandini Pure Ghee (500ml),Ghee & Butter,Davanagere,Central Karnataka Traders Davanagere,114,315,35910,Retail,Cash
01-04-2024,Nandini Unsalted Butter (500g),Ghee & Butter,Hubballi,Kittur Distributors Hubballi,134,280,37520,Wholesale,UPI
01-04-2024,Nandini Samrudhi Milk (1L),Milk,Kalaburagi,Kalyana Karnataka Foods Kalaburagi,245,54,13230,Retail,Net Banking
01-04-2024,Nandini Unsalted Butter (500g),Ghee & Butter,Bengaluru,Apex Dairy Supplies Bengaluru,186,280,52080,Wholesale,Net Banking
01-04-2024,Nandini Samrudhi Milk (1L),Milk,Ballari,Tungabhadra Dairy Logistics Ballari,317,54,17118,Hotel / Restaurant,Cash
02-04-2024,Nandini Cassata Ice Cream (150ml),Frozen,Kalaburagi,Kalyana Karnataka Foods Kalaburagi,301,55,16555,Hotel / Restaurant,Cash
02-04-2024,Nandini Flavoured Milk Badam (200ml),Beverages,Hubballi,Kittur Distributors Hubballi,185,35,6475,Retail,Net Banking
02-04-2024,Nandini Pure Ghee (1L),Ghee & Butter,Hubballi,Kittur Distributors Hubballi,38,610,23180,Hotel / Restaurant,Credit Card
02-04-2024,Nandini Pure Ghee (500ml),Ghee & Butter,Mysuru,Chamundi Agencies Mysuru,236,315,74340,Institution,Net Banking
02-04-2024,Nandini Homogenised Cow Milk (1L),Milk,Kalaburagi,Kalyana Karnataka Foods Kalaburagi,958,46,44068,Institution,Distributor Credit
02-04-2024,Nandini Toned Milk (1L),Milk,Bengaluru,Apex Dairy Supplies Bengaluru,626,42,26292,Hotel / Restaurant,UPI
02-04-2024,Nandini Homogenised Cow Milk (1L),Milk,Bengaluru,Apex Dairy Supplies Bengaluru,581,46,26726,Retail,UPI
02-04-2024,Nandini Toned Milk (1L),Milk,Mangaluru,Coastal Cool Logistics Mangaluru,652,42,27384,Retail,UPI
02-04-2024,Nandini Flavoured Milk Badam (200ml),Beverages,Bengaluru,Apex Dairy Supplies Bengaluru,232,35,8120,Retail,UPI
02-04-2024,Nandini Toned Milk (1L),Milk,Ballari,Tungabhadra Dairy Logistics Ballari,623,42,26166,Retail,Net Banking
02-04-2024,Nandini Cassata Ice Cream (150ml),Frozen,Bengaluru,Apex Dairy Supplies Bengaluru,284,55,15620,Retail,UPI
02-04-2024,Nandini Pure Ghee (500ml),Ghee & Butter,Bengaluru,Apex Dairy Supplies Bengaluru,63,315,19845,Retail,UPI
02-04-2024,Nandini Sweet Lassi (200ml),Beverages,Bengaluru,Apex Dairy Supplies Bengaluru,713,20,14260,Retail,Net Banking
02-04-2024,Nandini Special Milk (1L),Milk,Mangaluru,Coastal Cool Logistics Mangaluru,487,48,23376,Wholesale,UPI
02-04-2024,Nandini Samrudhi Milk (1L),Milk,Belagavi,North Karnataka Milk Center Belagavi,242,54,13068,Retail,Net Banking
02-04-2024,Nandini Curd (500g),Fresh Dairy,Bengaluru,Apex Dairy Supplies Bengaluru,1096,26,28496,Retail,Credit Card
02-04-2024,Nandini Kulfi (50ml),Frozen,Belagavi,North Karnataka Milk Center Belagavi,186,25,4650,Retail,Distributor Credit
03-04-2024,Nandini Pure Ghee (1L),Ghee & Butter,Mysuru,Chamundi Agencies Mysuru,60,610,36600,Retail,Credit Card
03-04-2024,Nandini Milk Peda (250g),Sweets,Hubballi,Kittur Distributors Hubballi,88,140,12320,Retail,Cash
03-04-2024,Nandini Flavoured Milk Badam (200ml),Beverages,Mysuru,Chamundi Agencies Mysuru,342,35,11970,Supermarket,UPI
03-04-2024,Nandini Homogenised Cow Milk (1L),Milk,Bengaluru,Apex Dairy Supplies Bengaluru,1643,46,75578,Wholesale,UPI
03-04-2024,Nandini Pure Ghee (1L),Ghee & Butter,Bengaluru,Apex Dairy Supplies Bengaluru,106,610,64660,Wholesale,Credit Card
03-04-2024,Nandini Shubham Milk (1L),Milk,Mysuru,Chamundi Agencies Mysuru,460,50,23000,Supermarket,Net Banking
03-04-2024,Nandini Sweet Lassi (200ml),Beverages,Mangaluru,Coastal Cool Logistics Mangaluru,449,20,8980,Retail,Net Banking
03-04-2024,Nandini Flavoured Milk Badam (200ml),Beverages,Mysuru,Chamundi Agencies Mysuru,829,35,29015,Wholesale,Net Banking
03-04-2024,Nandini Homogenised Cow Milk (1L),Milk,Shivamogga,Malnad Dairy Network Shivamogga,436,46,20056,Retail,Net Banking
03-04-2024,Nandini Curd (500g),Fresh Dairy,Mysuru,Chamundi Agencies Mysuru,913,26,23738,Supermarket,Distributor Credit
03-04-2024,Nandini Pure Ghee (500ml),Ghee & Butter,Bengaluru,Apex Dairy Supplies Bengaluru,123,315,38745,Wholesale,Distributor Credit
04-04-2024,Nandini Mysore Pak (250g),Sweets,Tumakuru,Siddaganga Milk Express Tumakuru,101,160,16160,Hotel / Restaurant,UPI
04-04-2024,Nandini Cassata Ice Cream (150ml),Frozen,Bengaluru,Apex Dairy Supplies Bengaluru,262,55,14410,Retail,Net Banking
04-04-2024,Nandini Samrudhi Milk (1L),Milk,Mangaluru,Coastal Cool Logistics Mangaluru,85,54,4590,Retail,Net Banking
04-04-2024,Nandini Mysore Pak (250g),Sweets,Bengaluru,Apex Dairy Supplies Bengaluru,96,160,15360,Retail,UPI
04-04-2024,Nandini Set Curd (400g),Fresh Dairy,Bengaluru,Apex Dairy Supplies Bengaluru,192,40,7680,Supermarket,Cash
04-04-2024,Nandini Milk Peda (250g),Sweets,Mangaluru,Coastal Cool Logistics Mangaluru,96,140,13440,Retail,UPI
04-04-2024,Nandini Shubham Milk (1L),Milk,Belagavi,North Karnataka Milk Center Belagavi,202,50,10100,Retail,Net Banking
04-04-2024,Nandini Pure Ghee (500ml),Ghee & Butter,Bengaluru,Apex Dairy Supplies Bengaluru,315,315,99225,Wholesale,UPI
04-04-2024,Nandini Mysore Pak (250g),Sweets,Mysuru,Chamundi Agencies Mysuru,102,160,16320,Retail,UPI
04-04-2024,Nandini Unsalted Butter (500g),Ghee & Butter,Mysuru,Chamundi Agencies Mysuru,41,280,11480,Retail,UPI
04-04-2024,Nandini Spiced Buttermilk (200ml),Beverages,Bengaluru,Apex Dairy Supplies Bengaluru,1805,12,21660,Wholesale,Distributor Credit
04-04-2024,Nandini Special Milk (1L),Milk,Mysuru,Chamundi Agencies Mysuru,427,48,20496,Retail,UPI
04-04-2024,Nandini Shubham Milk (1L),Milk,Ballari,Tungabhadra Dairy Logistics Ballari,333,50,16650,Retail,UPI
04-04-2024,Nandini Shubham Milk (1L),Milk,Hubballi,Kittur Distributors Hubballi,244,50,12200,Retail,Net Banking
05-04-2024,Nandini Unsalted Butter (500g),Ghee & Butter,Bengaluru,Apex Dairy Supplies Bengaluru,39,280,10920,Hotel / Restaurant,Distributor Credit
05-04-2024,Nandini Special Milk (1L),Milk,Bengaluru,Apex Dairy Supplies Bengaluru,587,48,28176,Retail,Net Banking
05-04-2024,Nandini Special Milk (1L),Milk,Bengaluru,Apex Dairy Supplies Bengaluru,396,48,19008,Supermarket,UPI
05-04-2024,Nandini Unsalted Butter (500g),Ghee & Butter,Belagavi,North Karnataka Milk Center Belagavi,62,280,17360,Supermarket,Cash
05-04-2024,Nandini Toned Milk (1L),Milk,Bengaluru,Apex Dairy Supplies Bengaluru,1120,42,47040,Hotel / Restaurant,Cash
05-04-2024,Nandini Kulfi (50ml),Frozen,Bengaluru,Apex Dairy Supplies Bengaluru,561,25,14025,Supermarket,UPI
05-04-2024,Nandini Special Milk (1L),Milk,Bengaluru,Apex Dairy Supplies Bengaluru,448,48,21504,Institution,UPI
05-04-2024,Nandini Toned Milk (1L),Milk,Bengaluru,Apex Dairy Supplies Bengaluru,668,42,28056,Retail,UPI
05-04-2024,Nandini Shubham Milk (1L),Milk,Mangaluru,Coastal Cool Logistics Mangaluru,312,50,15600,Retail,Distributor Credit
05-04-2024,Nandini Sweet Lassi (200ml),Beverages,Mysuru,Chamundi Agencies Mysuru,473,20,9460,Supermarket,UPI
05-04-2024,Nandini Kulfi (50ml),Frozen,Bengaluru,Apex Dairy Supplies Bengaluru,336,25,8400,Supermarket,UPI
05-04-2024,Nandini Sweet Lassi (200ml),Beverages,Mysuru,Chamundi Agencies Mysuru,265,20,5300,Retail,Cash
06-04-2024,Nandini Shubham Milk (1L),Milk,Shivamogga,Malnad Dairy Network Shivamogga,276,50,13800,Wholesale,UPI
06-04-2024,Nandini Pure Ghee (500ml),Ghee & Butter,Bengaluru,Apex Dairy Supplies Bengaluru,48,315,15120,Retail,Cash
06-04-2024,Nandini Samrudhi Milk (1L),Milk,Bengaluru,Apex Dairy Supplies Bengaluru,262,54,14148,Institution,UPI
06-04-2024,Nandini Shubham Milk (1L),Milk,Belagavi,North Karnataka Milk Center Belagavi,314,50,15700,Retail,UPI
06-04-2024,Nandini Gulab Jamun (1kg),Sweets,Mysuru,Chamundi Agencies Mysuru,99,260,25740,Retail,UPI
06-04-2024,Nandini Cassata Ice Cream (150ml),Frozen,Mysuru,Chamundi Agencies Mysuru,188,55,10340,Supermarket,Net Banking
06-04-2024,Nandini Fresh Paneer (200g),Fresh Dairy,Bengaluru,Apex Dairy Supplies Bengaluru,335,95,31825,Institution,UPI
06-04-2024,Nandini Flavoured Milk Badam (200ml),Beverages,Belagavi,North Karnataka Milk Center Belagavi,131,35,4585,Supermarket,Distributor Credit
06-04-2024,Nandini Fresh Paneer (200g),Fresh Dairy,Mysuru,Chamundi Agencies Mysuru,132,95,12540,Supermarket,UPI
06-04-2024,Nandini Fresh Paneer (200g),Fresh Dairy,Bengaluru,Apex Dairy Supplies Bengaluru,349,95,33155,Wholesale,Net Banking
07-04-2024,Nandini Homogenised Cow Milk (1L),Milk,Bengaluru,Apex Dairy Supplies Bengaluru,941,46,43286,Supermarket,UPI
07-04-2024,Nandini Pure Ghee (500ml),Ghee & Butter,Bengaluru,Apex Dairy Supplies Bengaluru,154,315,48510,Supermarket,UPI
07-04-2024,Nandini Shubham Milk (1L),Milk,Ballari,Tungabhadra Dairy Logistics Ballari,708,50,35400,Hotel / Restaurant,Cash
07-04-2024,Nandini Gulab Jamun (1kg),Sweets,Mysuru,Chamundi Agencies Mysuru,116,260,30160,Hotel / Restaurant,Net Banking
07-04-2024,Nandini Fresh Paneer (200g),Fresh Dairy,Mysuru,Chamundi Agencies Mysuru,343,95,32585,Wholesale,Credit Card
07-04-2024,Nandini Mysore Pak (250g),Sweets,Hubballi,Kittur Distributors Hubballi,147,160,23520,Retail,UPI
07-04-2024,Nandini Set Curd (400g),Fresh Dairy,Bengaluru,Apex Dairy Supplies Bengaluru,196,40,7840,Supermarket,Net Banking
07-04-2024,Nandini Spiced Buttermilk (200ml),Beverages,Ballari,Tungabhadra Dairy Logistics Ballari,1592,12,19104,Wholesale,UPI
07-04-2024,Nandini Toned Milk (1L),Milk,Shivamogga,Malnad Dairy Network Shivamogga,1406,42,59052,Wholesale,Cash
07-04-2024,Nandini Flavoured Milk Badam (200ml),Beverages,Bengaluru,Apex Dairy Supplies Bengaluru,833,35,29155,Wholesale,UPI
07-04-2024,Nandini Homogenised Cow Milk (1L),Milk,Belagavi,North Karnataka Milk Center Belagavi,662,46,30452,Supermarket,UPI
07-04-2024,Nandini Unsalted Butter (500g),Ghee & Butter,Hubballi,Kittur Distributors Hubballi,67,280,18760,Wholesale,Net Banking
07-04-2024,Nandini Toned Milk (1L),Milk,Ballari,Tungabhadra Dairy Logistics Ballari,1528,42,64176,Hotel / Restaurant,Credit Card
08-04-2024,Nandini Cassata Ice Cream (150ml),Frozen,Bengaluru,Apex Dairy Supplies Bengaluru,108,55,5940,Retail,Net Banking
08-04-2024,Nandini Special Milk (1L),Milk,Mangaluru,Coastal Cool Logistics Mangaluru,555,48,26640,Institution,UPI
08-04-2024,Nandini Samrudhi Milk (1L),Milk,Bengaluru,Apex Dairy Supplies Bengaluru,189,54,10206,Retail,UPI
08-04-2024,Nandini Salted Butter (500g),Ghee & Butter,Bengaluru,Apex Dairy Supplies Bengaluru,97,275,26675,Supermarket,Net Banking
08-04-2024,Nandini Spiced Buttermilk (200ml),Beverages,Mysuru,Chamundi Agencies Mysuru,2855,12,34260,Institution,Credit Card
08-04-2024,Nandini Toned Milk (1L),Milk,Bengaluru,Apex Dairy Supplies Bengaluru,662,42,27804,Retail,Cash
08-04-2024,Nandini Gulab Jamun (1kg),Sweets,Davanagere,Central Karnataka Traders Davanagere,59,260,15340,Institution,Credit Card
08-04-2024,Nandini Pure Ghee (500ml),Ghee & Butter,Mangaluru,Coastal Cool Logistics Mangaluru,76,315,23940,Retail,Net Banking
08-04-2024,Nandini Shubham Milk (1L),Milk,Mysuru,Chamundi Agencies Mysuru,201,50,10050,Retail,Cash
08-04-2024,Nandini Pure Ghee (1L),Ghee & Butter,Hubballi,Kittur Distributors Hubballi,75,610,45750,Retail,Distributor Credit
09-04-2024,Nandini Kulfi (50ml),Frozen,Bengaluru,Apex Dairy Supplies Bengaluru,390,25,9750,Supermarket,UPI
09-04-2024,Nandini Pure Ghee (500ml),Ghee & Butter,Mysuru,Chamundi Agencies Mysuru,125,315,39375,Retail,UPI
09-04-2024,  nandini curd (500g)  ,Fresh Dairy,Bengaluru,Apex Dairy Supplies Bengaluru,1136,26,29536,Retail,Distributor Credit
09-04-2024,Nandini Toned Milk (1L),Milk,Bengaluru,Apex Dairy Supplies Bengaluru,1145,42,48090,Supermarket,UPI
09-04-2024,Nandini Flavoured Milk Badam (200ml),Beverages,Bengaluru,Apex Dairy Supplies Bengaluru,533,35,18655,Supermarket,UPI
09-04-2024,Nandini Kulfi (50ml),Frozen,Mangaluru,Coastal Cool Logistics Mangaluru,693,25,17325,Wholesale,Net Banking
09-04-2024,Nandini Toned Milk (1L),Milk,Mysuru,Chamundi Agencies Mysuru,691,42,29022,Retail,Credit Card
09-04-2024,Nandini Spiced Buttermilk (200ml),Beverages,Belagavi,North Karnataka Milk Center Belagavi,1055,12,12660,Supermarket,Net Banking
09-04-2024,Nandini Shubham Milk (1L),Milk,Bengaluru,Apex Dairy Supplies Bengaluru,228,50,11400,Retail,Cash
09-04-2024,Nandini Milk Peda (250g),Sweets,Hubballi,Kittur Distributors Hubballi,89,140,12460,Retail,UPI
09-04-2024,Nandini Sweet Lassi (200ml),Beverages,Bengaluru,Apex Dairy Supplies Bengaluru,779,20,15580,Retail,Cash
09-04-2024,Nandini Fresh Paneer (200g),Fresh Dairy,Bengaluru,Apex Dairy Supplies Bengaluru,268,95,25460,Supermarket,UPI
09-04-2024,Nandini Unsalted Butter (500g),Ghee & Butter,Bengaluru,Apex Dairy Supplies Bengaluru,49,280,13720,Retail,UPI
09-04-2024,Nandini Toned Milk (1L),Milk,Belagavi,North Karnataka Milk Center Belagavi,1640,42,68880,Wholesale,UPI
09-04-2024,Nandini Samrudhi Milk (1L),Milk,Kalaburagi,Kalyana Karnataka Foods Kalaburagi,237,54,12798,Hotel / Restaurant,Distributor Credit
09-04-2024,Nandini Fresh Paneer (200g),Fresh Dairy,Belagavi,North Karnataka Milk Center Belagavi,122,95,11590,Retail,UPI
09-04-2024,Nandini Set Curd (400g),Fresh Dairy,Mysuru,Chamundi Agencies Mysuru,323,40,12920,Wholesale,Net Banking
10-04-2024,Nandini Sweet Lassi (200ml),Beverages,Bengaluru,Apex Dairy Supplies Bengaluru,365,20,7300,Supermarket,UPI
10-04-2024,Nandini Mysore Pak (250g),Sweets,Bengaluru,Apex Dairy Supplies Bengaluru,125,160,20000,Retail,UPI
10-04-2024,Nandini Pure Ghee (500ml),Ghee & Butter,Hubballi,Kittur Distributors Hubballi,282,315,88830,Wholesale,UPI
10-04-2024,Nandini Pure Ghee (500ml),Ghee & Butter,Kalaburagi,Kalyana Karnataka Foods Kalaburagi,98,315,30870,Retail,UPI
10-04-2024,Nandini Special Milk (1L),Milk,Hubballi,Kittur Distributors Hubballi,476,48,22848,Wholesale,UPI
10-04-2024,Nandini Homogenised Cow Milk (1L),Milk,Bengaluru,Apex Dairy Supplies Bengaluru,379,46,17434,Retail,UPI
10-04-2024,Nandini Gulab Jamun (1kg),Sweets,Shivamogga,Malnad Dairy Network Shivamogga,15,260,3900,Retail,Credit Card
11-04-2024,Nandini Set Curd (400g),Fresh Dairy,Bengaluru,Apex Dairy Supplies Bengaluru,283,40,11320,Wholesale,UPI
11-04-2024,Nandini Pure Ghee (500ml),Ghee & Butter,Hubballi,Kittur Distributors Hubballi,132,315,41580,Retail,UPI
11-04-2024,Nandini Pure Ghee (1L),Ghee & Butter,Kalaburagi,Kalyana Karnataka Foods Kalaburagi,34,610,20740,Supermarket,UPI
11-04-2024,Nandini Gulab Jamun (1kg),Sweets,Hubballi,Kittur Distributors Hubballi,62,260,16120,Institution,UPI
11-04-2024,Nandini Set Curd (400g),Fresh Dairy,Bengaluru,Apex Dairy Supplies Bengaluru,413,40,16520,Wholesale,UPI
11-04-2024,Nandini Salted Butter (500g),Ghee & Butter,Mangaluru,Coastal Cool Logistics Mangaluru,40,275,11000,Supermarket,Credit Card
11-04-2024,Nandini Pure Ghee (500ml),Ghee & Butter,Bengaluru,Apex Dairy Supplies Bengaluru,237,315,74655,Wholesale,UPI
11-04-2024,Nandini Salted Butter (500g),Ghee & Butter,Bengaluru,Apex Dairy Supplies Bengaluru,99,275,27225,Retail,UPI
11-04-2024,Nandini Flavoured Milk Badam (200ml),Beverages,Bengaluru,Apex Dairy Supplies Bengaluru,379,35,13265,Retail,Cash
11-04-2024,Nandini Unsalted Butter (500g),Ghee & Butter,Bengaluru,Apex Dairy Supplies Bengaluru,28,280,7840,Supermarket,UPI
11-04-2024,Nandini Samrudhi Milk (1L),Milk,Mysuru,Chamundi Agencies Mysuru,218,54,11772,Supermarket,Distributor Credit
11-04-2024,Nandini Milk Peda (250g),Sweets,Mysuru,Chamundi Agencies Mysuru,60,140,8400,Retail,Cash
11-04-2024,Nandini Unsalted Butter (500g),Ghee & Butter,Mysuru,Chamundi Agencies Mysuru,59,280,16520,Wholesale,UPI
11-04-2024,Nandini Pure Ghee (1L),Ghee & Butter,Bengaluru,Apex Dairy Supplies Bengaluru,146,610,89060,Wholesale,Net Banking
11-04-2024,Nandini Set Curd (400g),Fresh Dairy,Mysuru,Chamundi Agencies Mysuru,101,40,4040,Retail,UPI
11-04-2024,Nandini Shubham Milk (1L),Milk,Belagavi,North Karnataka Milk Center Belagavi,133,50,6650,Supermarket,Cash
11-04-2024,Nandini Special Milk (1L),Milk,Bengaluru,Apex Dairy Supplies Bengaluru,309,48,14832,Retail,Cash
11-04-2024,Nandini Flavoured Milk Badam (200ml),Beverages,Tumakuru,Siddaganga Milk Express Tumakuru,404,35,14140,Hotel / Restaurant,Credit Card
12-04-2024,Nandini Set Curd (400g),Fresh Dairy,Kalaburagi,Kalyana Karnataka Foods Kalaburagi,286,40,11440,Retail,Net Banking
12-04-2024,Nandini Curd (500g),Fresh Dairy,bengaluru ,Apex Dairy Supplies Bengaluru,1218,26,31668,Wholesale,UPI
12-04-2024,Nandini Pure Ghee (500ml),Ghee & Butter,Hubballi,Kittur Distributors Hubballi,62,315,19530,Retail,UPI
12-04-2024,Nandini Special Milk (1L),Milk,Bengaluru,Apex Dairy Supplies Bengaluru,444,48,21312,Supermarket,Net Banking
12-04-2024,Nandini Sweet Lassi (200ml),Beverages,Mysuru,Chamundi Agencies Mysuru,477,20,9540,Supermarket,Distributor Credit
12-04-2024,Nandini Homogenised Cow Milk (1L),Milk,Bengaluru,Apex Dairy Supplies Bengaluru,404,46,18584,Retail,Cash
12-04-2024,Nandini Sweet Lassi (200ml),Beverages,Bengaluru,Apex Dairy Supplies Bengaluru,532,20,10640,Hotel / Restaurant,UPI
12-04-2024,Nandini Toned Milk (1L),Milk,Hubballi,Kittur Distributors Hubballi,799,42,33558,Supermarket,UPI
12-04-2024,Nandini Curd (500g),Fresh Dairy,Hubballi,Kittur Distributors Hubballi,889,26,23114,Hotel / Restaurant,Cash
12-04-2024,Nandini Shubham Milk (1L),Milk,Mysuru,Chamundi Agencies Mysuru,140,50,7000,Supermarket,UPI
12-04-2024,Nandini Milk Peda (250g),Sweets,Bengaluru,Apex Dairy Supplies Bengaluru,274,140,38360,Institution,UPI
12-04-2024,Nandini Curd (500g),Fresh Dairy,Hubballi,Kittur Distributors Hubballi,411,26,10686,Retail,Cash
12-04-2024,Nandini Flavoured Milk Badam (200ml),Beverages,Bengaluru,Apex Dairy Supplies Bengaluru,336,35,11760,Supermarket,Credit Card
13-04-2024,Nandini Kulfi (50ml),Frozen,Bengaluru,Apex Dairy Supplies Bengaluru,188,25,4700,Retail,UPI
13-04-2024,Nandini Flavoured Milk Badam (200ml),Beverages,Kalaburagi,Kalyana Karnataka Foods Kalaburagi,397,35,13895,Retail,Cash
13-04-2024,Nandini Special Milk (1L),Milk,Davanagere,Central Karnataka Traders Davanagere,298,48,14304,Retail,Net Banking
13-04-2024,Nandini Homogenised Cow Milk (1L),Milk,Bengaluru,Apex Dairy Supplies Bengaluru,865,46,39790,Supermarket,UPI
13-04-2024,Nandini Flavoured Milk Badam (200ml),Beverages,Belagavi,North Karnataka Milk Center Belagavi,201,35,7035,Supermarket,Cash
13-04-2024,Nandini Unsalted Butter (500g),Ghee & Butter,Mysuru,Chamundi Agencies Mysuru,59,280,16520,Retail,Distributor Credit
13-04-2024,Nandini Homogenised Cow Milk (1L),Milk,Ballari,Tungabhadra Dairy Logistics Ballari,1680,46,77280,Wholesale,UPI
13-04-2024,Nandini Salted Butter (500g),Ghee & Butter,Bengaluru,Apex Dairy Supplies Bengaluru,238,275,65450,Institution,UPI
13-04-2024,Nandini Cassata Ice Cream (150ml),Frozen,Hubballi,Kittur Distributors Hubballi,215,55,11825,Retail,UPI
14-04-2024,Nandini Samrudhi Milk (1L),Milk,Bengaluru,Apex Dairy Supplies Bengaluru,336,54,18144,Hotel / Restaurant,UPI
14-04-2024,Nandini Spiced Buttermilk (200ml),Beverages,Hubballi,Kittur Distributors Hubballi,1364,12,16368,Supermarket,Cash
14-04-2024,Nandini Unsalted Butter (500g),Ghee & Butter,Bengaluru,Apex Dairy Supplies Bengaluru,170,280,47600,Wholesale,Credit Card
14-04-2024,Nandini Toned Milk (1L),Milk,Bengaluru,Apex Dairy Supplies Bengaluru,1111,42,46662,Retail,UPI
14-04-2024,Nandini Unsalted Butter (500g),Ghee & Butter,Mangaluru,Coastal Cool Logistics Mangaluru,59,280,16520,Retail,UPI
14-04-2024,Nandini Shubham Milk (1L),Milk,Mangaluru,Coastal Cool Logistics Mangaluru,212,50,10600,Retail,Cash
14-04-2024,Nandini Mysore Pak (250g),Sweets,Bengaluru,Apex Dairy Supplies Bengaluru,205,160,32800,Hotel / Restaurant,UPI
14-04-2024,Nandini Sweet Lassi (200ml),Beverages,Bengaluru,Apex Dairy Supplies Bengaluru,926,20,18520,Hotel / Restaurant,UPI
14-04-2024,Nandini Unsalted Butter (500g),Ghee & Butter,Bengaluru,Apex Dairy Supplies Bengaluru,53,280,14840,Supermarket,UPI
14-04-2024,Nandini Special Milk (1L),Milk,Shivamogga,Malnad Dairy Network Shivamogga,800,48,38400,Wholesale,UPI
15-04-2024,Nandini Homogenised Cow Milk (1L),Milk,Kalaburagi,Kalyana Karnataka Foods Kalaburagi,742,46,34132,Retail,UPI
15-04-2024,Nandini Set Curd (400g),Fresh Dairy,Bengaluru,Apex Dairy Supplies Bengaluru,294,40,11760,Retail,UPI
15-04-2024,Nandini Curd (500g),Fresh Dairy,Shivamogga,Malnad Dairy Network Shivamogga,887,26,23062,Retail,UPI
15-04-2024,Nandini Milk Peda (250g),Sweets,Davanagere,Central Karnataka Traders Davanagere,145,140,20300,Hotel / Restaurant,Net Banking
15-04-2024,Nandini Curd (500g),Fresh Dairy,Mysuru,Chamundi Agencies Mysuru,1601,26,41626,Institution,Distributor Credit
15-04-2024,Nandini Special Milk (1L),Milk,Bengaluru,Apex Dairy Supplies Bengaluru,634,48,30432,Institution,UPI
15-04-2024,Nandini Unsalted Butter (500g),Ghee & Butter,Bengaluru,Apex Dairy Supplies Bengaluru,79,280,22120,Retail,UPI
15-04-2024,Nandini Sweet Lassi (200ml),Beverages,Mysuru,Chamundi Agencies Mysuru,884,20,17680,Supermarket,UPI
16-04-2024,Nandini Flavoured Milk Badam (200ml),Beverages,Davanagere,Central Karnataka Traders Davanagere,403,35,14105,Institution,UPI
16-04-2024,Nandini Mysore Pak (250g),Sweets,Mangaluru,Coastal Cool Logistics Mangaluru,79,160,12640,Retail,UPI
16-04-2024,Nandini Special Milk (1L),Milk,Mangaluru,Coastal Cool Logistics Mangaluru,767,48,36816,Wholesale,UPI
16-04-2024,Nandini Salted Butter (500g),Ghee & Butter,Kalaburagi,Kalyana Karnataka Foods Kalaburagi,99,275,27225,Retail,UPI
16-04-2024,Nandini Salted Butter (500g),Ghee & Butter,Ballari,Tungabhadra Dairy Logistics Ballari,97,275,26675,Supermarket,UPI
16-04-2024,Nandini Milk Peda (250g),Sweets,Mysuru,Chamundi Agencies Mysuru,52,140,7280,Retail,UPI
16-04-2024,Nandini Toned Milk (1L),Milk,Belagavi,North Karnataka Milk Center Belagavi,418,42,17556,Retail,Net Banking
16-04-2024,Nandini Samrudhi Milk (1L),Milk,Mangaluru,Coastal Cool Logistics Mangaluru,271,54,14634,Hotel / Restaurant,UPI
16-04-2024,Nandini Spiced Buttermilk (200ml),Beverages,Kalaburagi,Kalyana Karnataka Foods Kalaburagi,1403,12,16836,Hotel / Restaurant,UPI
16-04-2024,Nandini Pure Ghee (500ml),Ghee & Butter,Mysuru,Chamundi Agencies Mysuru,50,315,15750,Supermarket,UPI
16-04-2024,Nandini Mysore Pak (250g),Sweets,Bengaluru,Apex Dairy Supplies Bengaluru,241,160,38560,Wholesale,UPI
16-04-2024,Nandini Fresh Paneer (200g),Fresh Dairy,Bengaluru,Apex Dairy Supplies Bengaluru,88,95,8360,Retail,Net Banking
16-04-2024,Nandini Salted Butter (500g),Ghee & Butter,Davanagere,Central Karnataka Traders Davanagere,57,275,15675,Supermarket,Credit Card
16-04-2024,Nandini Kulfi (50ml),Frozen,Bengaluru,Apex Dairy Supplies Bengaluru,293,25,7325,Wholesale,Net Banking
17-04-2024,Nandini Fresh Paneer (200g),Fresh Dairy,Bengaluru,Apex Dairy Supplies Bengaluru,162,95,15390,Retail,UPI
17-04-2024,Nandini Special Milk (1L),Milk,Bengaluru,Apex Dairy Supplies Bengaluru,972,48,46656,Hotel / Restaurant,Net Banking
17-04-2024,Nandini Set Curd (400g),Fresh Dairy,Kalaburagi,Kalyana Karnataka Foods Kalaburagi,142,40,5680,Hotel / Restaurant,Cash
17-04-2024,Nandini Toned Milk (1L),Milk,Hubballi,Kittur Distributors Hubballi,769,42,32298,Supermarket,Distributor Credit
17-04-2024,Nandini Milk Peda (250g),Sweets,Bengaluru,Apex Dairy Supplies Bengaluru,113,140,15820,Supermarket,UPI
17-04-2024,Nandini Spiced Buttermilk (200ml),Beverages,Mysuru,Chamundi Agencies Mysuru,2341,12,28092,Hotel / Restaurant,UPI
17-04-2024,Nandini Curd (500g),Fresh Dairy,Hubballi,Kittur Distributors Hubballi,865,26,22490,Retail,UPI
17-04-2024,Nandini Mysore Pak (250g),Sweets,Bengaluru,Apex Dairy Supplies Bengaluru,138,160,22080,Retail,Distributor Credit
17-04-2024,Nandini Shubham Milk (1L),Milk,Hubballi,Kittur Distributors Hubballi,274,50,13700,Retail,UPI
17-04-2024,Nandini Special Milk (1L),Milk,Bengaluru,Apex Dairy Supplies Bengaluru,547,48,26256,Hotel / Restaurant,UPI
17-04-2024,Nandini Homogenised Cow Milk (1L),Milk,Davanagere,Central Karnataka Traders Davanagere,400,46,18400,Retail,UPI
17-04-2024,Nandini Fresh Paneer (200g),Fresh Dairy,Tumakuru,Siddaganga Milk Express Tumakuru,399,95,37905,Institution,UPI
17-04-2024,Nandini Samrudhi Milk (1L),Milk,Davanagere,Central Karnataka Traders Davanagere,351,54,18954,Wholesale,UPI
17-04-2024,Nandini Fresh Paneer (200g),Fresh Dairy,Mysuru,Chamundi Agencies Mysuru,257,95,24415,Wholesale,Cash
18-04-2024,Nandini Kulfi (50ml),Frozen,Shivamogga,Malnad Dairy Network Shivamogga,351,25,8775,Retail,Net Banking
18-04-2024,Nandini Toned Milk (1L),Milk,Hubballi,Kittur Distributors Hubballi,829,42,34818,Supermarket,Distributor Credit
18-04-2024,Nandini Samrudhi Milk (1L),Milk,Hubballi,Kittur Distributors Hubballi,280,54,15120,,UPI
18-04-2024,Nandini Spiced Buttermilk (200ml),Beverages,Kalaburagi,Kalyana Karnataka Foods Kalaburagi,2203,12,26436,Institution,Net Banking
18-04-2024,Nandini Unsalted Butter (500g),Ghee & Butter,Hubballi,Kittur Distributors Hubballi,87,280,24360,Retail,UPI
18-04-2024,Nandini Pure Ghee (1L),Ghee & Butter,Bengaluru,Apex Dairy Supplies Bengaluru,182,610,111020,Wholesale,UPI
18-04-2024,Nandini Kulfi (50ml),Frozen,Shivamogga,Malnad Dairy Network Shivamogga,283,25,7075,Supermarket,UPI
18-04-2024,Nandini Set Curd (400g),Fresh Dairy,Mangaluru,Coastal Cool Logistics Mangaluru,120,40,4800,Hotel / Restaurant,UPI
19-04-2024,Nandini Samrudhi Milk (1L),Milk,Mysuru,Chamundi Agencies Mysuru,293,54,15822,Hotel / Restaurant,Credit Card
19-04-2024,Nandini Samrudhi Milk (1L),Milk,Hubballi,Kittur Distributors Hubballi,251,54,13554,Supermarket,UPI
19-04-2024,Nandini Kulfi (50ml),Frozen,Belagavi,North Karnataka Milk Center Belagavi,162,25,4050,Retail,UPI
19-04-2024,Nandini Mysore Pak (250g),Sweets,Shivamogga,Malnad Dairy Network Shivamogga,141,160,22560,Wholesale,UPI
19-04-2024,Nandini Flavoured Milk Badam (200ml),Beverages,Bengaluru,Apex Dairy Supplies Bengaluru,599,35,20965,Retail,UPI
19-04-2024,Nandini Special Milk (1L),Milk,Bengaluru,Apex Dairy Supplies Bengaluru,623,48,29904,Supermarket,UPI
19-04-2024,Nandini Spiced Buttermilk (200ml),Beverages,Ballari,Tungabhadra Dairy Logistics Ballari,976,12,11712,Hotel / Restaurant,Net Banking
19-04-2024,Nandini Sweet Lassi (200ml),Beverages,Bengaluru,Apex Dairy Supplies Bengaluru,1220,20,24400,Wholesale,UPI
19-04-2024,Nandini Unsalted Butter (500g),Ghee & Butter,Bengaluru,Apex Dairy Supplies Bengaluru,59,280,16520,Supermarket,UPI
19-04-2024,Nandini Curd (500g),Fresh Dairy,Belagavi,North Karnataka Milk Center Belagavi,708,26,18408,Wholesale,Cash
19-04-2024,Nandini Pure Ghee (1L),Ghee & Butter,Ballari,Tungabhadra Dairy Logistics Ballari,90,610,54900,Retail,Cash
19-04-2024,Nandini Curd (500g),Fresh Dairy,Davanagere,Central Karnataka Traders Davanagere,1115,26,28990,Institution,Net Banking
19-04-2024,Nandini Gulab Jamun (1kg),Sweets,Hubballi,Kittur Distributors Hubballi,27,260,7020,Supermarket,Cash
19-04-2024,NANDINI HOMOGENISED COW MILK (1L),Milk,mangaluru ,Coastal Cool Logistics Mangaluru,463,46,21298,Supermarket,UPI
19-04-2024,Nandini Samrudhi Milk (1L),Milk,Bengaluru,Apex Dairy Supplies Bengaluru,238,54,12852,Retail,Net Banking
19-04-2024,Nandini Samrudhi Milk (1L),Milk,Bengaluru,Apex Dairy Supplies Bengaluru,609,54,32886,Wholesale,Net Banking
19-04-2024,Nandini Pure Ghee (1L),Ghee & Butter,Bengaluru,Apex Dairy Supplies Bengaluru,77,610,46970,Wholesale,Net Banking
19-04-2024,Nandini Flavoured Milk Badam (200ml),Beverages,Bengaluru,Apex Dairy Supplies Bengaluru,327,35,11445,Retail,UPI
20-04-2024,Nandini Flavoured Milk Badam (200ml),Beverages,Ballari,Tungabhadra Dairy Logistics Ballari,161,35,5635,Retail,UPI
20-04-2024,Nandini Shubham Milk (1L),Milk,Ballari,Tungabhadra Dairy Logistics Ballari,431,50,21550,Wholesale,Net Banking
20-04-2024,Nandini Gulab Jamun (1kg),Sweets,Mangaluru,Coastal Cool Logistics Mangaluru,35,260,9100,Retail,UPI
20-04-2024,Nandini Cassata Ice Cream (150ml),Frozen,Ballari,Tungabhadra Dairy Logistics Ballari,182,55,10010,Retail,UPI
20-04-2024,Nandini Sweet Lassi (200ml),Beverages,Bengaluru,Apex Dairy Supplies Bengaluru,1065,20,21300,Institution,Credit Card
20-04-2024,Nandini Shubham Milk (1L),Milk,Hubballi,Kittur Distributors Hubballi,265,50,13250,Wholesale,Net Banking
20-04-2024,Nandini Set Curd (400g),Fresh Dairy,Bengaluru,Apex Dairy Supplies Bengaluru,214,40,8560,Retail,Net Banking
20-04-2024,Nandini Toned Milk (1L),Milk,Mysuru,Chamundi Agencies Mysuru,1223,42,51366,Retail,Credit Card
20-04-2024,Nandini Kulfi (50ml),Frozen,Hubballi,Kittur Distributors Hubballi,282,25,7050,Institution,UPI
20-04-2024,Nandini Set Curd (400g),Fresh Dairy,Mysuru,Chamundi Agencies Mysuru,298,40,11920,Supermarket,Credit Card
20-04-2024,Nandini Cassata Ice Cream (150ml),Frozen,Bengaluru,Apex Dairy Supplies Bengaluru,196,55,10780,Supermarket,UPI
21-04-2024,Nandini Shubham Milk (1L),Milk,Bengaluru,Apex Dairy Supplies Bengaluru,435,50,21750,Wholesale,Net Banking
21-04-2024,Nandini Cassata Ice Cream (150ml),Frozen,Ballari,Tungabhadra Dairy Logistics Ballari,238,55,13090,Supermarket,Net Banking
21-04-2024,Nandini Flavoured Milk Badam (200ml),Beverages,Belagavi,North Karnataka Milk Center Belagavi,305,35,10675,Retail,Cash
21-04-2024,Nandini Shubham Milk (1L),Milk,Ballari,Tungabhadra Dairy Logistics Ballari,240,50,12000,Retail,Net Banking
21-04-2024,Nandini Kulfi (50ml),Frozen,Shivamogga,Malnad Dairy Network Shivamogga,309,25,7725,Institution,Credit Card
21-04-2024,Nandini Special Milk (1L),Milk,Bengaluru,Apex Dairy Supplies Bengaluru,735,48,35280,Hotel / Restaurant,Net Banking
21-04-2024,Nandini Flavoured Milk Badam (200ml),Beverages,Bengaluru,Apex Dairy Supplies Bengaluru,354,35,12390,Supermarket,Cash
22-04-2024,Nandini Samrudhi Milk (1L),Milk,Tumakuru,Siddaganga Milk Express Tumakuru,224,54,12096,Supermarket,Cash
22-04-2024,Nandini Homogenised Cow Milk (1L),Milk,Bengaluru,Apex Dairy Supplies Bengaluru,550,46,25300,Retail,UPI
22-04-2024,Nandini Mysore Pak (250g),Sweets,Bengaluru,Apex Dairy Supplies Bengaluru,43,160,6880,Retail,Net Banking
22-04-2024,Nandini Spiced Buttermilk (200ml),Beverages,Bengaluru,Apex Dairy Supplies Bengaluru,1159,12,13908,Supermarket,UPI
22-04-2024,Nandini Spiced Buttermilk (200ml),Beverages,Bengaluru,Apex Dairy Supplies Bengaluru,1339,12,16068,Wholesale,UPI
22-04-2024,Nandini Fresh Paneer (200g),Fresh Dairy,Bengaluru,Apex Dairy Supplies Bengaluru,223,95,21185,Retail,Cash
22-04-2024,Nandini Unsalted Butter (500g),Ghee & Butter,Mysuru,Chamundi Agencies Mysuru,37,280,10360,Supermarket,UPI
22-04-2024,Nandini Spiced Buttermilk (200ml),Beverages,Belagavi,North Karnataka Milk Center Belagavi,742,12,8904,Retail,UPI
22-04-2024,Nandini Spiced Buttermilk (200ml),Beverages,Mangaluru,Coastal Cool Logistics Mangaluru,1268,12,15216,Retail,Cash
22-04-2024,Nandini Pure Ghee (500ml),Ghee & Butter,Bengaluru,Apex Dairy Supplies Bengaluru,88,315,27720,Supermarket,UPI
22-04-2024,Nandini Set Curd (400g),Fresh Dairy,Belagavi,North Karnataka Milk Center Belagavi,198,40,7920,Retail,Net Banking
22-04-2024,Nandini Curd (500g),Fresh Dairy,Belagavi,North Karnataka Milk Center Belagavi,642,26,16692,Supermarket,Net Banking
22-04-2024,Nandini Spiced Buttermilk (200ml),Beverages,Mysuru,Chamundi Agencies Mysuru,1120,12,13440,Retail,Net Banking
22-04-2024,Nandini Salted Butter (500g),Ghee & Butter,Bengaluru,Apex Dairy Supplies Bengaluru,159,275,43725,Wholesale,Net Banking
22-04-2024,Nandini Pure Ghee (1L),Ghee & Butter,Davanagere,Central Karnataka Traders Davanagere,47,610,28670,Wholesale,Net Banking
22-04-2024,Nandini Milk Peda (250g),Sweets,Mangaluru,Coastal Cool Logistics Mangaluru,81,140,11340,Retail,UPI
22-04-2024,Nandini Special Milk (1L),Milk,Bengaluru,Apex Dairy Supplies Bengaluru,467,48,22416,Institution,Cash
22-04-2024,Nandini Kulfi (50ml),Frozen,Bengaluru,Apex Dairy Supplies Bengaluru,193,25,4825,Supermarket,Cash
22-04-2024,Nandini Set Curd (400g),Fresh Dairy,Mysuru,Chamundi Agencies Mysuru,448,40,17920,Wholesale,Net Banking
22-04-2024,Nandini Cassata Ice Cream (150ml),Frozen,Bengaluru,Apex Dairy Supplies Bengaluru,222,55,12210,Retail,Credit Card
23-04-2024,Nandini Unsalted Butter (500g),Ghee & Butter,Bengaluru,Apex Dairy Supplies Bengaluru,83,280,23240,Retail,Cash
23-04-2024,Nandini Pure Ghee (1L),Ghee & Butter,Kalaburagi,Kalyana Karnataka Foods Kalaburagi,26,610,15860,Retail,UPI
23-04-2024,Nandini Shubham Milk (1L),Milk,Bengaluru,Apex Dairy Supplies Bengaluru,244,50,12200,Retail,Cash
23-04-2024,Nandini Mysore Pak (250g),Sweets,Bengaluru,Apex Dairy Supplies Bengaluru,50,160,8000,Supermarket,Net Banking
23-04-2024,Nandini Flavoured Milk Badam (200ml),Beverages,Belagavi,North Karnataka Milk Center Belagavi,194,35,6790,Supermarket,UPI
23-04-2024,Nandini Gulab Jamun (1kg),Sweets,Ballari,Tungabhadra Dairy Logistics Ballari,39,260,10140,Supermarket,Credit Card
23-04-2024,Nandini Special Milk (1L),Milk,Mangaluru,Coastal Cool Logistics Mangaluru,260,48,12480,Supermarket,Net Banking
23-04-2024,Nandini Pure Ghee (500ml),Ghee & Butter,Bengaluru,Apex Dairy Supplies Bengaluru,254,315,80010,Wholesale,UPI
23-04-2024,Nandini Spiced Buttermilk (200ml),Beverages,Tumakuru,Siddaganga Milk Express Tumakuru,1174,12,14088,Retail,UPI
23-04-2024,Nandini Salted Butter (500g),Ghee & Butter,Bengaluru,Apex Dairy Supplies Bengaluru,47,275,12925,Supermarket,Credit Card
23-04-2024,Nandini Curd (500g),Fresh Dairy,Bengaluru,Apex Dairy Supplies Bengaluru,1152,26,29952,Hotel / Restaurant,Net Banking
24-04-2024,Nandini Sweet Lassi (200ml),Beverages,Bengaluru,Apex Dairy Supplies Bengaluru,1149,20,22980,Retail,Credit Card
24-04-2024,Nandini Flavoured Milk Badam (200ml),Beverages,Kalaburagi,Kalyana Karnataka Foods Kalaburagi,608,35,21280,Wholesale,Net Banking
24-04-2024,Nandini Gulab Jamun (1kg),Sweets,Belagavi,North Karnataka Milk Center Belagavi,40,260,10400,Retail,Credit Card
24-04-2024,Nandini Toned Milk (1L),Milk,Bengaluru,Apex Dairy Supplies Bengaluru,684,42,28728,Retail,UPI
24-04-2024,Nandini Samrudhi Milk (1L),Milk,Davanagere,Central Karnataka Traders Davanagere,164,54,8856,Supermarket,Cash
24-04-2024,Nandini Set Curd (400g),Fresh Dairy,Kalaburagi,Kalyana Karnataka Foods Kalaburagi,240,40,9600,Hotel / Restaurant,UPI
24-04-2024,Nandini Samrudhi Milk (1L),Milk,Bengaluru,Apex Dairy Supplies Bengaluru,266,54,14364,Retail,Net Banking
24-04-2024,Nandini Curd (500g),Fresh Dairy,Bengaluru,Apex Dairy Supplies Bengaluru,1181,26,30706,Retail,UPI
24-04-2024,Nandini Set Curd (400g),Fresh Dairy,Mysuru,Chamundi Agencies Mysuru,99,40,3960,Retail,Credit Card
24-04-2024,Nandini Fresh Paneer (200g),Fresh Dairy,Hubballi,Kittur Distributors Hubballi,146,95,13870,Supermarket,UPI
25-04-2024,Nandini Shubham Milk (1L),Milk,Tumakuru,Siddaganga Milk Express Tumakuru,660,50,33000,Institution,Net Banking
25-04-2024,Nandini Samrudhi Milk (1L),Milk,Bengaluru,Apex Dairy Supplies Bengaluru,437,54,23598,Hotel / Restaurant,Net Banking
25-04-2024,Nandini Spiced Buttermilk (200ml),Beverages,Bengaluru,Apex Dairy Supplies Bengaluru,3182,12,38184,Wholesale,UPI
25-04-2024,Nandini Fresh Paneer (200g),Fresh Dairy,Bengaluru,Apex Dairy Supplies Bengaluru,189,95,17955,Supermarket,UPI
25-04-2024,Nandini Samrudhi Milk (1L),Milk,Belagavi,North Karnataka Milk Center Belagavi,178,54,9612,Supermarket,Cash
25-04-2024,Nandini Toned Milk (1L),Milk,Tumakuru,Siddaganga Milk Express Tumakuru,735,42,30870,Supermarket,UPI
25-04-2024,Nandini Pure Ghee (1L),Ghee & Butter,Hubballi,Kittur Distributors Hubballi,26,610,15860,Retail,Net Banking
25-04-2024,Nandini Fresh Paneer (200g),Fresh Dairy,Tumakuru,Siddaganga Milk Express Tumakuru,145,95,13775,Retail,UPI
26-04-2024,Nandini Fresh Paneer (200g),Fresh Dairy,Bengaluru,Apex Dairy Supplies Bengaluru,236,95,22420,Retail,Credit Card
26-04-2024,Nandini Unsalted Butter (500g),Ghee & Butter,Mysuru,Chamundi Agencies Mysuru,78,280,21840,Retail,UPI
26-04-2024,Nandini Pure Ghee (500ml),Ghee & Butter,Hubballi,Kittur Distributors Hubballi,164,315,51660,Supermarket,Distributor Credit
26-04-2024,Nandini Unsalted Butter (500g),Ghee & Butter,Bengaluru,Apex Dairy Supplies Bengaluru,79,280,22120,Retail,UPI
26-04-2024,Nandini Spiced Buttermilk (200ml),Beverages,Davanagere,Central Karnataka Traders Davanagere,1206,12,14472,Hotel / Restaurant,UPI
26-04-2024,Nandini Samrudhi Milk (1L),Milk,Mysuru,Chamundi Agencies Mysuru,206,54,11124,Supermarket,UPI
26-04-2024,Nandini Curd (500g),Fresh Dairy,Hubballi,Kittur Distributors Hubballi,896,26,23296,Retail,UPI
26-04-2024,Nandini Samrudhi Milk (1L),Milk,Mangaluru,Coastal Cool Logistics Mangaluru,242,54,13068,Supermarket,UPI
26-04-2024,Nandini Spiced Buttermilk (200ml),Beverages,Bengaluru,Apex Dairy Supplies Bengaluru,1151,12,13812,Retail,Credit Card
26-04-2024,Nandini Sweet Lassi (200ml),Beverages,Bengaluru,Apex Dairy Supplies Bengaluru,638,20,12760,Hotel / Restaurant,UPI
26-04-2024,Nandini Gulab Jamun (1kg),Sweets,Belagavi,North Karnataka Milk Center Belagavi,123,260,31980,Institution,UPI
26-04-2024,Nandini Pure Ghee (500ml),Ghee & Butter,Bengaluru,Apex Dairy Supplies Bengaluru,52,315,16380,Retail,Net Banking
26-04-2024,Nandini Kulfi (50ml),Frozen,Bengaluru,Apex Dairy Supplies Bengaluru,323,25,8075,Supermarket,Net Banking
26-04-2024,Nandini Spiced Buttermilk (200ml),Beverages,Shivamogga,Malnad Dairy Network Shivamogga,1289,12,15468,Retail,Cash
26-04-2024,Nandini Shubham Milk (1L),Milk,Ballari,Tungabhadra Dairy Logistics Ballari,487,50,24350,Wholesale,Net Banking
26-04-2024,Nandini Curd (500g),Fresh Dairy,Belagavi,North Karnataka Milk Center Belagavi,671,26,17446,Retail,UPI
26-04-2024,Nandini Special Milk (1L),Milk,Bengaluru,Apex Dairy Supplies Bengaluru,655,48,31440,Hotel / Restaurant,Cash
26-04-2024,Nandini Shubham Milk (1L),Milk,Bengaluru,Apex Dairy Supplies Bengaluru,326,50,16300,Hotel / Restaurant,UPI
26-04-2024,Nandini Salted Butter (500g),Ghee & Butter,Kalaburagi,Kalyana Karnataka Foods Kalaburagi,77,275,21175,Supermarket,UPI
27-04-2024,Nandini Kulfi (50ml),Frozen,Ballari,Tungabhadra Dairy Logistics Ballari,601,25,15025,Institution,Distributor Credit
27-04-2024,  nandini pure ghee (1l)  ,Ghee & Butter,Mysuru,Chamundi Agencies Mysuru,33,610,20130,Retail,Cash
27-04-2024,Nandini Kulfi (50ml),Frozen,Bengaluru,Apex Dairy Supplies Bengaluru,407,25,10175,Retail,Credit Card
27-04-2024,Nandini Milk Peda (250g),Sweets,Bengaluru,Apex Dairy Supplies Bengaluru,235,140,32900,Hotel / Restaurant,UPI
27-04-2024,Nandini Unsalted Butter (500g),Ghee & Butter,Hubballi,Kittur Distributors Hubballi,103,280,28840,Supermarket,UPI
27-04-2024,Nandini Special Milk (1L),Milk,Bengaluru,Apex Dairy Supplies Bengaluru,462,48,22176,Retail,UPI
27-04-2024,Nandini Samrudhi Milk (1L),Milk,Hubballi,Kittur Distributors Hubballi,288,54,15552,Retail,Credit Card
27-04-2024,Nandini Cassata Ice Cream (150ml),Frozen,Mangaluru,Coastal Cool Logistics Mangaluru,252,55,13860,Wholesale,UPI
27-04-2024,Nandini Kulfi (50ml),Frozen,Mangaluru,Coastal Cool Logistics Mangaluru,217,25,5425,Retail,UPI
27-04-2024,Nandini Unsalted Butter (500g),Ghee & Butter,Bengaluru,Apex Dairy Supplies Bengaluru,59,280,16520,Retail,UPI
27-04-2024,Nandini Set Curd (400g),Fresh Dairy,Hubballi,Kittur Distributors Hubballi,187,40,7480,Institution,UPI
27-04-2024,Nandini Shubham Milk (1L),Milk,Ballari,Tungabhadra Dairy Logistics Ballari,199,50,9950,Retail,UPI
27-04-2024,Nandini Samrudhi Milk (1L),Milk,Bengaluru,Apex Dairy Supplies Bengaluru,142,54,7668,Retail,UPI
27-04-2024,Nandini Pure Ghee (1L),Ghee & Butter,Davanagere,Central Karnataka Traders Davanagere,20,610,12200,Retail,UPI
27-04-2024,Nandini Pure Ghee (1L),Ghee & Butter,Mangaluru,Coastal Cool Logistics Mangaluru,151,610,92110,Institution,Net Banking
27-04-2024,Nandini Homogenised Cow Milk (1L),Milk,Kalaburagi,Kalyana Karnataka Foods Kalaburagi,1066,46,49036,Wholesale,UPI
27-04-2024,Nandini Cassata Ice Cream (150ml),Frozen,Belagavi,North Karnataka Milk Center Belagavi,138,55,7590,Retail,UPI
28-04-2024,Nandini Set Curd (400g),Fresh Dairy,Hubballi,Kittur Distributors Hubballi,81,40,3240,Retail,Cash
28-04-2024,Nandini Milk Peda (250g),Sweets,Kalaburagi,Kalyana Karnataka Foods Kalaburagi,191,140,26740,Retail,Net Banking
28-04-2024,Nandini Set Curd (400g),Fresh Dairy,Tumakuru,Siddaganga Milk Express Tumakuru,164,40,6560,Hotel / Restaurant,UPI
28-04-2024,Nandini Homogenised Cow Milk (1L),Milk,Mangaluru,Coastal Cool Logistics Mangaluru,370,46,17020,Retail,Net Banking
28-04-2024,Nandini Set Curd (400g),Fresh Dairy,Kalaburagi,Kalyana Karnataka Foods Kalaburagi,94,40,3760,Supermarket,Net Banking
28-04-2024,Nandini Mysore Pak (250g),Sweets,Mysuru,Chamundi Agencies Mysuru,144,160,23040,Hotel / Restaurant,Net Banking
28-04-2024,Nandini Special Milk (1L),Milk,Mangaluru,Coastal Cool Logistics Mangaluru,204,48,9792,Retail,UPI
28-04-2024,Nandini Flavoured Milk Badam (200ml),Beverages,Hubballi,Kittur Distributors Hubballi,130,35,4550,Supermarket,UPI
28-04-2024,Nandini Mysore Pak (250g),Sweets,Bengaluru,Apex Dairy Supplies Bengaluru,161,160,25760,Retail,Distributor Credit
28-04-2024,Nandini Milk Peda (250g),Sweets,Bengaluru,Apex Dairy Supplies Bengaluru,333,140,46620,Hotel / Restaurant,UPI
28-04-2024,Nandini Salted Butter (500g),Ghee & Butter,Kalaburagi,Kalyana Karnataka Foods Kalaburagi,167,275,45925,Institution,Cash
28-04-2024,Nandini Spiced Buttermilk (200ml),Beverages,Bengaluru,Apex Dairy Supplies Bengaluru,1002,12,12024,Supermarket,Net Banking
28-04-2024,Nandini Toned Milk (1L),Milk,Belagavi,North Karnataka Milk Center Belagavi,715,42,30030,Supermarket,UPI
28-04-2024,Nandini Spiced Buttermilk (200ml),Beverages,Bengaluru,Apex Dairy Supplies Bengaluru,1760,12,21120,Retail,Cash
28-04-2024,Nandini Sweet Lassi (200ml),Beverages,Belagavi,North Karnataka Milk Center Belagavi,338,20,6760,Retail,Net Banking
28-04-2024,Nandini Gulab Jamun (1kg),Sweets,Belagavi,North Karnataka Milk Center Belagavi,62,260,16120,Retail,UPI
29-04-2024,Nandini Salted Butter (500g),Ghee & Butter,Bengaluru,Apex Dairy Supplies Bengaluru,149,275,40975,Wholesale,UPI
29-04-2024,Nandini Homogenised Cow Milk (1L),Milk,Hubballi,Kittur Distributors Hubballi,386,46,17756,Supermarket,UPI
29-04-2024,Nandini Special Milk (1L),Milk,Mysuru,Chamundi Agencies Mysuru,276,48,13248,Retail,UPI
29-04-2024,Nandini Special Milk (1L),Milk,Shivamogga,Malnad Dairy Network Shivamogga,359,48,17232,Supermarket,Net Banking
29-04-2024,Nandini Cassata Ice Cream (150ml),Frozen,Davanagere,Central Karnataka Traders Davanagere,69,55,3795,Supermarket,UPI
29-04-2024,Nandini Gulab Jamun (1kg),Sweets,Mysuru,Chamundi Agencies Mysuru,72,260,18720,Supermarket,Cash
29-04-2024,Nandini Samrudhi Milk (1L),Milk,Ballari,Tungabhadra Dairy Logistics Ballari,268,54,14472,Retail,UPI
29-04-2024,Nandini Toned Milk (1L),Milk,Bengaluru,Apex Dairy Supplies Bengaluru,747,42,31374,Retail,Net Banking
29-04-2024,Nandini Cassata Ice Cream (150ml),Frozen,Mangaluru,Coastal Cool Logistics Mangaluru,63,55,3465,Supermarket,UPI
29-04-2024,Nandini Flavoured Milk Badam (200ml),Beverages,Bengaluru,Apex Dairy Supplies Bengaluru,506,35,17710,Supermarket,UPI
29-04-2024,Nandini Mysore Pak (250g),Sweets,Kalaburagi,Kalyana Karnataka Foods Kalaburagi,78,160,12480,Wholesale,UPI
29-04-2024,Nandini Gulab Jamun (1kg),Sweets,Bengaluru,Apex Dairy Supplies Bengaluru,125,260,32500,Wholesale,Cash
29-04-2024,Nandini Spiced Buttermilk (200ml),Beverages,Mysuru,Chamundi Agencies Mysuru,1228,12,14736,Retail,UPI
29-04-2024,Nandini Salted Butter (500g),Ghee & Butter,Mysuru,Chamundi Agencies Mysuru,86,275,23650,Supermarket,Cash
30-04-2024,Nandini Kulfi (50ml),Frozen,Belagavi,North Karnataka Milk Center Belagavi,330,25,8250,Retail,UPI
30-04-2024,Nandini Fresh Paneer (200g),Fresh Dairy,Shivamogga,Malnad Dairy Network Shivamogga,97,95,9215,Retail,UPI
30-04-2024,Nandini Curd (500g),Fresh Dairy,Bengaluru,Apex Dairy Supplies Bengaluru,1004,26,26104,Supermarket,Credit Card
30-04-2024,Nandini Kulfi (50ml),Frozen,Kalaburagi,Kalyana Karnataka Foods Kalaburagi,584,25,14600,Wholesale,Distributor Credit
30-04-2024,Nandini Pure Ghee (1L),Ghee & Butter,Bengaluru,Apex Dairy Supplies Bengaluru,71,610,43310,Institution,UPI
30-04-2024,Nandini Mysore Pak (250g),Sweets,Mysuru,Chamundi Agencies Mysuru,66,160,10560,Retail,UPI
30-04-2024,Nandini Kulfi (50ml),Frozen,Mysuru,Chamundi Agencies Mysuru,432,25,10800,Supermarket,UPI
30-04-2024,Nandini Mysore Pak (250g),Sweets,Mysuru,Chamundi Agencies Mysuru,84,160,13440,Supermarket,UPI
30-04-2024,Nandini Cassata Ice Cream (150ml),Frozen,Bengaluru,Apex Dairy Supplies Bengaluru,297,55,16335,Retail,UPI
30-04-2024,Nandini Milk Peda (250g),Sweets,Kalaburagi,Kalyana Karnataka Foods Kalaburagi,183,140,25620,Hotel / Restaurant,UPI
30-04-2024,Nandini Sweet Lassi (200ml),Beverages,Davanagere,Central Karnataka Traders Davanagere,489,20,9780,Supermarket,Net Banking
30-04-2024,Nandini Flavoured Milk Badam (200ml),Beverages,Bengaluru,Apex Dairy Supplies Bengaluru,391,35,13685,Hotel / Restaurant,Distributor Credit
30-04-2024,Nandini Sweet Lassi (200ml),Beverages,Bengaluru,Apex Dairy Supplies Bengaluru,1625,20,32500,,UPI
30-04-2024,Nandini Salted Butter (500g),Ghee & Butter,Bengaluru,Apex Dairy Supplies Bengaluru,45,275,12375,Supermarket,UPI
30-04-2024,Nandini Kulfi (50ml),Frozen,Belagavi,North Karnataka Milk Center Belagavi,650,25,16250,Institution,UPI
30-04-2024,Nandini Kulfi (50ml),Frozen,Mangaluru,Coastal Cool Logistics Mangaluru,624,25,15600,Wholesale,UPI
30-04-2024,Nandini Sweet Lassi (200ml),Beverages,Mysuru,Chamundi Agencies Mysuru,301,20,6020,Retail,Net Banking
01-05-2024,Nandini Mysore Pak (250g),Sweets,Bengaluru,Apex Dairy Supplies Bengaluru,124,160,19840,Retail,UPI
01-05-2024,Nandini Toned Milk (1L),Milk,Hubballi,Kittur Distributors Hubballi,666,42,27972,Retail,UPI
01-05-2024,Nandini Sweet Lassi (200ml),Beverages,Bengaluru,Apex Dairy Supplies Bengaluru,548,20,10960,Supermarket,UPI
01-05-2024,Nandini Flavoured Milk Badam (200ml),Beverages,Hubballi,Kittur Distributors Hubballi,330,35,11550,Hotel / Restaurant,Cash
01-05-2024,Nandini Cassata Ice Cream (150ml),Frozen,Ballari,Tungabhadra Dairy Logistics Ballari,197,55,10835,Retail,UPI
01-05-2024,Nandini Cassata Ice Cream (150ml),Frozen,Shivamogga,Malnad Dairy Network Shivamogga,277,55,15235,Wholesale,UPI
01-05-2024,Nandini Spiced Buttermilk (200ml),Beverages,Mysuru,Chamundi Agencies Mysuru,729,12,8748,Retail,Net Banking
01-05-2024,Nandini Salted Butter (500g),Ghee & Butter,Bengaluru,Apex Dairy Supplies Bengaluru,50,275,13750,Retail,Distributor Credit
01-05-2024,Nandini Samrudhi Milk (1L),Milk,Mangaluru,Coastal Cool Logistics Mangaluru,171,54,9234,Retail,Net Banking
01-05-2024,Nandini Toned Milk (1L),Milk,Shivamogga,Malnad Dairy Network Shivamogga,405,42,17010,Supermarket,UPI
01-05-2024,Nandini Mysore Pak (250g),Sweets,Davanagere,Central Karnataka Traders Davanagere,201,160,32160,Institution,Cash
02-05-2024,Nandini Sweet Lassi (200ml),Beverages,Mangaluru,Coastal Cool Logistics Mangaluru,616,20,12320,Retail,UPI
02-05-2024,Nandini Cassata Ice Cream (150ml),Frozen,Mysuru,Chamundi Agencies Mysuru,465,55,25575,Wholesale,UPI
02-05-2024,Nandini Toned Milk (1L),Milk,Bengaluru,Apex Dairy Supplies Bengaluru,1068,42,44856,Retail,UPI
02-05-2024,Nandini Pure Ghee (1L),Ghee & Butter,Hubballi,Kittur Distributors Hubballi,69,610,42090,Retail,UPI
02-05-2024,Nandini Sweet Lassi (200ml),Beverages,Davanagere,Central Karnataka Traders Davanagere,997,20,19940,Institution,UPI
02-05-2024,Nandini Spiced Buttermilk (200ml),Beverages,Bengaluru,Apex Dairy Supplies Bengaluru,932,12,11184,Retail,Cash
02-05-2024,Nandini Salted Butter (500g),Ghee & Butter,Bengaluru,Apex Dairy Supplies Bengaluru,41,275,11275,Retail,UPI
03-05-2024,Nandini Mysore Pak (250g),Sweets,Belagavi,North Karnataka Milk Center Belagavi,208,160,33280,Wholesale,Cash
03-05-2024,Nandini Spiced Buttermilk (200ml),Beverages,Mysuru,Chamundi Agencies Mysuru,1356,12,16272,Retail,UPI
03-05-2024,Nandini Sweet Lassi (200ml),Beverages,Bengaluru,Apex Dairy Supplies Bengaluru,720,20,14400,Retail,Credit Card
03-05-2024,Nandini Cassata Ice Cream (150ml),Frozen,Bengaluru,Apex Dairy Supplies Bengaluru,250,55,13750,Supermarket,UPI
03-05-2024,Nandini Spiced Buttermilk (200ml),Beverages,Bengaluru,Apex Dairy Supplies Bengaluru,1705,12,20460,Retail,Cash
03-05-2024,Nandini Mysore Pak (250g),Sweets,Kalaburagi,Kalyana Karnataka Foods Kalaburagi,41,160,6560,Retail,Distributor Credit
03-05-2024,Nandini Samrudhi Milk (1L),Milk,Bengaluru,Apex Dairy Supplies Bengaluru,277,54,14958,Supermarket,UPI
03-05-2024,Nandini Kulfi (50ml),Frozen,Kalaburagi,Kalyana Karnataka Foods Kalaburagi,335,25,8375,Retail,UPI
03-05-2024,Nandini Cassata Ice Cream (150ml),Frozen,Bengaluru,Apex Dairy Supplies Bengaluru,294,55,16170,Supermarket,UPI
03-05-2024,Nandini Pure Ghee (500ml),Ghee & Butter,Mysuru,Chamundi Agencies Mysuru,103,315,32445,Supermarket,Distributor Credit
03-05-2024,Nandini Homogenised Cow Milk (1L),Milk,Tumakuru,Siddaganga Milk Express Tumakuru,614,46,28244,Supermarket,Credit Card
04-05-2024,Nandini Gulab Jamun (1kg),Sweets,Mysuru,Chamundi Agencies Mysuru,38,260,9880,Retail,UPI
04-05-2024,Nandini Homogenised Cow Milk (1L),Milk,Shivamogga,Malnad Dairy Network Shivamogga,309,46,14214,Retail,Credit Card
04-05-2024,Nandini Kulfi (50ml),Frozen,Bengaluru,Apex Dairy Supplies Bengaluru,353,25,8825,Retail,UPI
04-05-2024,Nandini Homogenised Cow Milk (1L),Milk,Bengaluru,Apex Dairy Supplies Bengaluru,388,46,17848,Retail,Net Banking
04-05-2024,Nandini Fresh Paneer (200g),Fresh Dairy,Mangaluru,Coastal Cool Logistics Mangaluru,268,95,25460,Retail,Distributor Credit
04-05-2024,Nandini Homogenised Cow Milk (1L),Milk,Mangaluru,Coastal Cool Logistics Mangaluru,440,46,20240,Supermarket,UPI
04-05-2024,Nandini Kulfi (50ml),Frozen,Hubballi,Kittur Distributors Hubballi,333,25,8325,Supermarket,Net Banking
04-05-2024,Nandini Curd (500g),Fresh Dairy,Mysuru,Chamundi Agencies Mysuru,917,26,23842,Retail,Net Banking
04-05-2024,Nandini Special Milk (1L),Milk,Bengaluru,Apex Dairy Supplies Bengaluru,575,48,27600,Wholesale,Net Banking
04-05-2024,Nandini Pure Ghee (1L),Ghee & Butter,Mysuru,Chamundi Agencies Mysuru,41,610,25010,Hotel / Restaurant,UPI
04-05-2024,Nandini Curd (500g),Fresh Dairy,Mysuru,Chamundi Agencies Mysuru,851,26,22126,Retail,UPI
05-05-2024,Nandini Kulfi (50ml),Frozen,Hubballi,Kittur Distributors Hubballi,714,25,17850,Wholesale,UPI
05-05-2024,Nandini Salted Butter (500g),Ghee & Butter,Bengaluru,Apex Dairy Supplies Bengaluru,33,275,9075,Retail,UPI
05-05-2024,Nandini Salted Butter (500g),Ghee & Butter,Hubballi,Kittur Distributors Hubballi,110,275,30250,Supermarket,UPI
05-05-2024,Nandini Milk Peda (250g),Sweets,Tumakuru,Siddaganga Milk Express Tumakuru,156,140,21840,Supermarket,Net Banking
05-05-2024,Nandini Samrudhi Milk (1L),Milk,Tumakuru,Siddaganga Milk Express Tumakuru,215,54,11610,Retail,Net Banking
05-05-2024,Nandini Special Milk (1L),Milk,Mysuru,Chamundi Agencies Mysuru,416,48,19968,Wholesale,Cash
05-05-2024,Nandini Gulab Jamun (1kg),Sweets,Belagavi,North Karnataka Milk Center Belagavi,92,260,23920,Supermarket,Cash
05-05-2024,Nandini Gulab Jamun (1kg),Sweets,Belagavi,North Karnataka Milk Center Belagavi,37,260,9620,Retail,Distributor Credit
05-05-2024,Nandini Sweet Lassi (200ml),Beverages,Bengaluru,Apex Dairy Supplies Bengaluru,590,20,11800,Supermarket,Credit Card
05-05-2024,Nandini Special Milk (1L),Milk,Ballari,Tungabhadra Dairy Logistics Ballari,291,48,13968,Supermarket,UPI
05-05-2024,Nandini Homogenised Cow Milk (1L),Milk,Bengaluru,Apex Dairy Supplies Bengaluru,763,46,35098,Wholesale,Credit Card
05-05-2024,Nandini Curd (500g),Fresh Dairy,Bengaluru,Apex Dairy Supplies Bengaluru,1076,26,27976,Hotel / Restaurant,UPI
05-05-2024,Nandini Homogenised Cow Milk (1L),Milk,Mysuru,Chamundi Agencies Mysuru,677,46,31142,Retail,Distributor Credit
05-05-2024,Nandini Shubham Milk (1L),Milk,Mysuru,Chamundi Agencies Mysuru,597,50,29850,Institution,UPI
05-05-2024,Nandini Flavoured Milk Badam (200ml),Beverages,Mysuru,Chamundi Agencies Mysuru,587,35,20545,Hotel / Restaurant,Net Banking
05-05-2024,Nandini Gulab Jamun (1kg),Sweets,Bengaluru,Apex Dairy Supplies Bengaluru,58,260,15080,Wholesale,UPI
05-05-2024,Nandini Kulfi (50ml),Frozen,Hubballi,Kittur Distributors Hubballi,238,25,5950,Retail,Net Banking
06-05-2024,Nandini Flavoured Milk Badam (200ml),Beverages,Bengaluru,Apex Dairy Supplies Bengaluru,171,35,5985,Supermarket,UPI
06-05-2024,Nandini Homogenised Cow Milk (1L),Milk,Hubballi,Kittur Distributors Hubballi,689,46,31694,Retail,Net Banking
06-05-2024,Nandini Toned Milk (1L),Milk,Bengaluru,Apex Dairy Supplies Bengaluru,625,42,26250,Retail,UPI
06-05-2024,Nandini Special Milk (1L),Milk,Mangaluru,Coastal Cool Logistics Mangaluru,329,48,15792,Retail,Cash
06-05-2024,Nandini Homogenised Cow Milk (1L),Milk,Bengaluru,Apex Dairy Supplies Bengaluru,558,46,25668,Retail,Credit Card
06-05-2024,Nandini Pure Ghee (500ml),Ghee & Butter,Belagavi,North Karnataka Milk Center Belagavi,114,315,35910,Retail,Net Banking
06-05-2024,Nandini Spiced Buttermilk (200ml),Beverages,Bengaluru,Apex Dairy Supplies Bengaluru,1657,12,19884,Retail,Credit Card
06-05-2024,Nandini Homogenised Cow Milk (1L),Milk,Mysuru,Chamundi Agencies Mysuru,1122,46,51612,Wholesale,UPI
06-05-2024,Nandini Salted Butter (500g),Ghee & Butter,Bengaluru,Apex Dairy Supplies Bengaluru,133,275,36575,Retail,Credit Card
06-05-2024,Nandini Homogenised Cow Milk (1L),Milk,Bengaluru,Apex Dairy Supplies Bengaluru,999,46,45954,Retail,Cash
06-05-2024,Nandini Homogenised Cow Milk (1L),Milk,Bengaluru,Apex Dairy Supplies Bengaluru,460,46,21160,,UPI
06-05-2024,Nandini Shubham Milk (1L),Milk,Bengaluru,Apex Dairy Supplies Bengaluru,381,50,19050,Supermarket,UPI
06-05-2024,Nandini Fresh Paneer (200g),Fresh Dairy,Bengaluru,Apex Dairy Supplies Bengaluru,134,95,12730,Retail,UPI
06-05-2024,Nandini Set Curd (400g),Fresh Dairy,Kalaburagi,Kalyana Karnataka Foods Kalaburagi,165,40,6600,Supermarket,UPI
06-05-2024,Nandini Shubham Milk (1L),Milk,Bengaluru,Apex Dairy Supplies Bengaluru,359,50,17950,Hotel / Restaurant,UPI
06-05-2024,Nandini Sweet Lassi (200ml),Beverages,Hubballi,Kittur Distributors Hubballi,549,20,10980,Supermarket,UPI
06-05-2024,Nandini Samrudhi Milk (1L),Milk,Mysuru,Chamundi Agencies Mysuru,221,54,11934,Retail,Net Banking
06-05-2024,Nandini Set Curd (400g),Fresh Dairy,Bengaluru,Apex Dairy Supplies Bengaluru,242,40,9680,Supermarket,Net Banking
06-05-2024,Nandini Special Milk (1L),Milk,Mysuru,Chamundi Agencies Mysuru,397,48,19056,Retail,Net Banking
07-05-2024,Nandini Shubham Milk (1L),Milk,Bengaluru,Apex Dairy Supplies Bengaluru,552,50,27600,Hotel / Restaurant,Credit Card
07-05-2024,Nandini Curd (500g),Fresh Dairy,Bengaluru,Apex Dairy Supplies Bengaluru,1265,26,32890,Supermarket,UPI
07-05-2024,Nandini Special Milk (1L),Milk,Kalaburagi,Kalyana Karnataka Foods Kalaburagi,636,48,30528,Institution,UPI
07-05-2024,Nandini Homogenised Cow Milk (1L),Milk,Bengaluru,Apex Dairy Supplies Bengaluru,534,46,24564,Supermarket,Distributor Credit
07-05-2024,Nandini Shubham Milk (1L),Milk,Bengaluru,Apex Dairy Supplies Bengaluru,217,50,10850,Hotel / Restaurant,Net Banking
07-05-2024,Nandini Homogenised Cow Milk (1L),Milk,Bengaluru,Apex Dairy Supplies Bengaluru,966,46,44436,Institution,Cash
07-05-2024,Nandini Curd (500g),Fresh Dairy,Bengaluru,Apex Dairy Supplies Bengaluru,1193,26,31018,Retail,UPI
07-05-2024,Nandini Cassata Ice Cream (150ml),Frozen,Bengaluru,Apex Dairy Supplies Bengaluru,459,55,25245,Wholesale,Distributor Credit
07-05-2024,Nandini Gulab Jamun (1kg),Sweets,Hubballi,Kittur Distributors Hubballi,29,260,7540,Retail,Cash
07-05-2024,Nandini Kulfi (50ml),Frozen,Mysuru,Chamundi Agencies Mysuru,426,25,10650,Retail,UPI
08-05-2024,Nandini Samrudhi Milk (1L),Milk,Mangaluru,Coastal Cool Logistics Mangaluru,262,54,14148,Retail,Net Banking
08-05-2024,Nandini Set Curd (400g),Fresh Dairy,Bengaluru,Apex Dairy Supplies Bengaluru,293,40,11720,Retail,Credit Card
08-05-2024,Nandini Toned Milk (1L),Milk,Kalaburagi,Kalyana Karnataka Foods Kalaburagi,1090,42,45780,Institution,Cash
08-05-2024,Nandini Toned Milk (1L),Milk,Belagavi,North Karnataka Milk Center Belagavi,777,42,32634,Retail,Net Banking
08-05-2024,Nandini Spiced Buttermilk (200ml),Beverages,Bengaluru,Apex Dairy Supplies Bengaluru,1791,12,21492,Wholesale,Distributor Credit
08-05-2024,Nandini Flavoured Milk Badam (200ml),Beverages,Mangaluru,Coastal Cool Logistics Mangaluru,310,35,10850,Supermarket,UPI
08-05-2024,Nandini Salted Butter (500g),Ghee & Butter,Hubballi,Kittur Distributors Hubballi,59,275,16225,Supermarket,Net Banking
08-05-2024,Nandini Homogenised Cow Milk (1L),Milk,Bengaluru,Apex Dairy Supplies Bengaluru,859,46,39514,Retail,Distributor Credit
08-05-2024,Nandini Curd (500g),Fresh Dairy,Hubballi,Kittur Distributors Hubballi,1399,26,36374,Institution,Cash
08-05-2024,Nandini Flavoured Milk Badam (200ml),Beverages,Mangaluru,Coastal Cool Logistics Mangaluru,495,35,17325,Hotel / Restaurant,Cash
08-05-2024,Nandini Special Milk (1L),Milk,Shivamogga,Malnad Dairy Network Shivamogga,230,48,11040,Retail,Distributor Credit
09-05-2024,Nandini Mysore Pak (250g),Sweets,Kalaburagi,Kalyana Karnataka Foods Kalaburagi,72,160,11520,Wholesale,UPI
09-05-2024,Nandini Cassata Ice Cream (150ml),Frozen,Belagavi,North Karnataka Milk Center Belagavi,224,55,12320,Retail,UPI
09-05-2024,Nandini Spiced Buttermilk (200ml),Beverages,Kalaburagi,Kalyana Karnataka Foods Kalaburagi,1128,12,13536,Retail,Distributor Credit
09-05-2024,Nandini Salted Butter (500g),Ghee & Butter,Mangaluru,Coastal Cool Logistics Mangaluru,72,275,19800,Retail,Distributor Credit
09-05-2024,Nandini Mysore Pak (250g),Sweets,Bengaluru,Apex Dairy Supplies Bengaluru,130,160,20800,Supermarket,UPI
09-05-2024,Nandini Special Milk (1L),Milk,Bengaluru,Apex Dairy Supplies Bengaluru,665,48,31920,Supermarket,Distributor Credit
09-05-2024,Nandini Sweet Lassi (200ml),Beverages,Hubballi,Kittur Distributors Hubballi,1334,20,26680,Institution,UPI
09-05-2024,Nandini Pure Ghee (500ml),Ghee & Butter,Mysuru,Chamundi Agencies Mysuru,133,315,41895,Institution,Net Banking
09-05-2024,Nandini Toned Milk (1L),Milk,Ballari,Tungabhadra Dairy Logistics Ballari,994,42,41748,Retail,Cash
09-05-2024,Nandini Samrudhi Milk (1L),Milk,Bengaluru,Apex Dairy Supplies Bengaluru,270,54,14580,Hotel / Restaurant,Net Banking
09-05-2024,Nandini Spiced Buttermilk (200ml),Beverages,Bengaluru,Apex Dairy Supplies Bengaluru,2761,12,33132,Wholesale,Distributor Credit
09-05-2024,Nandini Milk Peda (250g),Sweets,Mysuru,Chamundi Agencies Mysuru,169,140,23660,Institution,UPI
09-05-2024,Nandini Special Milk (1L),Milk,Bengaluru,Apex Dairy Supplies Bengaluru,538,48,25824,Hotel / Restaurant,Net Banking
09-05-2024,Nandini Fresh Paneer (200g),Fresh Dairy,Bengaluru,Apex Dairy Supplies Bengaluru,538,95,51110,Wholesale,UPI
10-05-2024,Nandini Salted Butter (500g),Ghee & Butter,Bengaluru,Apex Dairy Supplies Bengaluru,34,275,9350,Supermarket,Cash
10-05-2024,Nandini Unsalted Butter (500g),Ghee & Butter,Bengaluru,Apex Dairy Supplies Bengaluru,169,280,47320,Institution,UPI
10-05-2024,Nandini Pure Ghee (500ml),Ghee & Butter,Bengaluru,Apex Dairy Supplies Bengaluru,58,315,18270,Retail,UPI
10-05-2024,Nandini Samrudhi Milk (1L),Milk,Hubballi,Kittur Distributors Hubballi,144,54,7776,Retail,Net Banking
10-05-2024,Nandini Fresh Paneer (200g),Fresh Dairy,Shivamogga,Malnad Dairy Network Shivamogga,224,95,21280,Retail,UPI
10-05-2024,Nandini Mysore Pak (250g),Sweets,Bengaluru,Apex Dairy Supplies Bengaluru,131,160,20960,Supermarket,UPI
10-05-2024,Nandini Spiced Buttermilk (200ml),Beverages,Hubballi,Kittur Distributors Hubballi,1187,12,14244,Institution,Cash
10-05-2024,Nandini Spiced Buttermilk (200ml),Beverages,Bengaluru,Apex Dairy Supplies Bengaluru,2002,12,24024,Hotel / Restaurant,UPI
10-05-2024,Nandini Spiced Buttermilk (200ml),Beverages,Mangaluru,Coastal Cool Logistics Mangaluru,2374,12,28488,Wholesale,Cash
10-05-2024,Nandini Sweet Lassi (200ml),Beverages,Shivamogga,Malnad Dairy Network Shivamogga,329,20,6580,Supermarket,UPI
10-05-2024,Nandini Pure Ghee (1L),Ghee & Butter,Davanagere,Central Karnataka Traders Davanagere,42,610,25620,Wholesale,Net Banking
10-05-2024,Nandini Homogenised Cow Milk (1L),Milk,Bengaluru,Apex Dairy Supplies Bengaluru,730,46,33580,Retail,Distributor Credit
10-05-2024,Nandini Kulfi (50ml),Frozen,davanagere ,Central Karnataka Traders Davanagere,282,25,7050,Retail,UPI
10-05-2024,Nandini Salted Butter (500g),Ghee & Butter,Mysuru,Chamundi Agencies Mysuru,187,275,51425,Wholesale,UPI
10-05-2024,Nandini Flavoured Milk Badam (200ml),Beverages,Hubballi,Kittur Distributors Hubballi,572,35,20020,Hotel / Restaurant,Cash
10-05-2024,Nandini Special Milk (1L),Milk,Mysuru,Chamundi Agencies Mysuru,940,48,45120,Wholesale,Cash
10-05-2024,Nandini Salted Butter (500g),Ghee & Butter,Bengaluru,Apex Dairy Supplies Bengaluru,83,275,22825,Retail,UPI
11-05-2024,Nandini Toned Milk (1L),Milk,Bengaluru,Apex Dairy Supplies Bengaluru,1222,42,51324,Supermarket,Net Banking
11-05-2024,Nandini Shubham Milk (1L),Milk,Bengaluru,Apex Dairy Supplies Bengaluru,435,50,21750,Hotel / Restaurant,Cash
11-05-2024,Nandini Set Curd (400g),Fresh Dairy,Mangaluru,Coastal Cool Logistics Mangaluru,226,40,9040,Retail,UPI
11-05-2024,Nandini Special Milk (1L),Milk,Belagavi,North Karnataka Milk Center Belagavi,826,48,39648,Institution,Cash
11-05-2024,Nandini Kulfi (50ml),Frozen,Bengaluru,Apex Dairy Supplies Bengaluru,362,25,9050,Retail,UPI
11-05-2024,Nandini Sweet Lassi (200ml),Beverages,Belagavi,North Karnataka Milk Center Belagavi,713,20,14260,Retail,Net Banking
11-05-2024,Nandini Curd (500g),Fresh Dairy,Hubballi,Kittur Distributors Hubballi,616,26,16016,Retail,Net Banking
11-05-2024,Nandini Flavoured Milk Badam (200ml),Beverages,Belagavi,North Karnataka Milk Center Belagavi,374,35,13090,Wholesale,Cash
11-05-2024,Nandini Milk Peda (250g),Sweets,Davanagere,Central Karnataka Traders Davanagere,255,140,35700,Wholesale,Cash
12-05-2024,Nandini Samrudhi Milk (1L),Milk,Bengaluru,Apex Dairy Supplies Bengaluru,363,54,19602,Wholesale,UPI
12-05-2024,Nandini Special Milk (1L),Milk,Belagavi,North Karnataka Milk Center Belagavi,337,48,16176,Retail,UPI
12-05-2024,Nandini Gulab Jamun (1kg),Sweets,Belagavi,North Karnataka Milk Center Belagavi,111,260,28860,Hotel / Restaurant,Distributor Credit
12-05-2024,Nandini Spiced Buttermilk (200ml),Beverages,Bengaluru,Apex Dairy Supplies Bengaluru,1104,12,13248,Retail,Distributor Credit
12-05-2024,Nandini Mysore Pak (250g),Sweets,Hubballi,Kittur Distributors Hubballi,345,160,55200,Wholesale,UPI
12-05-2024,Nandini Spiced Buttermilk (200ml),Beverages,Belagavi,North Karnataka Milk Center Belagavi,1437,12,17244,Retail,Credit Card
12-05-2024,Nandini Pure Ghee (1L),Ghee & Butter,Hubballi,Kittur Distributors Hubballi,47,610,28670,Retail,Net Banking
12-05-2024,Nandini Special Milk (1L),Milk,Bengaluru,Apex Dairy Supplies Bengaluru,315,48,15120,Retail,Cash
12-05-2024,Nandini Set Curd (400g),Fresh Dairy,Bengaluru,Apex Dairy Supplies Bengaluru,503,40,20120,Wholesale,Net Banking
12-05-2024,Nandini Homogenised Cow Milk (1L),Milk,Bengaluru,Apex Dairy Supplies Bengaluru,600,46,27600,Hotel / Restaurant,UPI
12-05-2024,Nandini Homogenised Cow Milk (1L),Milk,Davanagere,Central Karnataka Traders Davanagere,297,46,13662,Retail,UPI
12-05-2024,Nandini Kulfi (50ml),Frozen,Davanagere,Central Karnataka Traders Davanagere,660,25,16500,Wholesale,Net Banking
12-05-2024,Nandini Gulab Jamun (1kg),Sweets,Bengaluru,Apex Dairy Supplies Bengaluru,58,260,15080,Hotel / Restaurant,UPI
12-05-2024,Nandini Unsalted Butter (500g),Ghee & Butter,Bengaluru,Apex Dairy Supplies Bengaluru,58,280,16240,Retail,Credit Card
12-05-2024,Nandini Sweet Lassi (200ml),Beverages,Bengaluru,Apex Dairy Supplies Bengaluru,952,20,19040,Supermarket,Net Banking
12-05-2024,Nandini Pure Ghee (500ml),Ghee & Butter,Belagavi,North Karnataka Milk Center Belagavi,123,315,38745,Supermarket,Distributor Credit
12-05-2024,Nandini Special Milk (1L),Milk,Bengaluru,Apex Dairy Supplies Bengaluru,588,48,28224,Retail,Distributor Credit
12-05-2024,Nandini Cassata Ice Cream (150ml),Frozen,Bengaluru,Apex Dairy Supplies Bengaluru,333,55,18315,Retail,UPI
12-05-2024,Nandini Kulfi (50ml),Frozen,Mangaluru,Coastal Cool Logistics Mangaluru,301,25,7525,Retail,UPI
12-05-2024,Nandini Salted Butter (500g),Ghee & Butter,Mangaluru,Coastal Cool Logistics Mangaluru,53,275,14575,Wholesale,Cash
12-05-2024,Nandini Fresh Paneer (200g),Fresh Dairy,Bengaluru,Apex Dairy Supplies Bengaluru,332,95,31540,Retail,UPI
13-05-2024,Nandini Curd (500g),Fresh Dairy,Kalaburagi,Kalyana Karnataka Foods Kalaburagi,636,26,16536,Institution,Credit Card
13-05-2024,Nandini Cassata Ice Cream (150ml),Frozen,Shivamogga,Malnad Dairy Network Shivamogga,124,55,6820,Retail,UPI
13-05-2024,Nandini Gulab Jamun (1kg),Sweets,Davanagere,Central Karnataka Traders Davanagere,40,260,10400,Wholesale,Net Banking
13-05-2024,Nandini Sweet Lassi (200ml),Beverages,Mysuru,Chamundi Agencies Mysuru,647,20,12940,Retail,Net Banking
13-05-2024,Nandini Cassata Ice Cream (150ml),Frozen,Mysuru,Chamundi Agencies Mysuru,332,55,18260,Hotel / Restaurant,Distributor Credit
13-05-2024,Nandini Curd (500g),Fresh Dairy,Hubballi,Kittur Distributors Hubballi,498,26,12948,Retail,UPI
13-05-2024,Nandini Samrudhi Milk (1L),Milk,Mysuru,Chamundi Agencies Mysuru,145,54,7830,Retail,UPI
14-05-2024,Nandini Curd (500g),Fresh Dairy,Ballari,Tungabhadra Dairy Logistics Ballari,1000,26,26000,Hotel / Restaurant,Credit Card
14-05-2024,Nandini Mysore Pak (250g),Sweets,Bengaluru,Apex Dairy Supplies Bengaluru,60,160,9600,Supermarket,Credit Card
14-05-2024,Nandini Pure Ghee (500ml),Ghee & Butter,Mysuru,Chamundi Agencies Mysuru,215,315,67725,Wholesale,Cash
14-05-2024,Nandini Unsalted Butter (500g),Ghee & Butter,Bengaluru,Apex Dairy Supplies Bengaluru,59,280,16520,Retail,Cash
14-05-2024,Nandini Spiced Buttermilk (200ml),Beverages,Hubballi,Kittur Distributors Hubballi,1317,12,15804,Retail,Credit Card
14-05-2024,Nandini Set Curd (400g),Fresh Dairy,Tumakuru,Siddaganga Milk Express Tumakuru,240,40,9600,Retail,Cash
14-05-2024,Nandini Toned Milk (1L),Milk,Hubballi,Kittur Distributors Hubballi,1934,42,81228,Institution,Credit Card
14-05-2024,Nandini Curd (500g),Fresh Dairy,Belagavi,North Karnataka Milk Center Belagavi,452,26,11752,Supermarket,Credit Card
14-05-2024,Nandini Salted Butter (500g),Ghee & Butter,Mysuru,Chamundi Agencies Mysuru,82,275,22550,Retail,Cash
14-05-2024,Nandini Gulab Jamun (1kg),Sweets,Bengaluru,Apex Dairy Supplies Bengaluru,128,260,33280,Institution,Cash
14-05-2024,Nandini Salted Butter (500g),Ghee & Butter,Mysuru,Chamundi Agencies Mysuru,45,275,12375,Hotel / Restaurant,Cash
14-05-2024,Nandini Milk Peda (250g),Sweets,Bengaluru,Apex Dairy Supplies Bengaluru,167,140,23380,Supermarket,UPI
14-05-2024,Nandini Salted Butter (500g),Ghee & Butter,Davanagere,Central Karnataka Traders Davanagere,33,275,9075,Retail,UPI
14-05-2024,Nandini Sweet Lassi (200ml),Beverages,Kalaburagi,Kalyana Karnataka Foods Kalaburagi,776,20,15520,Retail,UPI
14-05-2024,Nandini Special Milk (1L),Milk,Mysuru,Chamundi Agencies Mysuru,255,48,12240,Retail,UPI
15-05-2024,Nandini Sweet Lassi (200ml),Beverages,Mysuru,Chamundi Agencies Mysuru,698,20,13960,Retail,Cash
15-05-2024,Nandini Cassata Ice Cream (150ml),Frozen,Bengaluru,Apex Dairy Supplies Bengaluru,203,55,11165,Retail,Cash
15-05-2024,Nandini Pure Ghee (500ml),Ghee & Butter,Bengaluru,Apex Dairy Supplies Bengaluru,149,315,46935,Retail,UPI
15-05-2024,Nandini Pure Ghee (500ml),Ghee & Butter,Belagavi,North Karnataka Milk Center Belagavi,77,315,24255,Retail,UPI
15-05-2024,Nandini Kulfi (50ml),Frozen,Bengaluru,Apex Dairy Supplies Bengaluru,346,25,8650,Retail,UPI
15-05-2024,Nandini Cassata Ice Cream (150ml),Frozen,Bengaluru,Apex Dairy Supplies Bengaluru,535,55,29425,Wholesale,UPI
15-05-2024,Nandini Gulab Jamun (1kg),Sweets,Bengaluru,Apex Dairy Supplies Bengaluru,27,260,7020,Retail,UPI
15-05-2024,Nandini Curd (500g),Fresh Dairy,Davanagere,Central Karnataka Traders Davanagere,1421,26,36946,Wholesale,UPI
15-05-2024,Nandini Kulfi (50ml),Frozen,Ballari,Tungabhadra Dairy Logistics Ballari,291,25,7275,Retail,UPI
15-05-2024,Nandini Mysore Pak (250g),Sweets,Davanagere,Central Karnataka Traders Davanagere,67,160,10720,Retail,UPI
15-05-2024,Nandini Homogenised Cow Milk (1L),Milk,Bengaluru,Apex Dairy Supplies Bengaluru,422,46,19412,Retail,Credit Card
15-05-2024,Nandini Salted Butter (500g),Ghee & Butter,Bengaluru,Apex Dairy Supplies Bengaluru,143,275,39325,Retail,UPI
15-05-2024,Nandini Salted Butter (500g),Ghee & Butter,Shivamogga,Malnad Dairy Network Shivamogga,28,275,7700,Retail,Net Banking
15-05-2024,Nandini Toned Milk (1L),Milk,Bengaluru,Apex Dairy Supplies Bengaluru,697,42,29274,Supermarket,Net Banking
15-05-2024,Nandini Toned Milk (1L),Milk,Mysuru,Chamundi Agencies Mysuru,461,42,19362,Retail,Net Banking
15-05-2024,Nandini Fresh Paneer (200g),Fresh Dairy,Bengaluru,Apex Dairy Supplies Bengaluru,334,95,31730,Wholesale,UPI
15-05-2024,Nandini Salted Butter (500g),Ghee & Butter,Bengaluru,Apex Dairy Supplies Bengaluru,144,275,39600,Hotel / Restaurant,Cash
16-05-2024,Nandini Homogenised Cow Milk (1L),Milk,Hubballi,Kittur Distributors Hubballi,1464,46,67344,Institution,UPI
16-05-2024,Nandini Mysore Pak (250g),Sweets,Bengaluru,Apex Dairy Supplies Bengaluru,146,160,23360,Retail,UPI
16-05-2024,Nandini Salted Butter (500g),Ghee & Butter,Bengaluru,Apex Dairy Supplies Bengaluru,92,275,25300,Supermarket,UPI
16-05-2024,Nandini Mysore Pak (250g),Sweets,Shivamogga,Malnad Dairy Network Shivamogga,75,160,12000,Supermarket,UPI
16-05-2024,Nandini Shubham Milk (1L),Milk,Hubballi,Kittur Distributors Hubballi,221,50,11050,Hotel / Restaurant,UPI
16-05-2024,Nandini Pure Ghee (500ml),Ghee & Butter,Bengaluru,Apex Dairy Supplies Bengaluru,197,315,62055,Retail,Cash
16-05-2024,Nandini Gulab Jamun (1kg),Sweets,Mangaluru,Coastal Cool Logistics Mangaluru,126,260,32760,Wholesale,Distributor Credit
16-05-2024,Nandini Mysore Pak (250g),Sweets,Mysuru,Chamundi Agencies Mysuru,131,160,20960,Supermarket,Cash
16-05-2024,Nandini Unsalted Butter (500g),Ghee & Butter,Bengaluru,Apex Dairy Supplies Bengaluru,118,280,33040,Hotel / Restaurant,Net Banking
16-05-2024,Nandini Toned Milk (1L),Milk,Davanagere,Central Karnataka Traders Davanagere,878,42,36876,Wholesale,Net Banking
16-05-2024,Nandini Pure Ghee (500ml),Ghee & Butter,Bengaluru,Apex Dairy Supplies Bengaluru,90,315,28350,Supermarket,UPI
16-05-2024,Nandini Milk Peda (250g),Sweets,Tumakuru,Siddaganga Milk Express Tumakuru,123,140,17220,Retail,UPI
17-05-2024,Nandini Pure Ghee (1L),Ghee & Butter,Belagavi,North Karnataka Milk Center Belagavi,120,610,73200,Hotel / Restaurant,UPI
17-05-2024,Nandini Milk Peda (250g),Sweets,Mangaluru,Coastal Cool Logistics Mangaluru,52,140,7280,Hotel / Restaurant,Distributor Credit
17-05-2024,Nandini Fresh Paneer (200g),Fresh Dairy,Tumakuru,Siddaganga Milk Express Tumakuru,145,95,13775,Supermarket,Net Banking
17-05-2024,Nandini Cassata Ice Cream (150ml),Frozen,Mangaluru,Coastal Cool Logistics Mangaluru,67,55,3685,Retail,Net Banking
17-05-2024,Nandini Fresh Paneer (200g),Fresh Dairy,Bengaluru,Apex Dairy Supplies Bengaluru,168,95,15960,Retail,UPI
17-05-2024,Nandini Spiced Buttermilk (200ml),Beverages,Bengaluru,Apex Dairy Supplies Bengaluru,2106,12,25272,Hotel / Restaurant,Cash
17-05-2024,Nandini Shubham Milk (1L),Milk,Kalaburagi,Kalyana Karnataka Foods Kalaburagi,407,50,20350,Retail,Net Banking
17-05-2024,Nandini Set Curd (400g),Fresh Dairy,Belagavi,North Karnataka Milk Center Belagavi,162,40,6480,Supermarket,Credit Card
17-05-2024,Nandini Salted Butter (500g),Ghee & Butter,Bengaluru,Apex Dairy Supplies Bengaluru,78,275,21450,Retail,UPI
17-05-2024,Nandini Unsalted Butter (500g),Ghee & Butter,Mysuru,Chamundi Agencies Mysuru,77,280,21560,Supermarket,Credit Card
17-05-2024,Nandini Flavoured Milk Badam (200ml),Beverages,Belagavi,North Karnataka Milk Center Belagavi,202,35,7070,Retail,UPI
17-05-2024,Nandini Kulfi (50ml),Frozen,Bengaluru,Apex Dairy Supplies Bengaluru,550,25,13750,Retail,UPI
17-05-2024,Nandini Spiced Buttermilk (200ml),Beverages,Mysuru,Chamundi Agencies Mysuru,2614,12,31368,Institution,UPI
17-05-2024,Nandini Special Milk (1L),Milk,Belagavi,North Karnataka Milk Center Belagavi,363,48,17424,Hotel / Restaurant,UPI
17-05-2024,Nandini Kulfi (50ml),Frozen,Mangaluru,Coastal Cool Logistics Mangaluru,247,25,6175,Hotel / Restaurant,UPI
17-05-2024,Nandini Mysore Pak (250g),Sweets,Bengaluru,Apex Dairy Supplies Bengaluru,75,160,12000,Retail,Credit Card
17-05-2024,Nandini Toned Milk (1L),Milk,Bengaluru,Apex Dairy Supplies Bengaluru,1885,42,79170,Hotel / Restaurant,UPI
17-05-2024,Nandini Pure Ghee (1L),Ghee & Butter,Hubballi,Kittur Distributors Hubballi,74,610,45140,Retail,UPI
18-05-2024,Nandini Toned Milk (1L),Milk,Bengaluru,Apex Dairy Supplies Bengaluru,607,42,25494,Retail,UPI
18-05-2024,Nandini Sweet Lassi (200ml),Beverages,Bengaluru,Apex Dairy Supplies Bengaluru,950,20,19000,Retail,UPI
18-05-2024,Nandini Salted Butter (500g),Ghee & Butter,Hubballi,Kittur Distributors Hubballi,96,275,26400,Hotel / Restaurant,Net Banking
18-05-2024,Nandini Curd (500g),Fresh Dairy,Bengaluru,Apex Dairy Supplies Bengaluru,501,26,13026,Retail,UPI
18-05-2024,Nandini Special Milk (1L),Milk,Davanagere,Central Karnataka Traders Davanagere,207,48,9936,Supermarket,Cash
18-05-2024,Nandini Shubham Milk (1L),Milk,Ballari,Tungabhadra Dairy Logistics Ballari,432,50,21600,Retail,Net Banking
18-05-2024,Nandini Shubham Milk (1L),Milk,Mysuru,Chamundi Agencies Mysuru,391,50,19550,Hotel / Restaurant,Net Banking
18-05-2024,Nandini Milk Peda (250g),Sweets,Mysuru,Chamundi Agencies Mysuru,154,140,21560,Retail,UPI
18-05-2024,Nandini Homogenised Cow Milk (1L),Milk,Belagavi,North Karnataka Milk Center Belagavi,361,46,16606,Retail,UPI
18-05-2024,Nandini Sweet Lassi (200ml),Beverages,Kalaburagi,Kalyana Karnataka Foods Kalaburagi,638,20,12760,Supermarket,UPI
18-05-2024,Nandini Curd (500g),Fresh Dairy,Bengaluru,Apex Dairy Supplies Bengaluru,1142,26,29692,Retail,UPI
18-05-2024,Nandini Shubham Milk (1L),Milk,Mangaluru,Coastal Cool Logistics Mangaluru,425,50,21250,Hotel / Restaurant,Net Banking
18-05-2024,Nandini Toned Milk (1L),Milk,Mysuru,Chamundi Agencies Mysuru,1684,42,70728,Wholesale,Net Banking
18-05-2024,Nandini Cassata Ice Cream (150ml),Frozen,Mangaluru,Coastal Cool Logistics Mangaluru,165,55,9075,Supermarket,UPI
18-05-2024,Nandini Homogenised Cow Milk (1L),Milk,Bengaluru,Apex Dairy Supplies Bengaluru,895,46,41170,,UPI
18-05-2024,Nandini Sweet Lassi (200ml),Beverages,Bengaluru,Apex Dairy Supplies Bengaluru,797,20,15940,Supermarket,Net Banking
18-05-2024,Nandini Curd (500g),Fresh Dairy,Hubballi,Kittur Distributors Hubballi,1256,26,32656,Institution,Net Banking
18-05-2024,Nandini Cassata Ice Cream (150ml),Frozen,Bengaluru,Apex Dairy Supplies Bengaluru,402,55,22110,Hotel / Restaurant,Cash
19-05-2024,Nandini Milk Peda (250g),Sweets,Mysuru,Chamundi Agencies Mysuru,89,140,12460,Hotel / Restaurant,UPI
19-05-2024,Nandini Samrudhi Milk (1L),Milk,Hubballi,Kittur Distributors Hubballi,276,54,14904,Retail,Net Banking
19-05-2024,Nandini Toned Milk (1L),Milk,Bengaluru,Apex Dairy Supplies Bengaluru,747,42,31374,Supermarket,Net Banking
19-05-2024,Nandini Kulfi (50ml),Frozen,Tumakuru,Siddaganga Milk Express Tumakuru,159,25,3975,Supermarket,Net Banking
19-05-2024,Nandini Fresh Paneer (200g),Fresh Dairy,Ballari,Tungabhadra Dairy Logistics Ballari,344,95,32680,Wholesale,Cash
19-05-2024,Nandini Salted Butter (500g),Ghee & Butter,Tumakuru,Siddaganga Milk Express Tumakuru,48,275,13200,Wholesale,UPI
19-05-2024,Nandini Cassata Ice Cream (150ml),Frozen,Hubballi,Kittur Distributors Hubballi,209,55,11495,Institution,UPI
19-05-2024,Nandini Mysore Pak (250g),Sweets,Mysuru,Chamundi Agencies Mysuru,207,-160,33120,Institution,UPI
19-05-2024,Nandini Kulfi (50ml),Frozen,Tumakuru,Siddaganga Milk Express Tumakuru,160,25,4000,Retail,UPI
19-05-2024,Nandini Homogenised Cow Milk (1L),Milk,Belagavi,North Karnataka Milk Center Belagavi,1198,46,55108,Wholesale,UPI
19-05-2024,Nandini Gulab Jamun (1kg),Sweets,Bengaluru,Apex Dairy Supplies Bengaluru,52,260,13520,Supermarket,Cash
19-05-2024,Nandini Toned Milk (1L),Milk,Mysuru,Chamundi Agencies Mysuru,743,42,31206,Retail,UPI
20-05-2024,Nandini Homogenised Cow Milk (1L),Milk,Bengaluru,Apex Dairy Supplies Bengaluru,1388,46,63848,Wholesale,Cash
20-05-2024,  nandini kulfi (50ml)  ,Frozen,Bengaluru,Apex Dairy Supplies Bengaluru,515,25,12875,Supermarket,Credit Card
20-05-2024,Nandini Pure Ghee (1L),Ghee & Butter,Bengaluru,Apex Dairy Supplies Bengaluru,65,610,39650,Retail,Net Banking
20-05-2024,Nandini Spiced Buttermilk (200ml),Beverages,Kalaburagi,Kalyana Karnataka Foods Kalaburagi,1319,12,15828,Supermarket,UPI
20-05-2024,Nandini Spiced Buttermilk (200ml),Beverages,Mysuru,Chamundi Agencies Mysuru,660,12,7920,Supermarket,UPI
20-05-2024,Nandini Unsalted Butter (500g),Ghee & Butter,Mangaluru,Coastal Cool Logistics Mangaluru,66,280,18480,Retail,UPI
20-05-2024,Nandini Samrudhi Milk (1L),Milk,Tumakuru,Siddaganga Milk Express Tumakuru,223,54,12042,Retail,UPI
20-05-2024,Nandini Salted Butter (500g),Ghee & Butter,Bengaluru,Apex Dairy Supplies Bengaluru,215,275,59125,Wholesale,UPI
20-05-2024,Nandini Milk Peda (250g),Sweets,Mangaluru,Coastal Cool Logistics Mangaluru,80,140,11200,Supermarket,UPI
20-05-2024,Nandini Set Curd (400g),Fresh Dairy,Bengaluru,Apex Dairy Supplies Bengaluru,211,40,8440,Retail,UPI
20-05-2024,Nandini Pure Ghee (500ml),Ghee & Butter,Mangaluru,Coastal Cool Logistics Mangaluru,181,315,57015,Hotel / Restaurant,Net Banking
20-05-2024,Nandini Samrudhi Milk (1L),Milk,Mysuru,Chamundi Agencies Mysuru,383,54,20682,Hotel / Restaurant,Net Banking
20-05-2024,Nandini Kulfi (50ml),Frozen,Bengaluru,Apex Dairy Supplies Bengaluru,456,25,11400,Retail,UPI
20-05-2024,Nandini Shubham Milk (1L),Milk,Hubballi,Kittur Distributors Hubballi,383,50,19150,Institution,Distributor Credit
20-05-2024,Nandini Set Curd (400g),Fresh Dairy,Bengaluru,Apex Dairy Supplies Bengaluru,188,40,7520,Institution,UPI
20-05-2024,Nandini Toned Milk (1L),Milk,Mangaluru,Coastal Cool Logistics Mangaluru,1165,42,48930,Wholesale,UPI
20-05-2024,Nandini Toned Milk (1L),Milk,Bengaluru,Apex Dairy Supplies Bengaluru,719,42,30198,Retail,Cash
20-05-2024,Nandini Cassata Ice Cream (150ml),Frozen,Tumakuru,Siddaganga Milk Express Tumakuru,183,55,10065,Retail,UPI
21-05-2024,Nandini Pure Ghee (500ml),Ghee & Butter,Tumakuru,Siddaganga Milk Express Tumakuru,126,315,39690,Retail,Net Banking
21-05-2024,Nandini Pure Ghee (500ml),Ghee & Butter,Bengaluru,Apex Dairy Supplies Bengaluru,92,315,28980,Hotel / Restaurant,UPI
21-05-2024,Nandini Homogenised Cow Milk (1L),Milk,Bengaluru,Apex Dairy Supplies Bengaluru,779,46,35834,Supermarket,UPI
21-05-2024,Nandini Gulab Jamun (1kg),Sweets,Bengaluru,Apex Dairy Supplies Bengaluru,87,260,22620,Supermarket,Credit Card
21-05-2024,Nandini Sweet Lassi (200ml),Beverages,Bengaluru,Apex Dairy Supplies Bengaluru,372,20,7440,Supermarket,Distributor Credit
21-05-2024,Nandini Milk Peda (250g),Sweets,Belagavi,North Karnataka Milk Center Belagavi,95,140,13300,Retail,Cash
21-05-2024,Nandini Curd (500g),Fresh Dairy,Hubballi,Kittur Distributors Hubballi,1205,26,31330,Wholesale,Cash
22-05-2024,Nandini Special Milk (1L),Milk,Mysuru,Chamundi Agencies Mysuru,741,48,35568,Wholesale,Credit Card
22-05-2024,Nandini Milk Peda (250g),Sweets,Bengaluru,Apex Dairy Supplies Bengaluru,208,140,29120,Wholesale,Credit Card
22-05-2024,Nandini Special Milk (1L),Milk,Bengaluru,Apex Dairy Supplies Bengaluru,876,48,42048,Hotel / Restaurant,Net Banking
22-05-2024,Nandini Homogenised Cow Milk (1L),Milk,Bengaluru,Apex Dairy Supplies Bengaluru,1312,46,60352,Wholesale,UPI
22-05-2024,Nandini Spiced Buttermilk (200ml),Beverages,Shivamogga,Malnad Dairy Network Shivamogga,541,12,6492,Supermarket,UPI
22-05-2024,Nandini Sweet Lassi (200ml),Beverages,Hubballi,Kittur Distributors Hubballi,318,20,6360,Retail,Credit Card
22-05-2024,Nandini Shubham Milk (1L),Milk,Belagavi,North Karnataka Milk Center Belagavi,558,50,27900,Wholesale,Cash
22-05-2024,Nandini Salted Butter (500g),Ghee & Butter,Mysuru,Chamundi Agencies Mysuru,37,275,10175,Retail,UPI
22-05-2024,Nandini Curd (500g),Fresh Dairy,Shivamogga,Malnad Dairy Network Shivamogga,662,26,17212,Retail,UPI
22-05-2024,Nandini Cassata Ice Cream (150ml),Frozen,Bengaluru,Apex Dairy Supplies Bengaluru,135,55,7425,Hotel / Restaurant,UPI
22-05-2024,Nandini Kulfi (50ml),Frozen,Ballari,Tungabhadra Dairy Logistics Ballari,238,25,5950,Retail,UPI
22-05-2024,Nandini Homogenised Cow Milk (1L),Milk,Shivamogga,Malnad Dairy Network Shivamogga,634,46,29164,Supermarket,UPI
22-05-2024,Nandini Set Curd (400g),Fresh Dairy,Mangaluru,Coastal Cool Logistics Mangaluru,180,40,7200,Wholesale,Cash
22-05-2024,Nandini Set Curd (400g),Fresh Dairy,Mangaluru,Coastal Cool Logistics Mangaluru,336,40,13440,Hotel / Restaurant,UPI
22-05-2024,Nandini Toned Milk (1L),Milk,Hubballi,Kittur Distributors Hubballi,1102,42,46284,Supermarket,UPI
22-05-2024,Nandini Homogenised Cow Milk (1L),Milk,Bengaluru,Apex Dairy Supplies Bengaluru,843,46,38778,Supermarket,Credit Card
22-05-2024,Nandini Sweet Lassi (200ml),Beverages,Bengaluru,Apex Dairy Supplies Bengaluru,591,20,11820,Supermarket,Credit Card
22-05-2024,Nandini Toned Milk (1L),Milk,Bengaluru,Apex Dairy Supplies Bengaluru,1687,42,70854,Wholesale,UPI
23-05-2024,Nandini Pure Ghee (500ml),Ghee & Butter,Kalaburagi,Kalyana Karnataka Foods Kalaburagi,92,315,28980,Retail,Net Banking
23-05-2024,Nandini Kulfi (50ml),Frozen,Mysuru,Chamundi Agencies Mysuru,192,25,4800,Retail,Cash
23-05-2024,Nandini Special Milk (1L),Milk,Mysuru,Chamundi Agencies Mysuru,691,48,33168,Hotel / Restaurant,UPI
23-05-2024,Nandini Pure Ghee (1L),Ghee & Butter,Mangaluru,Coastal Cool Logistics Mangaluru,47,610,28670,Retail,Net Banking
23-05-2024,Nandini Set Curd (400g),Fresh Dairy,Ballari,Tungabhadra Dairy Logistics Ballari,222,40,8880,Supermarket,Cash
23-05-2024,Nandini Shubham Milk (1L),Milk,Ballari,Tungabhadra Dairy Logistics Ballari,355,50,17750,Retail,UPI
23-05-2024,Nandini Mysore Pak (250g),Sweets,Mangaluru,Coastal Cool Logistics Mangaluru,104,160,16640,Wholesale,UPI
23-05-2024,Nandini Milk Peda (250g),Sweets,Davanagere,Central Karnataka Traders Davanagere,186,140,26040,Institution,Net Banking
23-05-2024,Nandini Mysore Pak (250g),Sweets,Bengaluru,Apex Dairy Supplies Bengaluru,118,160,18880,Retail,UPI
23-05-2024,Nandini Fresh Paneer (200g),Fresh Dairy,Bengaluru,Apex Dairy Supplies Bengaluru,335,95,31825,Wholesale,Net Banking
23-05-2024,Nandini Flavoured Milk Badam (200ml),Beverages,Mysuru,Chamundi Agencies Mysuru,231,35,8085,Retail,UPI
23-05-2024,Nandini Pure Ghee (1L),Ghee & Butter,Bengaluru,Apex Dairy Supplies Bengaluru,125,610,76250,Institution,Credit Card
23-05-2024,Nandini Milk Peda (250g),Sweets,Mysuru,Chamundi Agencies Mysuru,66,140,9240,Retail,Net Banking
23-05-2024,Nandini Kulfi (50ml),Frozen,Hubballi,Kittur Distributors Hubballi,312,25,7800,Retail,UPI
24-05-2024,Nandini Gulab Jamun (1kg),Sweets,Bengaluru,Apex Dairy Supplies Bengaluru,39,260,10140,Institution,UPI
24-05-2024,Nandini Cassata Ice Cream (150ml),Frozen,Hubballi,Kittur Distributors Hubballi,108,55,5940,Hotel / Restaurant,UPI
24-05-2024,Nandini Pure Ghee (500ml),Ghee & Butter,Belagavi,North Karnataka Milk Center Belagavi,87,315,27405,Retail,UPI
24-05-2024,Nandini Kulfi (50ml),Frozen,Bengaluru,Apex Dairy Supplies Bengaluru,757,25,18925,Wholesale,UPI
25-05-2024,Nandini Spiced Buttermilk (200ml),Beverages,Kalaburagi,Kalyana Karnataka Foods Kalaburagi,782,12,9384,Supermarket,Net Banking
25-05-2024,Nandini Toned Milk (1L),Milk,Bengaluru,Apex Dairy Supplies Bengaluru,515,42,21630,Retail,UPI
25-05-2024,Nandini Shubham Milk (1L),Milk,Mangaluru,Coastal Cool Logistics Mangaluru,318,50,15900,Retail,Credit Card
25-05-2024,Nandini Pure Ghee (500ml),Ghee & Butter,Bengaluru,Apex Dairy Supplies Bengaluru,70,315,22050,Hotel / Restaurant,Credit Card
25-05-2024,Nandini Flavoured Milk Badam (200ml),Beverages,Bengaluru,Apex Dairy Supplies Bengaluru,528,35,18480,Retail,UPI
25-05-2024,Nandini Salted Butter (500g),Ghee & Butter,Bengaluru,Apex Dairy Supplies Bengaluru,34,275,9350,Supermarket,Cash
25-05-2024,Nandini Homogenised Cow Milk (1L),Milk,Mysuru,Chamundi Agencies Mysuru,289,46,13294,Retail,Distributor Credit
25-05-2024,Nandini Fresh Paneer (200g),Fresh Dairy,Tumakuru,Siddaganga Milk Express Tumakuru,312,95,29640,Retail,Cash
25-05-2024,Nandini Set Curd (400g),Fresh Dairy,Mangaluru,Coastal Cool Logistics Mangaluru,126,40,5040,Retail,UPI
25-05-2024,Nandini Pure Ghee (500ml),Ghee & Butter,Bengaluru,Apex Dairy Supplies Bengaluru,53,315,16695,Retail,UPI
26-05-2024,Nandini Set Curd (400g),Fresh Dairy,Belagavi,North Karnataka Milk Center Belagavi,220,40,8800,Retail,UPI
26-05-2024,Nandini Pure Ghee (1L),Ghee & Butter,Davanagere,Central Karnataka Traders Davanagere,67,610,40870,Retail,Net Banking
26-05-2024,Nandini Samrudhi Milk (1L),Milk,Mysuru,Chamundi Agencies Mysuru,154,54,8316,Supermarket,Credit Card
26-05-2024,Nandini Curd (500g),Fresh Dairy,Bengaluru,Apex Dairy Supplies Bengaluru,1564,26,40664,Wholesale,Cash
26-05-2024,Nandini Samrudhi Milk (1L),Milk,Bengaluru,Apex Dairy Supplies Bengaluru,317,54,17118,Retail,UPI
26-05-2024,Nandini Spiced Buttermilk (200ml),Beverages,Bengaluru,Apex Dairy Supplies Bengaluru,2410,12,28920,Wholesale,Net Banking
26-05-2024,Nandini Spiced Buttermilk (200ml),Beverages,Bengaluru,Apex Dairy Supplies Bengaluru,1844,12,22128,Supermarket,UPI
26-05-2024,Nandini Set Curd (400g),Fresh Dairy,Mangaluru,Coastal Cool Logistics Mangaluru,267,40,10680,Supermarket,UPI
26-05-2024,Nandini Salted Butter (500g),Ghee & Butter,Kalaburagi,Kalyana Karnataka Foods Kalaburagi,61,275,16775,Retail,UPI
26-05-2024,Nandini Cassata Ice Cream (150ml),Frozen,Kalaburagi,Kalyana Karnataka Foods Kalaburagi,149,55,8195,Retail,UPI
26-05-2024,Nandini Special Milk (1L),Milk,Bengaluru,Apex Dairy Supplies Bengaluru,289,48,13872,Retail,UPI
27-05-2024,Nandini Mysore Pak (250g),Sweets,Mysuru,Chamundi Agencies Mysuru,47,160,7520,Retail,Net Banking
27-05-2024,Nandini Special Milk (1L),Milk,Tumakuru,Siddaganga Milk Express Tumakuru,687,48,32976,Institution,Cash
27-05-2024,Nandini Shubham Milk (1L),Milk,Hubballi,Kittur Distributors Hubballi,442,50,22100,Institution,UPI
27-05-2024,Nandini Unsalted Butter (500g),Ghee & Butter,Mangaluru,Coastal Cool Logistics Mangaluru,98,280,27440,Wholesale,Cash
27-05-2024,Nandini Set Curd (400g),Fresh Dairy,Belagavi,North Karnataka Milk Center Belagavi,200,40,8000,Retail,UPI
27-05-2024,Nandini Set Curd (400g),Fresh Dairy,Hubballi,Kittur Distributors Hubballi,275,40,11000,Hotel / Restaurant,UPI
27-05-2024,Nandini Gulab Jamun (1kg),Sweets,Bengaluru,Apex Dairy Supplies Bengaluru,82,260,21320,Supermarket,UPI
27-05-2024,Nandini Set Curd (400g),Fresh Dairy,Kalaburagi,Kalyana Karnataka Foods Kalaburagi,77,40,3080,Retail,Net Banking
27-05-2024,Nandini Special Milk (1L),Milk,Bengaluru,Apex Dairy Supplies Bengaluru,596,48,28608,Retail,Cash
27-05-2024,Nandini Fresh Paneer (200g),Fresh Dairy,Mysuru,Chamundi Agencies Mysuru,151,95,14345,Supermarket,UPI
28-05-2024,Nandini Cassata Ice Cream (150ml),Frozen,Ballari,Tungabhadra Dairy Logistics Ballari,150,55,8250,Retail,Credit Card
28-05-2024,Nandini Toned Milk (1L),Milk,Davanagere,Central Karnataka Traders Davanagere,688,42,28896,Supermarket,UPI
28-05-2024,Nandini Flavoured Milk Badam (200ml),Beverages,Bengaluru,Apex Dairy Supplies Bengaluru,821,35,28735,Wholesale,UPI
28-05-2024,Nandini Homogenised Cow Milk (1L),Milk,Hubballi,Kittur Distributors Hubballi,1153,46,53038,Hotel / Restaurant,Cash
28-05-2024,Nandini Samrudhi Milk (1L),Milk,Bengaluru,Apex Dairy Supplies Bengaluru,137,54,7398,Retail,Distributor Credit
28-05-2024,Nandini Kulfi (50ml),Frozen,Mysuru,Chamundi Agencies Mysuru,274,25,6850,Retail,UPI
28-05-2024,Nandini Kulfi (50ml),Frozen,Bengaluru,Apex Dairy Supplies Bengaluru,326,25,8150,Wholesale,Cash
28-05-2024,Nandini Curd (500g),Fresh Dairy,Hubballi,Kittur Distributors Hubballi,608,26,15808,Supermarket,UPI
28-05-2024,Nandini Kulfi (50ml),Frozen,Shivamogga,Malnad Dairy Network Shivamogga,126,25,3150,Retail,UPI
28-05-2024,Nandini Samrudhi Milk (1L),Milk,Belagavi,North Karnataka Milk Center Belagavi,201,54,10854,Wholesale,Net Banking
28-05-2024,Nandini Set Curd (400g),Fresh Dairy,Bengaluru,Apex Dairy Supplies Bengaluru,512,40,20480,Institution,Distributor Credit
28-05-2024,Nandini Unsalted Butter (500g),Ghee & Butter,Hubballi,Kittur Distributors Hubballi,25,280,7000,Retail,UPI
28-05-2024,Nandini Kulfi (50ml),Frozen,Bengaluru,Apex Dairy Supplies Bengaluru,396,25,9900,Retail,UPI
28-05-2024,Nandini Unsalted Butter (500g),Ghee & Butter,Bengaluru,Apex Dairy Supplies Bengaluru,21,280,5880,Retail,Credit Card
28-05-2024,Nandini Salted Butter (500g),Ghee & Butter,Bengaluru,Apex Dairy Supplies Bengaluru,145,275,39875,Supermarket,Net Banking
29-05-2024,Nandini Cassata Ice Cream (150ml),Frozen,Mysuru,Chamundi Agencies Mysuru,138,55,7590,Retail,UPI
29-05-2024,Nandini Special Milk (1L),Milk,Mysuru,Chamundi Agencies Mysuru,671,48,32208,Hotel / Restaurant,Distributor Credit
29-05-2024,Nandini Cassata Ice Cream (150ml),Frozen,Kalaburagi,Kalyana Karnataka Foods Kalaburagi,66,55,3630,Retail,UPI
29-05-2024,Nandini Pure Ghee (500ml),Ghee & Butter,Mangaluru,Coastal Cool Logistics Mangaluru,79,315,24885,Institution,UPI
29-05-2024,Nandini Pure Ghee (1L),Ghee & Butter,Tumakuru,Siddaganga Milk Express Tumakuru,66,610,40260,Supermarket,UPI
29-05-2024,Nandini Samrudhi Milk (1L),Milk,Bengaluru,Apex Dairy Supplies Bengaluru,215,54,11610,Supermarket,Net Banking
29-05-2024,Nandini Fresh Paneer (200g),Fresh Dairy,Bengaluru,Apex Dairy Supplies Bengaluru,345,95,32775,Supermarket,Cash
29-05-2024,Nandini Pure Ghee (1L),Ghee & Butter,Mangaluru,Coastal Cool Logistics Mangaluru,28,610,17080,Retail,UPI
29-05-2024,Nandini Set Curd (400g),Fresh Dairy,Bengaluru,Apex Dairy Supplies Bengaluru,142,40,5680,Retail,Net Banking
29-05-2024,Nandini Unsalted Butter (500g),Ghee & Butter,Davanagere,Central Karnataka Traders Davanagere,14,280,3920,Retail,UPI
29-05-2024,Nandini Homogenised Cow Milk (1L),Milk,Mangaluru,Coastal Cool Logistics Mangaluru,504,46,23184,Retail,UPI
29-05-2024,Nandini Mysore Pak (250g),Sweets,Mysuru,Chamundi Agencies Mysuru,73,160,11680,Wholesale,UPI
30-05-2024,Nandini Unsalted Butter (500g),Ghee & Butter,Mysuru,Chamundi Agencies Mysuru,30,280,8400,Institution,Credit Card
30-05-2024,Nandini Samrudhi Milk (1L),Milk,Mysuru,Chamundi Agencies Mysuru,149,54,8046,Retail,Cash
30-05-2024,Nandini Gulab Jamun (1kg),Sweets,Bengaluru,Apex Dairy Supplies Bengaluru,25,260,6500,Retail,Net Banking
30-05-2024,Nandini Homogenised Cow Milk (1L),Milk,Bengaluru,Apex Dairy Supplies Bengaluru,1179,46,54234,Hotel / Restaurant,Cash
30-05-2024,Nandini Homogenised Cow Milk (1L),Milk,Bengaluru,Apex Dairy Supplies Bengaluru,452,46,20792,Retail,Net Banking
30-05-2024,Nandini Toned Milk (1L),Milk,Kalaburagi,Kalyana Karnataka Foods Kalaburagi,816,42,34272,Retail,UPI
30-05-2024,Nandini Special Milk (1L),Milk,Hubballi,Kittur Distributors Hubballi,921,48,44208,Institution,UPI
30-05-2024,Nandini Toned Milk (1L),Milk,Bengaluru,Apex Dairy Supplies Bengaluru,584,42,24528,Supermarket,UPI
31-05-2024,Nandini Homogenised Cow Milk (1L),Milk,Bengaluru,Apex Dairy Supplies Bengaluru,1317,46,60582,Wholesale,UPI
31-05-2024,Nandini Sweet Lassi (200ml),Beverages,Tumakuru,Siddaganga Milk Express Tumakuru,447,20,8940,Institution,Net Banking
31-05-2024,Nandini Homogenised Cow Milk (1L),Milk,Bengaluru,Apex Dairy Supplies Bengaluru,682,46,31372,Wholesale,Credit Card
31-05-2024,Nandini Cassata Ice Cream (150ml),Frozen,Hubballi,Kittur Distributors Hubballi,236,55,12980,Retail,Distributor Credit
31-05-2024,Nandini Salted Butter (500g),Ghee & Butter,Bengaluru,Apex Dairy Supplies Bengaluru,59,275,16225,Retail,UPI
31-05-2024,Nandini Spiced Buttermilk (200ml),Beverages,Bengaluru,Apex Dairy Supplies Bengaluru,1802,12,21624,Retail,UPI
31-05-2024,Nandini Milk Peda (250g),Sweets,Belagavi,North Karnataka Milk Center Belagavi,107,140,14980,Supermarket,Net Banking
31-05-2024,Nandini Pure Ghee (500ml),Ghee & Butter,Bengaluru,Apex Dairy Supplies Bengaluru,179,315,56385,Retail,UPI
31-05-2024,NANDINI SHUBHAM MILK (1L),Milk,Mysuru,Chamundi Agencies Mysuru,355,50,17750,Supermarket,Credit Card
31-05-2024,Nandini Unsalted Butter (500g),Ghee & Butter,Bengaluru,Apex Dairy Supplies Bengaluru,41,280,11480,Retail,UPI
31-05-2024,Nandini Milk Peda (250g),Sweets,Kalaburagi,Kalyana Karnataka Foods Kalaburagi,168,140,23520,Wholesale,UPI
31-05-2024,Nandini Samrudhi Milk (1L),Milk,Mysuru,Chamundi Agencies Mysuru,322,54,17388,Hotel / Restaurant,UPI
31-05-2024,Nandini Shubham Milk (1L),Milk,Mysuru,Chamundi Agencies Mysuru,612,50,30600,Institution,Cash
01-06-2024,Nandini Milk Peda (250g),Sweets,Kalaburagi,Kalyana Karnataka Foods Kalaburagi,133,140,18620,Retail,UPI
01-06-2024,Nandini Kulfi (50ml),Frozen,Kalaburagi,Kalyana Karnataka Foods Kalaburagi,241,25,6025,Supermarket,UPI
01-06-2024,Nandini Homogenised Cow Milk (1L),Milk,Mysuru,Chamundi Agencies Mysuru,398,46,18308,Retail,Net Banking
01-06-2024,Nandini Salted Butter (500g),Ghee & Butter,Davanagere,Central Karnataka Traders Davanagere,129,275,35475,Wholesale,Credit Card
01-06-2024,Nandini Curd (500g),Fresh Dairy,Mysuru,Chamundi Agencies Mysuru,486,26,12636,Retail,Credit Card
01-06-2024,Nandini Pure Ghee (1L),Ghee & Butter,Bengaluru,Apex Dairy Supplies Bengaluru,93,610,56730,Supermarket,Net Banking
01-06-2024,Nandini Fresh Paneer (200g),Fresh Dairy,Kalaburagi,Kalyana Karnataka Foods Kalaburagi,482,95,45790,Wholesale,UPI
01-06-2024,Nandini Spiced Buttermilk (200ml),Beverages,Ballari,Tungabhadra Dairy Logistics Ballari,1090,12,13080,Wholesale,UPI
01-06-2024,Nandini Homogenised Cow Milk (1L),Milk,Bengaluru,Apex Dairy Supplies Bengaluru,461,46,21206,Retail,Net Banking
01-06-2024,Nandini Special Milk (1L),Milk,Mysuru,Chamundi Agencies Mysuru,610,48,29280,Supermarket,UPI
01-06-2024,Nandini Samrudhi Milk (1L),Milk,Belagavi,North Karnataka Milk Center Belagavi,227,54,12258,Retail,Net Banking
01-06-2024,Nandini Samrudhi Milk (1L),Milk,Bengaluru,Apex Dairy Supplies Bengaluru,301,54,16254,Supermarket,Net Banking
01-06-2024,Nandini Flavoured Milk Badam (200ml),Beverages,Bengaluru,Apex Dairy Supplies Bengaluru,374,35,13090,Supermarket,UPI
01-06-2024,Nandini Cassata Ice Cream (150ml),Frozen,Bengaluru,Apex Dairy Supplies Bengaluru,231,55,12705,Retail,UPI
02-06-2024,Nandini Milk Peda (250g),Sweets,Hubballi,Kittur Distributors Hubballi,134,140,18760,Supermarket,Cash
02-06-2024,Nandini Toned Milk (1L),Milk,Mysuru,Chamundi Agencies Mysuru,835,42,35070,Retail,UPI
02-06-2024,Nandini Kulfi (50ml),Frozen,Bengaluru,Apex Dairy Supplies Bengaluru,109,25,2725,Retail,Cash
02-06-2024,Nandini Sweet Lassi (200ml),Beverages,Hubballi,Kittur Distributors Hubballi,671,20,13420,Wholesale,Credit Card
02-06-2024,Nandini Gulab Jamun (1kg),Sweets,Mysuru,Chamundi Agencies Mysuru,52,260,13520,Retail,UPI
02-06-2024,Nandini Curd (500g),Fresh Dairy,Mysuru,Chamundi Agencies Mysuru,299,26,7774,Supermarket,Cash
02-06-2024,Nandini Toned Milk (1L),Milk,Bengaluru,Apex Dairy Supplies Bengaluru,2339,42,98238,Wholesale,Credit Card
02-06-2024,Nandini Special Milk (1L),Milk,Bengaluru,Apex Dairy Supplies Bengaluru,642,48,30816,Supermarket,UPI
02-06-2024,Nandini Salted Butter (500g),Ghee & Butter,Kalaburagi,Kalyana Karnataka Foods Kalaburagi,83,275,22825,Wholesale,Cash
02-06-2024,Nandini Unsalted Butter (500g),Ghee & Butter,Bengaluru,Apex Dairy Supplies Bengaluru,53,280,14840,Retail,Credit Card
02-06-2024,Nandini Set Curd (400g),Fresh Dairy,Mysuru,Chamundi Agencies Mysuru,108,40,4320,Wholesale,UPI
02-06-2024,Nandini Cassata Ice Cream (150ml),Frozen,bengaluru ,Apex Dairy Supplies Bengaluru,164,55,9020,Retail,Cash
02-06-2024,Nandini Spiced Buttermilk (200ml),Beverages,Davanagere,Central Karnataka Traders Davanagere,1418,12,17016,Institution,UPI
03-06-2024,Nandini Gulab Jamun (1kg),Sweets,Bengaluru,Apex Dairy Supplies Bengaluru,32,260,8320,Retail,Distributor Credit
03-06-2024,Nandini Milk Peda (250g),Sweets,Davanagere,Central Karnataka Traders Davanagere,61,140,8540,Retail,UPI
03-06-2024,Nandini Set Curd (400g),Fresh Dairy,Bengaluru,Apex Dairy Supplies Bengaluru,196,40,7840,Hotel / Restaurant,UPI
03-06-2024,Nandini Toned Milk (1L),Milk,Bengaluru,Apex Dairy Supplies Bengaluru,1317,42,55314,Retail,UPI
03-06-2024,Nandini Salted Butter (500g),Ghee & Butter,Hubballi,Kittur Distributors Hubballi,31,275,8525,Retail,UPI
03-06-2024,Nandini Sweet Lassi (200ml),Beverages,Kalaburagi,Kalyana Karnataka Foods Kalaburagi,744,20,14880,Institution,UPI
03-06-2024,Nandini Unsalted Butter (500g),Ghee & Butter,Bengaluru,Apex Dairy Supplies Bengaluru,97,280,27160,Supermarket,Cash
03-06-2024,Nandini Set Curd (400g),Fresh Dairy,Bengaluru,Apex Dairy Supplies Bengaluru,162,40,6480,Retail,Net Banking
03-06-2024,Nandini Spiced Buttermilk (200ml),Beverages,Kalaburagi,Kalyana Karnataka Foods Kalaburagi,674,12,8088,Retail,UPI
04-06-2024,Nandini Set Curd (400g),Fresh Dairy,Bengaluru,Apex Dairy Supplies Bengaluru,122,40,4880,Supermarket,UPI
04-06-2024,Nandini Spiced Buttermilk (200ml),Beverages,Mangaluru,Coastal Cool Logistics Mangaluru,887,12,10644,Supermarket,UPI
04-06-2024,Nandini Mysore Pak (250g),Sweets,Bengaluru,Apex Dairy Supplies Bengaluru,273,160,43680,Wholesale,Distributor Credit
04-06-2024,Nandini Sweet Lassi (200ml),Beverages,Belagavi,North Karnataka Milk Center Belagavi,429,20,8580,Retail,UPI
04-06-2024,Nandini Special Milk (1L),Milk,Mysuru,Chamundi Agencies Mysuru,434,48,20832,Supermarket,Distributor Credit
04-06-2024,Nandini Unsalted Butter (500g),Ghee & Butter,Mysuru,Chamundi Agencies Mysuru,53,280,14840,Retail,UPI
04-06-2024,Nandini Curd (500g),Fresh Dairy,Davanagere,Central Karnataka Traders Davanagere,465,26,12090,Retail,UPI
04-06-2024,Nandini Flavoured Milk Badam (200ml),Beverages,Belagavi,North Karnataka Milk Center Belagavi,148,35,5180,Retail,UPI
04-06-2024,Nandini Milk Peda (250g),Sweets,Belagavi,North Karnataka Milk Center Belagavi,87,140,12180,Wholesale,Credit Card
04-06-2024,Nandini Toned Milk (1L),Milk,Bengaluru,Apex Dairy Supplies Bengaluru,707,42,29694,Retail,Net Banking
04-06-2024,Nandini Set Curd (400g),Fresh Dairy,Kalaburagi,Kalyana Karnataka Foods Kalaburagi,214,40,8560,Institution,Distributor Credit
04-06-2024,Nandini Unsalted Butter (500g),Ghee & Butter,Bengaluru,Apex Dairy Supplies Bengaluru,57,280,15960,Retail,Cash
04-06-2024,Nandini Pure Ghee (1L),Ghee & Butter,Bengaluru,Apex Dairy Supplies Bengaluru,144,610,87840,Institution,Cash
04-06-2024,Nandini Flavoured Milk Badam (200ml),Beverages,Kalaburagi,Kalyana Karnataka Foods Kalaburagi,193,35,6755,Supermarket,UPI
04-06-2024,Nandini Gulab Jamun (1kg),Sweets,Bengaluru,Apex Dairy Supplies Bengaluru,47,260,12220,Hotel / Restaurant,UPI
04-06-2024,Nandini Spiced Buttermilk (200ml),Beverages,Ballari,Tungabhadra Dairy Logistics Ballari,405,12,4860,Supermarket,Distributor Credit
04-06-2024,Nandini Unsalted Butter (500g),Ghee & Butter,Hubballi,Kittur Distributors Hubballi,19,280,5320,Retail,UPI
04-06-2024,Nandini Pure Ghee (1L),Ghee & Butter,Bengaluru,Apex Dairy Supplies Bengaluru,144,610,87840,Wholesale,UPI
05-06-2024,Nandini Shubham Milk (1L),Milk,Bengaluru,Apex Dairy Supplies Bengaluru,273,50,13650,Retail,Cash
05-06-2024,Nandini Salted Butter (500g),Ghee & Butter,Mysuru,Chamundi Agencies Mysuru,84,275,23100,Wholesale,UPI
05-06-2024,Nandini Toned Milk (1L),Milk,Mysuru,Chamundi Agencies Mysuru,753,42,31626,Retail,Net Banking
05-06-2024,Nandini Pure Ghee (500ml),Ghee & Butter,Mysuru,Chamundi Agencies Mysuru,127,315,40005,Retail,Credit Card
05-06-2024,Nandini Pure Ghee (500ml),Ghee & Butter,Mysuru,Chamundi Agencies Mysuru,116,315,36540,Supermarket,UPI
05-06-2024,Nandini Mysore Pak (250g),Sweets,Hubballi,Kittur Distributors Hubballi,45,160,7200,Supermarket,Cash
05-06-2024,Nandini Samrudhi Milk (1L),Milk,Mangaluru,Coastal Cool Logistics Mangaluru,222,54,11988,Retail,UPI
05-06-2024,Nandini Toned Milk (1L),Milk,Mangaluru,Coastal Cool Logistics Mangaluru,1838,42,77196,Wholesale,UPI
05-06-2024,Nandini Salted Butter (500g),Ghee & Butter,Mysuru,Chamundi Agencies Mysuru,44,275,12100,Supermarket,Cash
06-06-2024,Nandini Milk Peda (250g),Sweets,Bengaluru,Apex Dairy Supplies Bengaluru,331,140,46340,Wholesale,Cash
06-06-2024,Nandini Pure Ghee (500ml),Ghee & Butter,Belagavi,North Karnataka Milk Center Belagavi,120,315,37800,Wholesale,Cash
06-06-2024,Nandini Spiced Buttermilk (200ml),Beverages,Mysuru,Chamundi Agencies Mysuru,437,12,5244,Retail,UPI
06-06-2024,Nandini Milk Peda (250g),Sweets,Bengaluru,Apex Dairy Supplies Bengaluru,88,140,12320,Retail,Distributor Credit
06-06-2024,Nandini Shubham Milk (1L),Milk,Mysuru,Chamundi Agencies Mysuru,191,50,9550,Retail,Cash
06-06-2024,Nandini Pure Ghee (500ml),Ghee & Butter,Hubballi,Kittur Distributors Hubballi,136,315,42840,Retail,Credit Card
06-06-2024,Nandini Spiced Buttermilk (200ml),Beverages,Bengaluru,Apex Dairy Supplies Bengaluru,569,12,6828,Retail,UPI
06-06-2024,Nandini Gulab Jamun (1kg),Sweets,Bengaluru,Apex Dairy Supplies Bengaluru,88,260,22880,Wholesale,UPI
06-06-2024,Nandini Shubham Milk (1L),Milk,Kalaburagi,Kalyana Karnataka Foods Kalaburagi,377,50,18850,Supermarket,Cash
06-06-2024,Nandini Cassata Ice Cream (150ml),Frozen,Bengaluru,Apex Dairy Supplies Bengaluru,197,55,10835,Retail,UPI
06-06-2024,Nandini Curd (500g),Fresh Dairy,Bengaluru,Apex Dairy Supplies Bengaluru,665,26,17290,Retail,UPI
06-06-2024,Nandini Flavoured Milk Badam (200ml),Beverages,Mangaluru,Coastal Cool Logistics Mangaluru,245,35,8575,Retail,Net Banking
06-06-2024,Nandini Mysore Pak (250g),Sweets,Davanagere,Central Karnataka Traders Davanagere,95,160,15200,Supermarket,Cash
06-06-2024,Nandini Curd (500g),Fresh Dairy,Mysuru,Chamundi Agencies Mysuru,215,26,5590,Retail,UPI
06-06-2024,Nandini Set Curd (400g),Fresh Dairy,Belagavi,North Karnataka Milk Center Belagavi,176,40,7040,Wholesale,Cash
06-06-2024,Nandini Pure Ghee (1L),Ghee & Butter,Hubballi,Kittur Distributors Hubballi,49,610,29890,Retail,UPI
06-06-2024,Nandini Pure Ghee (500ml),Ghee & Butter,Mysuru,Chamundi Agencies Mysuru,74,315,23310,Supermarket,Cash
06-06-2024,Nandini Flavoured Milk Badam (200ml),Beverages,Bengaluru,Apex Dairy Supplies Bengaluru,217,35,7595,Retail,Cash
06-06-2024,Nandini Pure Ghee (500ml),Ghee & Butter,Belagavi,North Karnataka Milk Center Belagavi,109,315,34335,Retail,UPI
06-06-2024,Nandini Shubham Milk (1L),Milk,Mysuru,Chamundi Agencies Mysuru,241,50,12050,Retail,Distributor Credit
06-06-2024,Nandini Pure Ghee (500ml),Ghee & Butter,Bengaluru,Apex Dairy Supplies Bengaluru,180,315,56700,Retail,Net Banking
06-06-2024,Nandini Gulab Jamun (1kg),Sweets,Mysuru,Chamundi Agencies Mysuru,29,260,7540,Supermarket,Credit Card
06-06-2024,Nandini Curd (500g),Fresh Dairy,Hubballi,Kittur Distributors Hubballi,354,26,9204,Retail,UPI
07-06-2024,Nandini Pure Ghee (1L),Ghee & Butter,Shivamogga,Malnad Dairy Network Shivamogga,19,610,11590,Retail,UPI
07-06-2024,Nandini Gulab Jamun (1kg),Sweets,Mysuru,Chamundi Agencies Mysuru,50,260,13000,Retail,Cash
07-06-2024,Nandini Mysore Pak (250g),Sweets,Mysuru,Chamundi Agencies Mysuru,106,160,16960,Retail,UPI
07-06-2024,Nandini Curd (500g),Fresh Dairy,Mangaluru,Coastal Cool Logistics Mangaluru,260,26,6760,Retail,UPI
07-06-2024,Nandini Mysore Pak (250g),Sweets,Shivamogga,Malnad Dairy Network Shivamogga,97,160,15520,Retail,UPI
07-06-2024,Nandini Gulab Jamun (1kg),Sweets,Shivamogga,Malnad Dairy Network Shivamogga,55,260,14300,Wholesale,Net Banking
07-06-2024,Nandini Spiced Buttermilk (200ml),Beverages,Bengaluru,Apex Dairy Supplies Bengaluru,1560,12,18720,Wholesale,UPI
07-06-2024,Nandini Fresh Paneer (200g),Fresh Dairy,Hubballi,Kittur Distributors Hubballi,139,95,13205,Hotel / Restaurant,UPI
07-06-2024,Nandini Samrudhi Milk (1L),Milk,Tumakuru,Siddaganga Milk Express Tumakuru,98,54,5292,Retail,UPI
07-06-2024,Nandini Unsalted Butter (500g),Ghee & Butter,Bengaluru,Apex Dairy Supplies Bengaluru,64,280,17920,Supermarket,UPI
07-06-2024,Nandini Unsalted Butter (500g),Ghee & Butter,Bengaluru,Apex Dairy Supplies Bengaluru,41,280,11480,Retail,UPI
07-06-2024,Nandini Pure Ghee (1L),Ghee & Butter,Mysuru,Chamundi Agencies Mysuru,89,610,54290,Retail,UPI
08-06-2024,Nandini Pure Ghee (500ml),Ghee & Butter,Mangaluru,Coastal Cool Logistics Mangaluru,104,315,32760,Wholesale,Net Banking
08-06-2024,Nandini Pure Ghee (500ml),Ghee & Butter,Bengaluru,Apex Dairy Supplies Bengaluru,134,315,42210,Supermarket,UPI
08-06-2024,Nandini Curd (500g),Fresh Dairy,Shivamogga,Malnad Dairy Network Shivamogga,955,26,24830,Wholesale,Cash
08-06-2024,Nandini Flavoured Milk Badam (200ml),Beverages,Shivamogga,Malnad Dairy Network Shivamogga,212,35,7420,Supermarket,UPI
08-06-2024,Nandini Special Milk (1L),Milk,Hubballi,Kittur Distributors Hubballi,344,48,16512,Retail,UPI
08-06-2024,Nandini Samrudhi Milk (1L),Milk,Mangaluru,Coastal Cool Logistics Mangaluru,206,54,11124,Retail,UPI
08-06-2024,Nandini Special Milk (1L),Milk,Bengaluru,Apex Dairy Supplies Bengaluru,308,48,14784,Supermarket,UPI
08-06-2024,Nandini Shubham Milk (1L),Milk,Shivamogga,Malnad Dairy Network Shivamogga,536,50,26800,Wholesale,Net Banking
08-06-2024,Nandini Pure Ghee (500ml),Ghee & Butter,Shivamogga,Malnad Dairy Network Shivamogga,117,315,36855,Retail,Credit Card
08-06-2024,Nandini Sweet Lassi (200ml),Beverages,Bengaluru,Apex Dairy Supplies Bengaluru,271,20,5420,Supermarket,Distributor Credit
08-06-2024,Nandini Mysore Pak (250g),Sweets,Bengaluru,Apex Dairy Supplies Bengaluru,61,160,9760,Supermarket,Cash
08-06-2024,Nandini Toned Milk (1L),Milk,Davanagere,Central Karnataka Traders Davanagere,512,42,21504,Supermarket,UPI
09-06-2024,Nandini Kulfi (50ml),Frozen,Bengaluru,Apex Dairy Supplies Bengaluru,254,25,6350,Supermarket,Credit Card
09-06-2024,Nandini Sweet Lassi (200ml),Beverages,Bengaluru,Apex Dairy Supplies Bengaluru,282,20,5640,Retail,Cash
09-06-2024,Nandini Set Curd (400g),Fresh Dairy,Bengaluru,Apex Dairy Supplies Bengaluru,195,40,7800,Retail,UPI
09-06-2024,Nandini Kulfi (50ml),Frozen,Bengaluru,Apex Dairy Supplies Bengaluru,174,25,4350,Retail,Cash
09-06-2024,Nandini Kulfi (50ml),Frozen,Mysuru,Chamundi Agencies Mysuru,261,25,6525,Supermarket,Net Banking
09-06-2024,Nandini Shubham Milk (1L),Milk,Hubballi,Kittur Distributors Hubballi,219,50,10950,Retail,Cash
09-06-2024,Nandini Unsalted Butter (500g),Ghee & Butter,Mangaluru,Coastal Cool Logistics Mangaluru,32,280,8960,Retail,UPI
09-06-2024,Nandini Flavoured Milk Badam (200ml),Beverages,Bengaluru,Apex Dairy Supplies Bengaluru,330,35,11550,Retail,UPI
09-06-2024,Nandini Pure Ghee (1L),Ghee & Butter,Mysuru,Chamundi Agencies Mysuru,95,610,57950,Retail,UPI
09-06-2024,Nandini Milk Peda (250g),Sweets,Mysuru,Chamundi Agencies Mysuru,277,140,38780,Wholesale,Distributor Credit
09-06-2024,Nandini Salted Butter (500g),Ghee & Butter,Bengaluru,Apex Dairy Supplies Bengaluru,109,275,29975,Supermarket,UPI
09-06-2024,Nandini Gulab Jamun (1kg),Sweets,Bengaluru,Apex Dairy Supplies Bengaluru,100,260,26000,Institution,UPI
09-06-2024,Nandini Fresh Paneer (200g),Fresh Dairy,Hubballi,Kittur Distributors Hubballi,149,95,14155,Supermarket,UPI
09-06-2024,Nandini Mysore Pak (250g),Sweets,Mangaluru,Coastal Cool Logistics Mangaluru,79,160,12640,Supermarket,Net Banking
09-06-2024,Nandini Spiced Buttermilk (200ml),Beverages,Bengaluru,Apex Dairy Supplies Bengaluru,1088,12,13056,Retail,Cash
09-06-2024,Nandini Curd (500g),Fresh Dairy,Bengaluru,Apex Dairy Supplies Bengaluru,374,26,9724,Retail,Cash
09-06-2024,Nandini Spiced Buttermilk (200ml),Beverages,Bengaluru,Apex Dairy Supplies Bengaluru,1350,12,16200,Wholesale,Credit Card
09-06-2024,Nandini Curd (500g),Fresh Dairy,Bengaluru,Apex Dairy Supplies Bengaluru,396,26,10296,Retail,Distributor Credit
09-06-2024,Nandini Pure Ghee (500ml),Ghee & Butter,Bengaluru,Apex Dairy Supplies Bengaluru,78,315,24570,Retail,UPI
09-06-2024,Nandini Mysore Pak (250g),Sweets,Belagavi,North Karnataka Milk Center Belagavi,45,160,7200,Retail,UPI
09-06-2024,Nandini Milk Peda (250g),Sweets,Hubballi,Kittur Distributors Hubballi,213,140,29820,Hotel / Restaurant,Credit Card
09-06-2024,Nandini Pure Ghee (500ml),Ghee & Butter,Hubballi,Kittur Distributors Hubballi,109,315,34335,Retail,Distributor Credit
09-06-2024,Nandini Homogenised Cow Milk (1L),Milk,Mysuru,Chamundi Agencies Mysuru,667,46,30682,Retail,Credit Card
09-06-2024,Nandini Salted Butter (500g),Ghee & Butter,Bengaluru,Apex Dairy Supplies Bengaluru,112,275,30800,Retail,Cash
10-06-2024,Nandini Fresh Paneer (200g),Fresh Dairy,Bengaluru,Apex Dairy Supplies Bengaluru,309,95,29355,Retail,Cash
10-06-2024,Nandini Cassata Ice Cream (150ml),Frozen,Mysuru,Chamundi Agencies Mysuru,114,55,6270,Retail,UPI
10-06-2024,Nandini Mysore Pak (250g),Sweets,Belagavi,North Karnataka Milk Center Belagavi,46,160,7360,Supermarket,Credit Card
10-06-2024,Nandini Special Milk (1L),Milk,Davanagere,Central Karnataka Traders Davanagere,389,48,18672,Hotel / Restaurant,Net Banking
10-06-2024,Nandini Special Milk (1L),Milk,Bengaluru,Apex Dairy Supplies Bengaluru,515,48,24720,Wholesale,UPI
10-06-2024,Nandini Mysore Pak (250g),Sweets,Mangaluru,Coastal Cool Logistics Mangaluru,61,160,9760,Retail,Cash
10-06-2024,Nandini Homogenised Cow Milk (1L),Milk,Davanagere,Central Karnataka Traders Davanagere,284,46,13064,Retail,Credit Card
10-06-2024,Nandini Salted Butter (500g),Ghee & Butter,Bengaluru,Apex Dairy Supplies Bengaluru,126,275,34650,Retail,Net Banking
11-06-2024,Nandini Flavoured Milk Badam (200ml),Beverages,Mysuru,Chamundi Agencies Mysuru,256,35,8960,Supermarket,Cash
11-06-2024,Nandini Samrudhi Milk (1L),Milk,Kalaburagi,Kalyana Karnataka Foods Kalaburagi,176,54,9504,Wholesale,Credit Card
11-06-2024,Nandini Unsalted Butter (500g),Ghee & Butter,Hubballi,Kittur Distributors Hubballi,51,280,14280,Retail,UPI
11-06-2024,Nandini Kulfi (50ml),Frozen,Bengaluru,Apex Dairy Supplies Bengaluru,325,25,8125,Hotel / Restaurant,UPI
11-06-2024,Nandini Special Milk (1L),Milk,Bengaluru,Apex Dairy Supplies Bengaluru,540,48,25920,Supermarket,UPI
11-06-2024,Nandini Cassata Ice Cream (150ml),Frozen,Bengaluru,Apex Dairy Supplies Bengaluru,183,55,10065,Institution,UPI
11-06-2024,Nandini Cassata Ice Cream (150ml),Frozen,Belagavi,North Karnataka Milk Center Belagavi,71,55,3905,Retail,UPI
11-06-2024,Nandini Homogenised Cow Milk (1L),Milk,Mysuru,Chamundi Agencies Mysuru,536,46,24656,Retail,UPI
11-06-2024,Nandini Special Milk (1L),Milk,Hubballi,Kittur Distributors Hubballi,330,48,15840,Retail,Net Banking
12-06-2024,Nandini Special Milk (1L),Milk,Mangaluru,Coastal Cool Logistics Mangaluru,485,48,23280,Supermarket,Credit Card
12-06-2024,Nandini Mysore Pak (250g),Sweets,Bengaluru,Apex Dairy Supplies Bengaluru,274,160,43840,Wholesale,UPI
12-06-2024,Nandini Special Milk (1L),Milk,Bengaluru,Apex Dairy Supplies Bengaluru,573,48,27504,Retail,Net Banking
12-06-2024,Nandini Cassata Ice Cream (150ml),Frozen,Hubballi,Kittur Distributors Hubballi,78,55,4290,Retail,Net Banking
12-06-2024,Nandini Pure Ghee (1L),Ghee & Butter,Hubballi,Kittur Distributors Hubballi,27,610,16470,Supermarket,Cash
12-06-2024,Nandini Mysore Pak (250g),Sweets,Mysuru,Chamundi Agencies Mysuru,89,160,14240,Supermarket,Cash
12-06-2024,Nandini Flavoured Milk Badam (200ml),Beverages,Mysuru,Chamundi Agencies Mysuru,388,35,13580,Hotel / Restaurant,UPI
12-06-2024,Nandini Spiced Buttermilk (200ml),Beverages,Bengaluru,Apex Dairy Supplies Bengaluru,1524,12,18288,Hotel / Restaurant,UPI
12-06-2024,Nandini Special Milk (1L),Milk,Mysuru,Chamundi Agencies Mysuru,404,48,19392,Hotel / Restaurant,UPI
12-06-2024,Nandini Milk Peda (250g),Sweets,Mysuru,Chamundi Agencies Mysuru,61,140,8540,Retail,Net Banking
12-06-2024,Nandini Unsalted Butter (500g),Ghee & Butter,Mangaluru,Coastal Cool Logistics Mangaluru,20,280,5600,Retail,UPI
12-06-2024,Nandini Samrudhi Milk (1L),Milk,Mysuru,Chamundi Agencies Mysuru,364,54,19656,Wholesale,Cash
12-06-2024,Nandini Kulfi (50ml),Frozen,Bengaluru,Apex Dairy Supplies Bengaluru,136,25,3400,Retail,UPI
12-06-2024,Nandini Homogenised Cow Milk (1L),Milk,Hubballi,Kittur Distributors Hubballi,856,46,39376,Wholesale,Net Banking
12-06-2024,Nandini Spiced Buttermilk (200ml),Beverages,Mysuru,Chamundi Agencies Mysuru,609,12,7308,Retail,UPI
13-06-2024,Nandini Unsalted Butter (500g),Ghee & Butter,Mysuru,Chamundi Agencies Mysuru,48,280,13440,Supermarket,Cash
13-06-2024,Nandini Set Curd (400g),Fresh Dairy,Davanagere,Central Karnataka Traders Davanagere,141,40,5640,Retail,Cash
13-06-2024,Nandini Fresh Paneer (200g),Fresh Dairy,Hubballi,Kittur Distributors Hubballi,182,95,17290,Retail,Distributor Credit
13-06-2024,Nandini Homogenised Cow Milk (1L),Milk,Mysuru,Chamundi Agencies Mysuru,805,46,37030,Hotel / Restaurant,UPI
13-06-2024,Nandini Milk Peda (250g),Sweets,Mangaluru,Coastal Cool Logistics Mangaluru,125,140,17500,Supermarket,Distributor Credit
13-06-2024,Nandini Toned Milk (1L),Milk,Bengaluru,Apex Dairy Supplies Bengaluru,786,42,33012,Hotel / Restaurant,UPI
13-06-2024,Nandini Pure Ghee (1L),Ghee & Butter,Bengaluru,Apex Dairy Supplies Bengaluru,66,610,40260,Institution,Cash
13-06-2024,Nandini Mysore Pak (250g),Sweets,Bengaluru,Apex Dairy Supplies Bengaluru,126,160,20160,Hotel / Restaurant,UPI
13-06-2024,Nandini Curd (500g),Fresh Dairy,Kalaburagi,Kalyana Karnataka Foods Kalaburagi,429,26,11154,Supermarket,UPI
13-06-2024,Nandini Milk Peda (250g),Sweets,Mysuru,Chamundi Agencies Mysuru,147,140,20580,Supermarket,Distributor Credit
13-06-2024,Nandini Fresh Paneer (200g),Fresh Dairy,Hubballi,Kittur Distributors Hubballi,324,95,30780,Wholesale,Cash
13-06-2024,Nandini Homogenised Cow Milk (1L),Milk,Bengaluru,Apex Dairy Supplies Bengaluru,559,46,25714,Retail,UPI
13-06-2024,Nandini Fresh Paneer (200g),Fresh Dairy,Ballari,Tungabhadra Dairy Logistics Ballari,155,95,14725,Institution,Cash
13-06-2024,Nandini Curd (500g),Fresh Dairy,Hubballi,Kittur Distributors Hubballi,253,26,6578,Supermarket,UPI
13-06-2024,Nandini Flavoured Milk Badam (200ml),Beverages,Belagavi,North Karnataka Milk Center Belagavi,108,35,3780,Retail,UPI
14-06-2024,Nandini Pure Ghee (500ml),Ghee & Butter,Bengaluru,Apex Dairy Supplies Bengaluru,191,315,60165,Hotel / Restaurant,UPI
14-06-2024,Nandini Samrudhi Milk (1L),Milk,Bengaluru,Apex Dairy Supplies Bengaluru,593,54,32022,Wholesale,UPI
14-06-2024,Nandini Kulfi (50ml),Frozen,Hubballi,Kittur Distributors Hubballi,231,25,5775,Retail,Cash
14-06-2024,Nandini Curd (500g),Fresh Dairy,Mysuru,Chamundi Agencies Mysuru,509,26,13234,Supermarket,Cash
14-06-2024,Nandini Samrudhi Milk (1L),Milk,Kalaburagi,Kalyana Karnataka Foods Kalaburagi,143,54,7722,Retail,UPI
14-06-2024,Nandini Pure Ghee (1L),Ghee & Butter,Mangaluru,Coastal Cool Logistics Mangaluru,30,610,18300,Supermarket,Cash
14-06-2024,Nandini Mysore Pak (250g),Sweets,Bengaluru,Apex Dairy Supplies Bengaluru,159,160,25440,Hotel / Restaurant,UPI
14-06-2024,Nandini Fresh Paneer (200g),Fresh Dairy,Ballari,Tungabhadra Dairy Logistics Ballari,113,95,10735,Supermarket,UPI
15-06-2024,Nandini Kulfi (50ml),Frozen,Belagavi,North Karnataka Milk Center Belagavi,223,25,5575,Retail,UPI
15-06-2024,Nandini Mysore Pak (250g),Sweets,Tumakuru,Siddaganga Milk Express Tumakuru,123,160,19680,Retail,Distributor Credit
15-06-2024,Nandini Milk Peda (250g),Sweets,Davanagere,Central Karnataka Traders Davanagere,179,140,25060,Hotel / Restaurant,UPI
15-06-2024,Nandini Mysore Pak (250g),Sweets,Mangaluru,Coastal Cool Logistics Mangaluru,144,160,23040,Hotel / Restaurant,UPI
15-06-2024,Nandini Pure Ghee (500ml),Ghee & Butter,Tumakuru,Siddaganga Milk Express Tumakuru,171,315,53865,Hotel / Restaurant,Cash
15-06-2024,Nandini Gulab Jamun (1kg),Sweets,Bengaluru,Apex Dairy Supplies Bengaluru,94,260,24440,Wholesale,UPI
15-06-2024,Nandini Kulfi (50ml),Frozen,Bengaluru,Apex Dairy Supplies Bengaluru,589,25,14725,Wholesale,Cash
15-06-2024,Nandini Flavoured Milk Badam (200ml),Beverages,Bengaluru,Apex Dairy Supplies Bengaluru,228,35,7980,Supermarket,UPI
15-06-2024,Nandini Samrudhi Milk (1L),Milk,Bengaluru,Apex Dairy Supplies Bengaluru,594,54,32076,Institution,Credit Card
15-06-2024,Nandini Homogenised Cow Milk (1L),Milk,Mangaluru,Coastal Cool Logistics Mangaluru,296,46,13616,Retail,UPI
15-06-2024,Nandini Set Curd (400g),Fresh Dairy,Bengaluru,Apex Dairy Supplies Bengaluru,216,40,8640,Retail,UPI
15-06-2024,Nandini Spiced Buttermilk (200ml),Beverages,Bengaluru,Apex Dairy Supplies Bengaluru,885,12,10620,Retail,UPI
15-06-2024,Nandini Unsalted Butter (500g),Ghee & Butter,Mysuru,Chamundi Agencies Mysuru,53,280,14840,Supermarket,Cash
15-06-2024,Nandini Curd (500g),Fresh Dairy,Bengaluru,Apex Dairy Supplies Bengaluru,623,26,16198,Hotel / Restaurant,UPI
15-06-2024,Nandini Special Milk (1L),Milk,Bengaluru,Apex Dairy Supplies Bengaluru,428,48,20544,Retail,Net Banking
15-06-2024,Nandini Gulab Jamun (1kg),Sweets,Bengaluru,Apex Dairy Supplies Bengaluru,131,260,34060,Supermarket,Net Banking
15-06-2024,Nandini Sweet Lassi (200ml),Beverages,Tumakuru,Siddaganga Milk Express Tumakuru,361,20,7220,Wholesale,Cash
16-06-2024,Nandini Sweet Lassi (200ml),Beverages,Mysuru,Chamundi Agencies Mysuru,544,20,10880,Retail,UPI
16-06-2024,Nandini Fresh Paneer (200g),Fresh Dairy,Bengaluru,Apex Dairy Supplies Bengaluru,374,95,35530,Supermarket,Cash
16-06-2024,Nandini Pure Ghee (500ml),Ghee & Butter,Mysuru,Chamundi Agencies Mysuru,83,315,26145,Supermarket,Cash
16-06-2024,Nandini Fresh Paneer (200g),Fresh Dairy,Kalaburagi,Kalyana Karnataka Foods Kalaburagi,108,95,10260,Retail,UPI
16-06-2024,Nandini Unsalted Butter (500g),Ghee & Butter,Mangaluru,Coastal Cool Logistics Mangaluru,78,280,21840,Supermarket,UPI
16-06-2024,Nandini Fresh Paneer (200g),Fresh Dairy,Bengaluru,Apex Dairy Supplies Bengaluru,343,95,32585,Retail,Net Banking
16-06-2024,Nandini Spiced Buttermilk (200ml),Beverages,Shivamogga,Malnad Dairy Network Shivamogga,939,12,11268,Wholesale,Net Banking
16-06-2024,Nandini Special Milk (1L),Milk,Bengaluru,Apex Dairy Supplies Bengaluru,300,48,14400,Retail,Net Banking
16-06-2024,Nandini Cassata Ice Cream (150ml),Frozen,Bengaluru,Apex Dairy Supplies Bengaluru,179,55,9845,Supermarket,Cash
16-06-2024,Nandini Special Milk (1L),Milk,Hubballi,Kittur Distributors Hubballi,243,48,11664,Retail,Cash
16-06-2024,Nandini Special Milk (1L),Milk,Bengaluru,Apex Dairy Supplies Bengaluru,516,48,24768,Hotel / Restaurant,Net Banking
16-06-2024,Nandini Gulab Jamun (1kg),Sweets,Belagavi,North Karnataka Milk Center Belagavi,52,260,13520,Supermarket,UPI
16-06-2024,Nandini Fresh Paneer (200g),Fresh Dairy,Bengaluru,Apex Dairy Supplies Bengaluru,189,95,17955,Retail,Credit Card
16-06-2024,Nandini Set Curd (400g),Fresh Dairy,Mysuru,Chamundi Agencies Mysuru,81,40,3240,Retail,Distributor Credit
16-06-2024,Nandini Mysore Pak (250g),Sweets,Belagavi,North Karnataka Milk Center Belagavi,118,160,18880,Retail,Net Banking
16-06-2024,Nandini Toned Milk (1L),Milk,Bengaluru,Apex Dairy Supplies Bengaluru,756,42,31752,Supermarket,Credit Card
16-06-2024,Nandini Flavoured Milk Badam (200ml),Beverages,Mysuru,Chamundi Agencies Mysuru,124,35,4340,Retail,Net Banking
17-06-2024,Nandini Salted Butter (500g),Ghee & Butter,Mangaluru,Coastal Cool Logistics Mangaluru,101,275,27775,Hotel / Restaurant,Distributor Credit
17-06-2024,Nandini Milk Peda (250g),Sweets,Kalaburagi,Kalyana Karnataka Foods Kalaburagi,42,140,5880,Supermarket,UPI
17-06-2024,Nandini Salted Butter (500g),Ghee & Butter,Mysuru,Chamundi Agencies Mysuru,243,275,66825,Institution,UPI
17-06-2024,Nandini Homogenised Cow Milk (1L),Milk,Shivamogga,Malnad Dairy Network Shivamogga,343,46,15778,Supermarket,Cash
17-06-2024,Nandini Gulab Jamun (1kg),Sweets,Bengaluru,Apex Dairy Supplies Bengaluru,26,260,6760,Retail,UPI
17-06-2024,Nandini Flavoured Milk Badam (200ml),Beverages,Bengaluru,Apex Dairy Supplies Bengaluru,317,35,11095,Supermarket,Cash
17-06-2024,Nandini Flavoured Milk Badam (200ml),Beverages,Kalaburagi,Kalyana Karnataka Foods Kalaburagi,158,35,5530,Hotel / Restaurant,UPI
17-06-2024,Nandini Sweet Lassi (200ml),Beverages,Mangaluru,Coastal Cool Logistics Mangaluru,186,20,3720,Retail,UPI
18-06-2024,Nandini Set Curd (400g),Fresh Dairy,Bengaluru,Apex Dairy Supplies Bengaluru,163,40,6520,Supermarket,UPI
18-06-2024,Nandini Shubham Milk (1L),Milk,Shivamogga,Malnad Dairy Network Shivamogga,268,50,13400,Retail,Distributor Credit
18-06-2024,Nandini Shubham Milk (1L),Milk,Hubballi,Kittur Distributors Hubballi,272,50,13600,Supermarket,Net Banking
18-06-2024,Nandini Homogenised Cow Milk (1L),Milk,Shivamogga,Malnad Dairy Network Shivamogga,292,46,13432,Retail,UPI
18-06-2024,  nandini sweet lassi (200ml)  ,Beverages,Bengaluru,Apex Dairy Supplies Bengaluru,383,20,7660,Retail,UPI
18-06-2024,Nandini Samrudhi Milk (1L),Milk,Shivamogga,Malnad Dairy Network Shivamogga,140,54,7560,Supermarket,Cash
18-06-2024,Nandini Cassata Ice Cream (150ml),Frozen,Bengaluru,Apex Dairy Supplies Bengaluru,129,55,7095,Supermarket,UPI
18-06-2024,Nandini Samrudhi Milk (1L),Milk,Mangaluru,Coastal Cool Logistics Mangaluru,294,54,15876,Wholesale,Net Banking
18-06-2024,Nandini Milk Peda (250g),Sweets,Bengaluru,Apex Dairy Supplies Bengaluru,71,140,9940,Retail,UPI
18-06-2024,Nandini Flavoured Milk Badam (200ml),Beverages,Mangaluru,Coastal Cool Logistics Mangaluru,200,35,7000,Retail,Cash
18-06-2024,Nandini Unsalted Butter (500g),Ghee & Butter,Bengaluru,Apex Dairy Supplies Bengaluru,136,280,38080,Hotel / Restaurant,Cash
18-06-2024,Nandini Homogenised Cow Milk (1L),Milk,Bengaluru,Apex Dairy Supplies Bengaluru,440,46,20240,Supermarket,Cash
18-06-2024,Nandini Pure Ghee (1L),Ghee & Butter,Hubballi,Kittur Distributors Hubballi,144,610,87840,Wholesale,Net Banking
18-06-2024,Nandini Shubham Milk (1L),Milk,Bengaluru,Apex Dairy Supplies Bengaluru,357,50,17850,Supermarket,UPI
18-06-2024,Nandini Spiced Buttermilk (200ml),Beverages,Hubballi,Kittur Distributors Hubballi,749,12,8988,Retail,Net Banking
18-06-2024,Nandini Shubham Milk (1L),Milk,Bengaluru,Apex Dairy Supplies Bengaluru,265,50,13250,Retail,Net Banking
19-06-2024,Nandini Curd (500g),Fresh Dairy,Mysuru,Chamundi Agencies Mysuru,249,26,6474,Retail,UPI
19-06-2024,Nandini Kulfi (50ml),Frozen,Bengaluru,Apex Dairy Supplies Bengaluru,595,25,14875,Institution,Cash
19-06-2024,Nandini Samrudhi Milk (1L),Milk,Belagavi,North Karnataka Milk Center Belagavi,140,54,7560,Retail,UPI
19-06-2024,Nandini Kulfi (50ml),Frozen,Mangaluru,Coastal Cool Logistics Mangaluru,222,25,5550,Wholesale,UPI
19-06-2024,Nandini Salted Butter (500g),Ghee & Butter,Mysuru,Chamundi Agencies Mysuru,122,275,33550,Retail,UPI
19-06-2024,Nandini Spiced Buttermilk (200ml),Beverages,Hubballi,Kittur Distributors Hubballi,358,12,4296,Retail,UPI
19-06-2024,Nandini Spiced Buttermilk (200ml),Beverages,Bengaluru,Apex Dairy Supplies Bengaluru,2040,12,24480,Wholesale,Cash
19-06-2024,Nandini Pure Ghee (500ml),Ghee & Butter,Belagavi,North Karnataka Milk Center Belagavi,95,315,29925,Hotel / Restaurant,Net Banking
19-06-2024,Nandini Special Milk (1L),Milk,Hubballi,Kittur Distributors Hubballi,295,48,14160,Supermarket,Credit Card
19-06-2024,Nandini Pure Ghee (1L),Ghee & Butter,Davanagere,Central Karnataka Traders Davanagere,71,610,43310,Retail,UPI
19-06-2024,Nandini Special Milk (1L),Milk,Shivamogga,Malnad Dairy Network Shivamogga,479,48,22992,Retail,Credit Card
20-06-2024,Nandini Gulab Jamun (1kg),Sweets,Bengaluru,Apex Dairy Supplies Bengaluru,64,260,16640,Supermarket,Distributor Credit
20-06-2024,Nandini Set Curd (400g),Fresh Dairy,Mangaluru,Coastal Cool Logistics Mangaluru,131,40,5240,Retail,Credit Card
20-06-2024,Nandini Pure Ghee (1L),Ghee & Butter,Bengaluru,Apex Dairy Supplies Bengaluru,133,610,81130,Supermarket,Cash
20-06-2024,Nandini Shubham Milk (1L),Milk,Bengaluru,Apex Dairy Supplies Bengaluru,327,50,16350,Supermarket,UPI
20-06-2024,Nandini Sweet Lassi (200ml),Beverages,Bengaluru,Apex Dairy Supplies Bengaluru,312,20,6240,Supermarket,UPI
20-06-2024,Nandini Pure Ghee (1L),Ghee & Butter,Kalaburagi,Kalyana Karnataka Foods Kalaburagi,63,610,38430,Wholesale,Distributor Credit
20-06-2024,Nandini Milk Peda (250g),Sweets,Bengaluru,Apex Dairy Supplies Bengaluru,127,140,17780,Retail,UPI
20-06-2024,Nandini Samrudhi Milk (1L),Milk,Bengaluru,Apex Dairy Supplies Bengaluru,195,54,10530,Supermarket,Net Banking
20-06-2024,Nandini Unsalted Butter (500g),Ghee & Butter,Hubballi,Kittur Distributors Hubballi,49,280,13720,Wholesale,UPI
20-06-2024,Nandini Pure Ghee (1L),Ghee & Butter,Hubballi,Kittur Distributors Hubballi,57,610,34770,Retail,UPI
20-06-2024,Nandini Pure Ghee (500ml),Ghee & Butter,Davanagere,Central Karnataka Traders Davanagere,67,315,21105,Supermarket,Net Banking
20-06-2024,Nandini Homogenised Cow Milk (1L),Milk,Bengaluru,Apex Dairy Supplies Bengaluru,654,46,30084,Supermarket,UPI
20-06-2024,Nandini Cassata Ice Cream (150ml),Frozen,Hubballi,Kittur Distributors Hubballi,134,55,7370,Retail,Cash
20-06-2024,Nandini Milk Peda (250g),Sweets,Mangaluru,Coastal Cool Logistics Mangaluru,206,140,28840,Wholesale,Cash
20-06-2024,Nandini Pure Ghee (1L),Ghee & Butter,Tumakuru,Siddaganga Milk Express Tumakuru,149,610,90890,Wholesale,Net Banking
21-06-2024,Nandini Pure Ghee (500ml),Ghee & Butter,Belagavi,North Karnataka Milk Center Belagavi,127,315,40005,Wholesale,Cash
21-06-2024,Nandini Mysore Pak (250g),Sweets,Bengaluru,Apex Dairy Supplies Bengaluru,246,160,39360,Wholesale,UPI
21-06-2024,Nandini Samrudhi Milk (1L),Milk,Mysuru,Chamundi Agencies Mysuru,337,54,18198,Institution,Net Banking
21-06-2024,Nandini Mysore Pak (250g),Sweets,Mysuru,Chamundi Agencies Mysuru,153,160,24480,Wholesale,UPI
21-06-2024,Nandini Cassata Ice Cream (150ml),Frozen,Hubballi,Kittur Distributors Hubballi,101,55,5555,Institution,UPI
21-06-2024,Nandini Sweet Lassi (200ml),Beverages,shivamogga ,Malnad Dairy Network Shivamogga,361,20,7220,Retail,UPI
21-06-2024,Nandini Gulab Jamun (1kg),Sweets,Shivamogga,Malnad Dairy Network Shivamogga,70,260,18200,Retail,UPI
21-06-2024,Nandini Curd (500g),Fresh Dairy,Hubballi,Kittur Distributors Hubballi,570,26,14820,Retail,Net Banking
21-06-2024,Nandini Toned Milk (1L),Milk,Bengaluru,Apex Dairy Supplies Bengaluru,858,42,36036,Wholesale,Cash
21-06-2024,Nandini Shubham Milk (1L),Milk,Tumakuru,Siddaganga Milk Express Tumakuru,358,50,17900,Hotel / Restaurant,Cash
21-06-2024,Nandini Kulfi (50ml),Frozen,Mysuru,Chamundi Agencies Mysuru,157,25,3925,Hotel / Restaurant,UPI
21-06-2024,Nandini Gulab Jamun (1kg),Sweets,Mangaluru,Coastal Cool Logistics Mangaluru,130,260,33800,Wholesale,Cash
21-06-2024,Nandini Toned Milk (1L),Milk,Hubballi,Kittur Distributors Hubballi,923,42,38766,Supermarket,UPI
21-06-2024,Nandini Special Milk (1L),Milk,Bengaluru,Apex Dairy Supplies Bengaluru,653,48,31344,Retail,Distributor Credit
21-06-2024,Nandini Homogenised Cow Milk (1L),Milk,Bengaluru,Apex Dairy Supplies Bengaluru,633,46,29118,Hotel / Restaurant,Net Banking
21-06-2024,Nandini Flavoured Milk Badam (200ml),Beverages,Hubballi,Kittur Distributors Hubballi,334,35,11690,Wholesale,UPI
21-06-2024,Nandini Curd (500g),Fresh Dairy,Bengaluru,Apex Dairy Supplies Bengaluru,396,26,10296,Retail,Net Banking
21-06-2024,Nandini Flavoured Milk Badam (200ml),Beverages,Bengaluru,Apex Dairy Supplies Bengaluru,294,35,10290,Wholesale,Net Banking
21-06-2024,Nandini Gulab Jamun (1kg),Sweets,Hubballi,Kittur Distributors Hubballi,108,260,28080,Hotel / Restaurant,UPI
22-06-2024,Nandini Curd (500g),Fresh Dairy,Kalaburagi,Kalyana Karnataka Foods Kalaburagi,1089,26,28314,Wholesale,Distributor Credit
22-06-2024,Nandini Mysore Pak (250g),Sweets,Ballari,Tungabhadra Dairy Logistics Ballari,167,160,26720,Supermarket,Credit Card
22-06-2024,Nandini Cassata Ice Cream (150ml),Frozen,Kalaburagi,Kalyana Karnataka Foods Kalaburagi,273,55,15015,Wholesale,UPI
22-06-2024,Nandini Homogenised Cow Milk (1L),Milk,Shivamogga,Malnad Dairy Network Shivamogga,269,46,12374,Retail,UPI
22-06-2024,Nandini Sweet Lassi (200ml),Beverages,Shivamogga,Malnad Dairy Network Shivamogga,357,20,7140,Retail,Cash
22-06-2024,Nandini Salted Butter (500g),Ghee & Butter,Bengaluru,Apex Dairy Supplies Bengaluru,213,275,58575,Wholesale,Cash
22-06-2024,Nandini Homogenised Cow Milk (1L),Milk,Mangaluru,Coastal Cool Logistics Mangaluru,387,46,17802,Retail,UPI
22-06-2024,Nandini Milk Peda (250g),Sweets,Mangaluru,Coastal Cool Logistics Mangaluru,135,140,18900,Supermarket,Net Banking
22-06-2024,Nandini Fresh Paneer (200g),Fresh Dairy,Bengaluru,Apex Dairy Supplies Bengaluru,566,95,53770,Wholesale,Net Banking
22-06-2024,Nandini Unsalted Butter (500g),Ghee & Butter,Kalaburagi,Kalyana Karnataka Foods Kalaburagi,60,280,16800,Hotel / Restaurant,Net Banking
22-06-2024,Nandini Unsalted Butter (500g),Ghee & Butter,Bengaluru,Apex Dairy Supplies Bengaluru,87,280,24360,Hotel / Restaurant,Cash
23-06-2024,NANDINI SAMRUDHI MILK (1L),Milk,Davanagere,Central Karnataka Traders Davanagere,204,54,11016,Wholesale,Net Banking
23-06-2024,Nandini Kulfi (50ml),Frozen,Bengaluru,Apex Dairy Supplies Bengaluru,411,25,10275,Wholesale,UPI
23-06-2024,Nandini Flavoured Milk Badam (200ml),Beverages,Kalaburagi,Kalyana Karnataka Foods Kalaburagi,130,35,4550,Retail,Distributor Credit
23-06-2024,Nandini Toned Milk (1L),Milk,Mysuru,Chamundi Agencies Mysuru,1105,42,46410,Hotel / Restaurant,Net Banking
23-06-2024,Nandini Unsalted Butter (500g),Ghee & Butter,Bengaluru,Apex Dairy Supplies Bengaluru,47,280,13160,Supermarket,Cash
23-06-2024,Nandini Homogenised Cow Milk (1L),Milk,Davanagere,Central Karnataka Traders Davanagere,580,46,26680,Hotel / Restaurant,UPI
23-06-2024,Nandini Spiced Buttermilk (200ml),Beverages,Davanagere,Central Karnataka Traders Davanagere,514,12,6168,Retail,UPI
23-06-2024,Nandini Pure Ghee (500ml),Ghee & Butter,Bengaluru,Apex Dairy Supplies Bengaluru,141,315,44415,Retail,Cash
23-06-2024,Nandini Gulab Jamun (1kg),Sweets,Belagavi,North Karnataka Milk Center Belagavi,54,260,14040,Wholesale,Net Banking
23-06-2024,Nandini Milk Peda (250g),Sweets,Davanagere,Central Karnataka Traders Davanagere,66,140,9240,Retail,UPI
23-06-2024,Nandini Special Milk (1L),Milk,Mangaluru,Coastal Cool Logistics Mangaluru,505,48,24240,Supermarket,Cash
24-06-2024,Nandini Spiced Buttermilk (200ml),Beverages,Bengaluru,Apex Dairy Supplies Bengaluru,1171,12,14052,Supermarket,Credit Card
24-06-2024,Nandini Special Milk (1L),Milk,Tumakuru,Siddaganga Milk Express Tumakuru,460,48,22080,Supermarket,UPI
24-06-2024,Nandini Salted Butter (500g),Ghee & Butter,Kalaburagi,Kalyana Karnataka Foods Kalaburagi,44,275,12100,Supermarket,UPI
24-06-2024,Nandini Mysore Pak (250g),Sweets,Bengaluru,Apex Dairy Supplies Bengaluru,111,160,17760,Retail,Cash
24-06-2024,Nandini Set Curd (400g),Fresh Dairy,Hubballi,Kittur Distributors Hubballi,92,40,3680,Supermarket,UPI
24-06-2024,Nandini Set Curd (400g),Fresh Dairy,Bengaluru,Apex Dairy Supplies Bengaluru,230,40,9200,Supermarket,Cash
24-06-2024,Nandini Spiced Buttermilk (200ml),Beverages,Belagavi,North Karnataka Milk Center Belagavi,552,12,6624,Wholesale,UPI
24-06-2024,Nandini Samrudhi Milk (1L),Milk,Mysuru,Chamundi Agencies Mysuru,288,54,15552,Retail,Net Banking
24-06-2024,Nandini Gulab Jamun (1kg),Sweets,Bengaluru,Apex Dairy Supplies Bengaluru,39,260,10140,Supermarket,Credit Card
24-06-2024,Nandini Milk Peda (250g),Sweets,Mangaluru,Coastal Cool Logistics Mangaluru,115,140,16100,Hotel / Restaurant,UPI
24-06-2024,Nandini Kulfi (50ml),Frozen,Bengaluru,Apex Dairy Supplies Bengaluru,349,25,8725,Wholesale,UPI
24-06-2024,Nandini Homogenised Cow Milk (1L),Milk,Kalaburagi,Kalyana Karnataka Foods Kalaburagi,544,46,25024,Retail,UPI
24-06-2024,Nandini Flavoured Milk Badam (200ml),Beverages,Bengaluru,Apex Dairy Supplies Bengaluru,349,35,12215,Supermarket,UPI
24-06-2024,Nandini Fresh Paneer (200g),Fresh Dairy,Ballari,Tungabhadra Dairy Logistics Ballari,233,95,22135,Retail,UPI
24-06-2024,Nandini Mysore Pak (250g),Sweets,Bengaluru,Apex Dairy Supplies Bengaluru,96,160,15360,Retail,Net Banking
24-06-2024,Nandini Pure Ghee (500ml),Ghee & Butter,Bengaluru,Apex Dairy Supplies Bengaluru,124,315,39060,Retail,Distributor Credit
25-06-2024,Nandini Homogenised Cow Milk (1L),Milk,Hubballi,Kittur Distributors Hubballi,682,46,31372,Supermarket,UPI
25-06-2024,Nandini Samrudhi Milk (1L),Milk,Tumakuru,Siddaganga Milk Express Tumakuru,198,54,10692,Supermarket,UPI
25-06-2024,Nandini Samrudhi Milk (1L),Milk,Shivamogga,Malnad Dairy Network Shivamogga,480,54,25920,Institution,UPI
25-06-2024,Nandini Shubham Milk (1L),Milk,Bengaluru,Apex Dairy Supplies Bengaluru,571,50,28550,Hotel / Restaurant,Distributor Credit
25-06-2024,Nandini Toned Milk (1L),Milk,Hubballi,Kittur Distributors Hubballi,687,42,28854,Retail,UPI
25-06-2024,Nandini Spiced Buttermilk (200ml),Beverages,Bengaluru,Apex Dairy Supplies Bengaluru,529,12,6348,Retail,UPI
25-06-2024,Nandini Spiced Buttermilk (200ml),Beverages,Kalaburagi,Kalyana Karnataka Foods Kalaburagi,800,12,9600,Hotel / Restaurant,UPI
25-06-2024,Nandini Cassata Ice Cream (150ml),Frozen,Ballari,Tungabhadra Dairy Logistics Ballari,98,55,5390,Hotel / Restaurant,Credit Card
25-06-2024,Nandini Kulfi (50ml),Frozen,Mangaluru,Coastal Cool Logistics Mangaluru,183,25,4575,Retail,UPI
25-06-2024,Nandini Samrudhi Milk (1L),Milk,Bengaluru,Apex Dairy Supplies Bengaluru,339,54,18306,Retail,UPI
25-06-2024,Nandini Kulfi (50ml),Frozen,Bengaluru,Apex Dairy Supplies Bengaluru,338,25,8450,Hotel / Restaurant,Cash
25-06-2024,Nandini Toned Milk (1L),Milk,Tumakuru,Siddaganga Milk Express Tumakuru,327,42,13734,Retail,UPI
25-06-2024,Nandini Fresh Paneer (200g),Fresh Dairy,Belagavi,North Karnataka Milk Center Belagavi,180,95,17100,Wholesale,UPI
25-06-2024,Nandini Toned Milk (1L),Milk,Mangaluru,Coastal Cool Logistics Mangaluru,586,42,24612,Supermarket,UPI
25-06-2024,Nandini Homogenised Cow Milk (1L),Milk,Bengaluru,Apex Dairy Supplies Bengaluru,708,46,32568,Retail,UPI
26-06-2024,Nandini Cassata Ice Cream (150ml),Frozen,Mysuru,Chamundi Agencies Mysuru,121,55,6655,Supermarket,UPI
26-06-2024,Nandini Cassata Ice Cream (150ml),Frozen,Mangaluru,Coastal Cool Logistics Mangaluru,144,55,7920,Wholesale,UPI
26-06-2024,Nandini Shubham Milk (1L),Milk,Bengaluru,Apex Dairy Supplies Bengaluru,343,50,17150,Retail,UPI
26-06-2024,Nandini Samrudhi Milk (1L),Milk,Mangaluru,Coastal Cool Logistics Mangaluru,295,54,15930,Hotel / Restaurant,Credit Card
26-06-2024,Nandini Gulab Jamun (1kg),Sweets,Mangaluru,Coastal Cool Logistics Mangaluru,27,260,7020,Supermarket,UPI
26-06-2024,Nandini Homogenised Cow Milk (1L),Milk,Bengaluru,Apex Dairy Supplies Bengaluru,381,46,17526,Retail,UPI
26-06-2024,Nandini Shubham Milk (1L),Milk,Kalaburagi,Kalyana Karnataka Foods Kalaburagi,143,50,7150,Retail,UPI
27-06-2024,Nandini Unsalted Butter (500g),Ghee & Butter,Bengaluru,Apex Dairy Supplies Bengaluru,55,280,15400,Supermarket,UPI
27-06-2024,Nandini Fresh Paneer (200g),Fresh Dairy,Mysuru,Chamundi Agencies Mysuru,207,95,19665,Retail,Net Banking
27-06-2024,Nandini Fresh Paneer (200g),Fresh Dairy,Bengaluru,Apex Dairy Supplies Bengaluru,285,95,27075,Retail,UPI
27-06-2024,Nandini Homogenised Cow Milk (1L),Milk,Bengaluru,Apex Dairy Supplies Bengaluru,724,46,33304,Supermarket,Net Banking
27-06-2024,Nandini Samrudhi Milk (1L),Milk,Hubballi,Kittur Distributors Hubballi,193,54,10422,Retail,Cash
27-06-2024,Nandini Samrudhi Milk (1L),Milk,Bengaluru,Apex Dairy Supplies Bengaluru,209,54,11286,Supermarket,Cash
27-06-2024,Nandini Fresh Paneer (200g),Fresh Dairy,Bengaluru,Apex Dairy Supplies Bengaluru,302,95,28690,Supermarket,UPI
27-06-2024,Nandini Curd (500g),Fresh Dairy,Mysuru,Chamundi Agencies Mysuru,580,26,15080,Hotel / Restaurant,Credit Card
27-06-2024,Nandini Pure Ghee (1L),Ghee & Butter,Bengaluru,Apex Dairy Supplies Bengaluru,181,610,110410,Wholesale,UPI
27-06-2024,Nandini Pure Ghee (1L),Ghee & Butter,Mangaluru,Coastal Cool Logistics Mangaluru,80,610,48800,Retail,UPI
27-06-2024,Nandini Salted Butter (500g),Ghee & Butter,Bengaluru,Apex Dairy Supplies Bengaluru,37,275,10175,Retail,UPI
27-06-2024,Nandini Sweet Lassi (200ml),Beverages,Mangaluru,Coastal Cool Logistics Mangaluru,763,20,15260,Wholesale,UPI
27-06-2024,Nandini Set Curd (400g),Fresh Dairy,Ballari,Tungabhadra Dairy Logistics Ballari,98,40,3920,Retail,Distributor Credit
28-06-2024,Nandini Special Milk (1L),Milk,Bengaluru,Apex Dairy Supplies Bengaluru,682,48,32736,Retail,UPI
28-06-2024,Nandini Pure Ghee (1L),Ghee & Butter,Kalaburagi,Kalyana Karnataka Foods Kalaburagi,63,610,38430,Wholesale,Net Banking
28-06-2024,  nandini flavoured milk badam (200ml)  ,Beverages,Mysuru,Chamundi Agencies Mysuru,300,35,10500,Wholesale,UPI
28-06-2024,Nandini Homogenised Cow Milk (1L),Milk,Ballari,Tungabhadra Dairy Logistics Ballari,283,46,13018,Retail,UPI
28-06-2024,Nandini Salted Butter (500g),Ghee & Butter,Bengaluru,Apex Dairy Supplies Bengaluru,84,275,23100,Wholesale,Cash
28-06-2024,Nandini Sweet Lassi (200ml),Beverages,Bengaluru,Apex Dairy Supplies Bengaluru,719,20,14380,Hotel / Restaurant,UPI
28-06-2024,Nandini Special Milk (1L),Milk,Bengaluru,Apex Dairy Supplies Bengaluru,467,48,22416,Wholesale,Credit Card
29-06-2024,Nandini Sweet Lassi (200ml),Beverages,Bengaluru,Apex Dairy Supplies Bengaluru,547,20,10940,Supermarket,Credit Card
29-06-2024,Nandini Gulab Jamun (1kg),Sweets,Bengaluru,Apex Dairy Supplies Bengaluru,77,260,20020,Retail,Credit Card
29-06-2024,Nandini Pure Ghee (500ml),Ghee & Butter,Mangaluru,Coastal Cool Logistics Mangaluru,114,315,35910,Retail,UPI
29-06-2024,Nandini Toned Milk (1L),Milk,Mysuru,Chamundi Agencies Mysuru,723,42,30366,Retail,UPI
29-06-2024,Nandini Kulfi (50ml),Frozen,Ballari,Tungabhadra Dairy Logistics Ballari,70,25,1750,Supermarket,UPI
29-06-2024,Nandini Flavoured Milk Badam (200ml),Beverages,Bengaluru,Apex Dairy Supplies Bengaluru,498,35,17430,Wholesale,Credit Card
29-06-2024,Nandini Homogenised Cow Milk (1L),Milk,Hubballi,Kittur Distributors Hubballi,569,46,26174,Retail,UPI
29-06-2024,Nandini Salted Butter (500g),Ghee & Butter,Hubballi,Kittur Distributors Hubballi,47,275,12925,Wholesale,UPI
29-06-2024,Nandini Unsalted Butter (500g),Ghee & Butter,Mysuru,Chamundi Agencies Mysuru,89,280,24920,Hotel / Restaurant,Credit Card
29-06-2024,Nandini Fresh Paneer (200g),Fresh Dairy,Kalaburagi,Kalyana Karnataka Foods Kalaburagi,170,95,16150,Retail,UPI
29-06-2024,Nandini Salted Butter (500g),Ghee & Butter,Tumakuru,Siddaganga Milk Express Tumakuru,162,275,44550,Institution,UPI
30-06-2024,Nandini Cassata Ice Cream (150ml),Frozen,Tumakuru,Siddaganga Milk Express Tumakuru,319,55,17545,Wholesale,UPI
30-06-2024,Nandini Milk Peda (250g),Sweets,Kalaburagi,Kalyana Karnataka Foods Kalaburagi,101,140,14140,Retail,UPI
30-06-2024,Nandini Pure Ghee (500ml),Ghee & Butter,Bengaluru,Apex Dairy Supplies Bengaluru,118,315,37170,Retail,Credit Card
30-06-2024,Nandini Salted Butter (500g),Ghee & Butter,Ballari,Tungabhadra Dairy Logistics Ballari,108,275,29700,Retail,Cash
30-06-2024,Nandini Unsalted Butter (500g),Ghee & Butter,Bengaluru,Apex Dairy Supplies Bengaluru,61,280,17080,Hotel / Restaurant,UPI
30-06-2024,Nandini Milk Peda (250g),Sweets,Bengaluru,Apex Dairy Supplies Bengaluru,120,140,16800,Supermarket,Credit Card
30-06-2024,Nandini Salted Butter (500g),Ghee & Butter,Mysuru,Chamundi Agencies Mysuru,120,275,33000,Retail,UPI
30-06-2024,Nandini Cassata Ice Cream (150ml),Frozen,Mangaluru,Coastal Cool Logistics Mangaluru,309,55,16995,Institution,Cash
30-06-2024,Nandini Milk Peda (250g),Sweets,Davanagere,Central Karnataka Traders Davanagere,59,140,8260,Retail,Credit Card
30-06-2024,Nandini Unsalted Butter (500g),Ghee & Butter,Kalaburagi,Kalyana Karnataka Foods Kalaburagi,136,280,38080,Wholesale,Credit Card
30-06-2024,Nandini Fresh Paneer (200g),Fresh Dairy,Mysuru,Chamundi Agencies Mysuru,265,95,25175,Hotel / Restaurant,Distributor Credit
30-06-2024,Nandini Samrudhi Milk (1L),Milk,Mysuru,Chamundi Agencies Mysuru,163,54,8802,Supermarket,Net Banking
01-07-2024,Nandini Homogenised Cow Milk (1L),Milk,Mysuru,Chamundi Agencies Mysuru,611,46,28106,Retail,UPI
01-07-2024,Nandini Pure Ghee (500ml),Ghee & Butter,Belagavi,North Karnataka Milk Center Belagavi,98,315,30870,Retail,Cash
01-07-2024,Nandini Shubham Milk (1L),Milk,Ballari,Tungabhadra Dairy Logistics Ballari,294,50,14700,Retail,Cash
01-07-2024,Nandini Set Curd (400g),Fresh Dairy,Davanagere,Central Karnataka Traders Davanagere,274,40,10960,Wholesale,Distributor Credit
01-07-2024,Nandini Gulab Jamun (1kg),Sweets,Belagavi,North Karnataka Milk Center Belagavi,64,260,16640,Retail,UPI
01-07-2024,Nandini Shubham Milk (1L),Milk,Bengaluru,Apex Dairy Supplies Bengaluru,467,50,23350,Retail,Net Banking
01-07-2024,Nandini Set Curd (400g),Fresh Dairy,Shivamogga,Malnad Dairy Network Shivamogga,150,40,6000,Retail,UPI
01-07-2024,Nandini Shubham Milk (1L),Milk,Bengaluru,Apex Dairy Supplies Bengaluru,217,50,10850,Retail,UPI
01-07-2024,Nandini Samrudhi Milk (1L),Milk,Mysuru,Chamundi Agencies Mysuru,98,54,5292,Retail,UPI
01-07-2024,Nandini Cassata Ice Cream (150ml),Frozen,Bengaluru,Apex Dairy Supplies Bengaluru,183,55,10065,Retail,Net Banking
01-07-2024,Nandini Set Curd (400g),Fresh Dairy,Bengaluru,Apex Dairy Supplies Bengaluru,181,40,7240,Hotel / Restaurant,Net Banking
01-07-2024,Nandini Pure Ghee (500ml),Ghee & Butter,Mangaluru,Coastal Cool Logistics Mangaluru,147,315,46305,Retail,UPI
01-07-2024,Nandini Pure Ghee (500ml),Ghee & Butter,Belagavi,North Karnataka Milk Center Belagavi,102,315,32130,Supermarket,UPI
01-07-2024,Nandini Salted Butter (500g),Ghee & Butter,Mysuru,Chamundi Agencies Mysuru,88,275,24200,Wholesale,Credit Card
01-07-2024,Nandini Samrudhi Milk (1L),Milk,Belagavi,North Karnataka Milk Center Belagavi,288,54,15552,Wholesale,Cash
01-07-2024,Nandini Gulab Jamun (1kg),Sweets,Tumakuru,Siddaganga Milk Express Tumakuru,128,260,33280,Wholesale,Cash
01-07-2024,Nandini Special Milk (1L),Milk,Mangaluru,Coastal Cool Logistics Mangaluru,427,48,20496,Retail,UPI
02-07-2024,Nandini Set Curd (400g),Fresh Dairy,Belagavi,North Karnataka Milk Center Belagavi,96,40,3840,Retail,Net Banking
02-07-2024,Nandini Sweet Lassi (200ml),Beverages,Mangaluru,Coastal Cool Logistics Mangaluru,241,20,4820,Retail,Net Banking
02-07-2024,Nandini Sweet Lassi (200ml),Beverages,Bengaluru,Apex Dairy Supplies Bengaluru,228,20,4560,Retail,Cash
02-07-2024,Nandini Unsalted Butter (500g),Ghee & Butter,Mysuru,Chamundi Agencies Mysuru,43,280,12040,Retail,UPI
02-07-2024,Nandini Set Curd (400g),Fresh Dairy,Bengaluru,Apex Dairy Supplies Bengaluru,162,40,6480,Retail,Credit Card
02-07-2024,Nandini Toned Milk (1L),Milk,Davanagere,Central Karnataka Traders Davanagere,530,42,22260,Retail,UPI
02-07-2024,Nandini Gulab Jamun (1kg),Sweets,Hubballi,Kittur Distributors Hubballi,36,260,9360,Retail,Cash
02-07-2024,Nandini Set Curd (400g),Fresh Dairy,Bengaluru,Apex Dairy Supplies Bengaluru,361,40,14440,Wholesale,UPI
02-07-2024,Nandini Toned Milk (1L),Milk,Hubballi,Kittur Distributors Hubballi,780,42,32760,Retail,UPI
02-07-2024,Nandini Shubham Milk (1L),Milk,Mysuru,Chamundi Agencies Mysuru,489,50,24450,Wholesale,UPI
02-07-2024,Nandini Cassata Ice Cream (150ml),Frozen,Mysuru,Chamundi Agencies Mysuru,91,55,5005,Supermarket,Distributor Credit
02-07-2024,Nandini Toned Milk (1L),Milk,Bengaluru,Apex Dairy Supplies Bengaluru,1102,42,46284,Retail,UPI
02-07-2024,Nandini Samrudhi Milk (1L),Milk,Bengaluru,Apex Dairy Supplies Bengaluru,143,54,7722,Retail,Net Banking
02-07-2024,Nandini Flavoured Milk Badam (200ml),Beverages,Mysuru,Chamundi Agencies Mysuru,94,35,3290,Supermarket,UPI
03-07-2024,Nandini Samrudhi Milk (1L),Milk,Kalaburagi,Kalyana Karnataka Foods Kalaburagi,311,54,16794,Institution,Net Banking
03-07-2024,Nandini Special Milk (1L),Milk,Shivamogga,Malnad Dairy Network Shivamogga,187,48,8976,Supermarket,UPI
03-07-2024,Nandini Salted Butter (500g),Ghee & Butter,Hubballi,Kittur Distributors Hubballi,43,275,11825,Hotel / Restaurant,Cash
03-07-2024,Nandini Cassata Ice Cream (150ml),Frozen,Mangaluru,Coastal Cool Logistics Mangaluru,88,55,4840,Retail,UPI
03-07-2024,Nandini Special Milk (1L),Milk,Bengaluru,Apex Dairy Supplies Bengaluru,949,48,45552,Wholesale,UPI
03-07-2024,Nandini Unsalted Butter (500g),Ghee & Butter,Hubballi,Kittur Distributors Hubballi,55,280,15400,Institution,Net Banking
04-07-2024,Nandini Sweet Lassi (200ml),Beverages,Bengaluru,Apex Dairy Supplies Bengaluru,620,20,12400,Institution,UPI
04-07-2024,Nandini Pure Ghee (500ml),Ghee & Butter,Bengaluru,Apex Dairy Supplies Bengaluru,324,315,102060,Wholesale,Net Banking
04-07-2024,Nandini Kulfi (50ml),Frozen,Belagavi,North Karnataka Milk Center Belagavi,202,25,5050,Supermarket,UPI
04-07-2024,Nandini Flavoured Milk Badam (200ml),Beverages,Bengaluru,Apex Dairy Supplies Bengaluru,700,35,24500,Institution,Cash
04-07-2024,Nandini Sweet Lassi (200ml),Beverages,Mangaluru,Coastal Cool Logistics Mangaluru,237,20,4740,Supermarket,UPI
04-07-2024,Nandini Curd (500g),Fresh Dairy,Belagavi,North Karnataka Milk Center Belagavi,388,26,10088,Retail,UPI
04-07-2024,Nandini Milk Peda (250g),Sweets,Mangaluru,Coastal Cool Logistics Mangaluru,53,140,7420,Supermarket,Net Banking
04-07-2024,Nandini Special Milk (1L),Milk,Mysuru,Chamundi Agencies Mysuru,516,48,24768,Supermarket,UPI
04-07-2024,Nandini Unsalted Butter (500g),Ghee & Butter,Belagavi,North Karnataka Milk Center Belagavi,62,280,17360,Supermarket,Net Banking
04-07-2024,Nandini Curd (500g),Fresh Dairy,Kalaburagi,Kalyana Karnataka Foods Kalaburagi,359,26,9334,Retail,Net Banking
05-07-2024,Nandini Pure Ghee (1L),Ghee & Butter,Bengaluru,Apex Dairy Supplies Bengaluru,108,610,65880,Wholesale,Cash
05-07-2024,Nandini Flavoured Milk Badam (200ml),Beverages,Mysuru,Chamundi Agencies Mysuru,187,35,6545,Supermarket,UPI
05-07-2024,Nandini Curd (500g),Fresh Dairy,Mysuru,Chamundi Agencies Mysuru,1091,26,28366,Wholesale,UPI
05-07-2024,Nandini Pure Ghee (500ml),Ghee & Butter,Davanagere,Central Karnataka Traders Davanagere,135,315,42525,Hotel / Restaurant,Credit Card
05-07-2024,Nandini Sweet Lassi (200ml),Beverages,Bengaluru,Apex Dairy Supplies Bengaluru,880,20,17600,Wholesale,UPI
05-07-2024,Nandini Unsalted Butter (500g),Ghee & Butter,Mysuru,Chamundi Agencies Mysuru,91,280,25480,Retail,UPI
05-07-2024,Nandini Shubham Milk (1L),Milk,Shivamogga,Malnad Dairy Network Shivamogga,140,50,7000,Retail,UPI
05-07-2024,Nandini Samrudhi Milk (1L),Milk,Mangaluru,Coastal Cool Logistics Mangaluru,108,54,5832,Retail,Cash
05-07-2024,Nandini Salted Butter (500g),Ghee & Butter,Mysuru,Chamundi Agencies Mysuru,32,275,8800,Retail,UPI
06-07-2024,Nandini Pure Ghee (1L),Ghee & Butter,Mangaluru,Coastal Cool Logistics Mangaluru,90,610,54900,Retail,UPI
06-07-2024,Nandini Curd (500g),Fresh Dairy,Ballari,Tungabhadra Dairy Logistics Ballari,548,26,14248,Wholesale,Net Banking
06-07-2024,Nandini Curd (500g),Fresh Dairy,Mysuru,Chamundi Agencies Mysuru,785,26,20410,Hotel / Restaurant,Net Banking
06-07-2024,Nandini Unsalted Butter (500g),Ghee & Butter,Kalaburagi,Kalyana Karnataka Foods Kalaburagi,64,280,17920,Wholesale,Cash
06-07-2024,Nandini Milk Peda (250g),Sweets,Mysuru,Chamundi Agencies Mysuru,113,140,15820,Retail,UPI
07-07-2024,Nandini Pure Ghee (500ml),Ghee & Butter,Mysuru,Chamundi Agencies Mysuru,155,315,48825,Retail,Distributor Credit
07-07-2024,Nandini Gulab Jamun (1kg),Sweets,Mysuru,Chamundi Agencies Mysuru,35,260,9100,Supermarket,UPI
07-07-2024,Nandini Kulfi (50ml),Frozen,Bengaluru,Apex Dairy Supplies Bengaluru,369,25,9225,Wholesale,UPI
07-07-2024,Nandini Mysore Pak (250g),Sweets,Hubballi,Kittur Distributors Hubballi,122,160,19520,Wholesale,Net Banking
07-07-2024,Nandini Special Milk (1L),Milk,Davanagere,Central Karnataka Traders Davanagere,549,48,26352,Hotel / Restaurant,UPI
07-07-2024,Nandini Mysore Pak (250g),Sweets,Mysuru,Chamundi Agencies Mysuru,183,160,29280,Hotel / Restaurant,UPI
07-07-2024,Nandini Gulab Jamun (1kg),Sweets,Kalaburagi,Kalyana Karnataka Foods Kalaburagi,28,260,7280,Hotel / Restaurant,Credit Card
07-07-2024,Nandini Flavoured Milk Badam (200ml),Beverages,Bengaluru,Apex Dairy Supplies Bengaluru,343,35,12005,Hotel / Restaurant,UPI
07-07-2024,Nandini Set Curd (400g),Fresh Dairy,Belagavi,North Karnataka Milk Center Belagavi,89,40,3560,Supermarket,Cash
07-07-2024,Nandini Salted Butter (500g),Ghee & Butter,Belagavi,North Karnataka Milk Center Belagavi,59,275,16225,Retail,UPI
07-07-2024,Nandini Spiced Buttermilk (200ml),Beverages,Hubballi,Kittur Distributors Hubballi,803,12,9636,Retail,UPI
07-07-2024,Nandini Milk Peda (250g),Sweets,Tumakuru,Siddaganga Milk Express Tumakuru,80,140,11200,Retail,UPI
07-07-2024,Nandini Sweet Lassi (200ml),Beverages,Shivamogga,Malnad Dairy Network Shivamogga,453,20,9060,Retail,Cash
07-07-2024,Nandini Salted Butter (500g),Ghee & Butter,Hubballi,Kittur Distributors Hubballi,93,275,25575,Supermarket,UPI
07-07-2024,Nandini Mysore Pak (250g),Sweets,Bengaluru,Apex Dairy Supplies Bengaluru,155,160,24800,Retail,UPI
08-07-2024,Nandini Unsalted Butter (500g),Ghee & Butter,Bengaluru,Apex Dairy Supplies Bengaluru,69,280,19320,Supermarket,Distributor Credit
08-07-2024,Nandini Flavoured Milk Badam (200ml),Beverages,Bengaluru,Apex Dairy Supplies Bengaluru,174,35,6090,Hotel / Restaurant,Cash
08-07-2024,Nandini Pure Ghee (1L),Ghee & Butter,Davanagere,Central Karnataka Traders Davanagere,43,610,26230,Retail,UPI
08-07-2024,Nandini Toned Milk (1L),Milk,Mysuru,Chamundi Agencies Mysuru,757,42,31794,Retail,UPI
08-07-2024,Nandini Flavoured Milk Badam (200ml),Beverages,Bengaluru,Apex Dairy Supplies Bengaluru,363,35,12705,Retail,Cash
08-07-2024,Nandini Homogenised Cow Milk (1L),Milk,Mangaluru,Coastal Cool Logistics Mangaluru,373,46,17158,Retail,Distributor Credit
08-07-2024,Nandini Mysore Pak (250g),Sweets,Bengaluru,Apex Dairy Supplies Bengaluru,141,160,22560,Retail,UPI
08-07-2024,Nandini Special Milk (1L),Milk,Bengaluru,Apex Dairy Supplies Bengaluru,524,48,25152,Wholesale,Credit Card
08-07-2024,Nandini Spiced Buttermilk (200ml),Beverages,Hubballi,Kittur Distributors Hubballi,660,12,7920,Retail,Cash
08-07-2024,Nandini Mysore Pak (250g),Sweets,Kalaburagi,Kalyana Karnataka Foods Kalaburagi,70,160,11200,Supermarket,Net Banking
08-07-2024,Nandini Spiced Buttermilk (200ml),Beverages,Bengaluru,Apex Dairy Supplies Bengaluru,877,12,10524,Wholesale,UPI
08-07-2024,Nandini Salted Butter (500g),Ghee & Butter,Belagavi,North Karnataka Milk Center Belagavi,86,275,23650,Supermarket,UPI
08-07-2024,Nandini Spiced Buttermilk (200ml),Beverages,Belagavi,North Karnataka Milk Center Belagavi,315,12,3780,Retail,UPI
08-07-2024,Nandini Unsalted Butter (500g),Ghee & Butter,Mysuru,Chamundi Agencies Mysuru,52,280,14560,Retail,Cash
08-07-2024,Nandini Gulab Jamun (1kg),Sweets,Ballari,Tungabhadra Dairy Logistics Ballari,15,260,3900,Retail,Credit Card
08-07-2024,Nandini Kulfi (50ml),Frozen,Bengaluru,Apex Dairy Supplies Bengaluru,613,25,15325,Wholesale,
09-07-2024,Nandini Gulab Jamun (1kg),Sweets,Kalaburagi,Kalyana Karnataka Foods Kalaburagi,22,260,5720,Supermarket,Net Banking
09-07-2024,Nandini Pure Ghee (500ml),Ghee & Butter,Bengaluru,Apex Dairy Supplies Bengaluru,95,315,29925,Supermarket,Net Banking
09-07-2024,Nandini Set Curd (400g),Fresh Dairy,Belagavi,North Karnataka Milk Center Belagavi,87,40,3480,Supermarket,Cash
09-07-2024,Nandini Salted Butter (500g),Ghee & Butter,Kalaburagi,Kalyana Karnataka Foods Kalaburagi,36,275,9900,Supermarket,Credit Card
09-07-2024,Nandini Shubham Milk (1L),Milk,Belagavi,North Karnataka Milk Center Belagavi,364,50,18200,Retail,Distributor Credit
09-07-2024,Nandini Kulfi (50ml),Frozen,Hubballi,Kittur Distributors Hubballi,78,25,1950,Retail,UPI
09-07-2024,Nandini Salted Butter (500g),Ghee & Butter,Bengaluru,Apex Dairy Supplies Bengaluru,134,275,36850,Retail,Cash
09-07-2024,Nandini Unsalted Butter (500g),Ghee & Butter,Davanagere,Central Karnataka Traders Davanagere,32,280,8960,Retail,UPI
09-07-2024,Nandini Pure Ghee (500ml),Ghee & Butter,Bengaluru,Apex Dairy Supplies Bengaluru,194,315,61110,Wholesale,UPI
09-07-2024,Nandini Spiced Buttermilk (200ml),Beverages,Davanagere,Central Karnataka Traders Davanagere,940,12,11280,Supermarket,Credit Card
09-07-2024,Nandini Pure Ghee (500ml),Ghee & Butter,Hubballi,Kittur Distributors Hubballi,92,315,28980,Hotel / Restaurant,UPI
09-07-2024,Nandini Shubham Milk (1L),Milk,Davanagere,Central Karnataka Traders Davanagere,156,50,7800,Retail,Credit Card
09-07-2024,Nandini Toned Milk (1L),Milk,Bengaluru,Apex Dairy Supplies Bengaluru,1135,42,47670,Institution,Cash
09-07-2024,Nandini Flavoured Milk Badam (200ml),Beverages,Bengaluru,Apex Dairy Supplies Bengaluru,365,35,12775,Retail,UPI
10-07-2024,Nandini Special Milk (1L),Milk,Bengaluru,Apex Dairy Supplies Bengaluru,493,48,23664,Retail,UPI
10-07-2024,Nandini Cassata Ice Cream (150ml),Frozen,Hubballi,Kittur Distributors Hubballi,122,55,6710,Retail,Cash
10-07-2024,Nandini Milk Peda (250g),Sweets,Mysuru,Chamundi Agencies Mysuru,105,140,14700,Supermarket,UPI
10-07-2024,Nandini Fresh Paneer (200g),Fresh Dairy,Belagavi,North Karnataka Milk Center Belagavi,79,95,7505,Retail,UPI
10-07-2024,Nandini Salted Butter (500g),Ghee & Butter,Bengaluru,Apex Dairy Supplies Bengaluru,145,275,39875,Retail,UPI
10-07-2024,Nandini Fresh Paneer (200g),Fresh Dairy,Mysuru,Chamundi Agencies Mysuru,119,95,11305,Retail,Net Banking
10-07-2024,Nandini Cassata Ice Cream (150ml),Frozen,Bengaluru,Apex Dairy Supplies Bengaluru,80,55,4400,Supermarket,UPI
10-07-2024,Nandini Special Milk (1L),Milk,Davanagere,Central Karnataka Traders Davanagere,412,48,19776,Retail,UPI
10-07-2024,Nandini Fresh Paneer (200g),Fresh Dairy,Bengaluru,Apex Dairy Supplies Bengaluru,464,95,44080,Wholesale,Distributor Credit
10-07-2024,Nandini Pure Ghee (500ml),Ghee & Butter,Hubballi,Kittur Distributors Hubballi,101,315,31815,Supermarket,UPI
10-07-2024,Nandini Homogenised Cow Milk (1L),Milk,Bengaluru,Apex Dairy Supplies Bengaluru,578,46,26588,Retail,Cash
10-07-2024,Nandini Homogenised Cow Milk (1L),Milk,Ballari,Tungabhadra Dairy Logistics Ballari,346,46,15916,Supermarket,Net Banking
10-07-2024,Nandini Toned Milk (1L),Milk,Ballari,Tungabhadra Dairy Logistics Ballari,445,42,18690,Retail,Net Banking
10-07-2024,Nandini Homogenised Cow Milk (1L),Milk,Mangaluru,Coastal Cool Logistics Mangaluru,633,46,29118,Retail,UPI
10-07-2024,Nandini Shubham Milk (1L),Milk,Hubballi,Kittur Distributors Hubballi,220,50,11000,Retail,Net Banking
11-07-2024,Nandini Flavoured Milk Badam (200ml),Beverages,Mangaluru,Coastal Cool Logistics Mangaluru,204,35,7140,Retail,UPI
11-07-2024,Nandini Kulfi (50ml),Frozen,Mangaluru,Coastal Cool Logistics Mangaluru,180,25,4500,Hotel / Restaurant,Cash
11-07-2024,Nandini Set Curd (400g),Fresh Dairy,Kalaburagi,Kalyana Karnataka Foods Kalaburagi,78,40,3120,Retail,UPI
11-07-2024,Nandini Salted Butter (500g),Ghee & Butter,Hubballi,Kittur Distributors Hubballi,107,275,29425,Retail,UPI
11-07-2024,Nandini Spiced Buttermilk (200ml),Beverages,Mangaluru,Coastal Cool Logistics Mangaluru,1026,12,12312,Hotel / Restaurant,UPI
11-07-2024,Nandini Sweet Lassi (200ml),Beverages,Bengaluru,Apex Dairy Supplies Bengaluru,517,20,10340,Supermarket,Net Banking
11-07-2024,Nandini Mysore Pak (250g),Sweets,Bengaluru,Apex Dairy Supplies Bengaluru,97,160,15520,Supermarket,UPI
11-07-2024,Nandini Milk Peda (250g),Sweets,Bengaluru,Apex Dairy Supplies Bengaluru,69,140,9660,Retail,UPI
12-07-2024,Nandini Sweet Lassi (200ml),Beverages,Bengaluru,Apex Dairy Supplies Bengaluru,665,20,13300,Supermarket,Credit Card
12-07-2024,Nandini Gulab Jamun (1kg),Sweets,Bengaluru,Apex Dairy Supplies Bengaluru,35,260,9100,Supermarket,UPI
12-07-2024,Nandini Kulfi (50ml),Frozen,Ballari,Tungabhadra Dairy Logistics Ballari,139,25,3475,Retail,UPI
12-07-2024,Nandini Pure Ghee (1L),Ghee & Butter,Hubballi,Kittur Distributors Hubballi,103,610,62830,Wholesale,UPI
12-07-2024,Nandini Homogenised Cow Milk (1L),Milk,Belagavi,North Karnataka Milk Center Belagavi,359,46,16514,Retail,UPI
12-07-2024,Nandini Spiced Buttermilk (200ml),Beverages,Mangaluru,Coastal Cool Logistics Mangaluru,1290,12,15480,Hotel / Restaurant,UPI
12-07-2024,Nandini Homogenised Cow Milk (1L),Milk,Kalaburagi,Kalyana Karnataka Foods Kalaburagi,1013,46,46598,Wholesale,UPI
12-07-2024,Nandini Mysore Pak (250g),Sweets,Bengaluru,Apex Dairy Supplies Bengaluru,163,160,26080,Hotel / Restaurant,UPI
12-07-2024,Nandini Sweet Lassi (200ml),Beverages,Bengaluru,Apex Dairy Supplies Bengaluru,513,20,10260,Supermarket,Net Banking
12-07-2024,Nandini Special Milk (1L),Milk,Bengaluru,Apex Dairy Supplies Bengaluru,371,48,17808,Retail,Net Banking
12-07-2024,Nandini Sweet Lassi (200ml),Beverages,Bengaluru,Apex Dairy Supplies Bengaluru,621,20,12420,Supermarket,Cash
12-07-2024,Nandini Pure Ghee (1L),Ghee & Butter,Mysuru,Chamundi Agencies Mysuru,185,610,112850,Institution,Cash
12-07-2024,Nandini Mysore Pak (250g),Sweets,Belagavi,North Karnataka Milk Center Belagavi,118,160,18880,Institution,Distributor Credit
12-07-2024,Nandini Shubham Milk (1L),Milk,Mysuru,Chamundi Agencies Mysuru,693,50,34650,Institution,UPI
12-07-2024,Nandini Spiced Buttermilk (200ml),Beverages,Bengaluru,Apex Dairy Supplies Bengaluru,637,12,7644,Retail,UPI
12-07-2024,Nandini Milk Peda (250g),Sweets,Belagavi,North Karnataka Milk Center Belagavi,64,140,8960,Supermarket,Net Banking
13-07-2024,Nandini Curd (500g),Fresh Dairy,Mangaluru,Coastal Cool Logistics Mangaluru,434,26,11284,Supermarket,UPI
13-07-2024,Nandini Set Curd (400g),Fresh Dairy,Hubballi,Kittur Distributors Hubballi,190,40,7600,Supermarket,Distributor Credit
13-07-2024,Nandini Fresh Paneer (200g),Fresh Dairy,Tumakuru,Siddaganga Milk Express Tumakuru,375,95,35625,Hotel / Restaurant,UPI
13-07-2024,Nandini Toned Milk (1L),Milk,Hubballi,Kittur Distributors Hubballi,704,42,29568,Retail,Net Banking
13-07-2024,Nandini Cassata Ice Cream (150ml),Frozen,Bengaluru,Apex Dairy Supplies Bengaluru,139,55,7645,Retail,UPI
13-07-2024,Nandini Salted Butter (500g),Ghee & Butter,Bengaluru,Apex Dairy Supplies Bengaluru,116,275,31900,Retail,UPI
13-07-2024,Nandini Toned Milk (1L),Milk,Mysuru,Chamundi Agencies Mysuru,1901,42,79842,Wholesale,Cash
13-07-2024,Nandini Mysore Pak (250g),Sweets,Hubballi,Kittur Distributors Hubballi,81,160,12960,Wholesale,Net Banking
13-07-2024,Nandini Milk Peda (250g),Sweets,Mysuru,Chamundi Agencies Mysuru,130,140,18200,Supermarket,UPI
13-07-2024,Nandini Cassata Ice Cream (150ml),Frozen,Belagavi,North Karnataka Milk Center Belagavi,112,55,6160,Wholesale,Net Banking
13-07-2024,Nandini Gulab Jamun (1kg),Sweets,Bengaluru,Apex Dairy Supplies Bengaluru,25,260,6500,Supermarket,UPI
13-07-2024,Nandini Homogenised Cow Milk (1L),Milk,Mysuru,Chamundi Agencies Mysuru,280,46,12880,Supermarket,Net Banking
13-07-2024,Nandini Fresh Paneer (200g),Fresh Dairy,Bengaluru,Apex Dairy Supplies Bengaluru,247,95,23465,Wholesale,Net Banking
13-07-2024,Nandini Salted Butter (500g),Ghee & Butter,Bengaluru,Apex Dairy Supplies Bengaluru,61,275,16775,Supermarket,UPI
13-07-2024,Nandini Kulfi (50ml),Frozen,Bengaluru,Apex Dairy Supplies Bengaluru,205,25,5125,Retail,Net Banking
14-07-2024,Nandini Unsalted Butter (500g),Ghee & Butter,Hubballi,Kittur Distributors Hubballi,77,280,21560,Institution,Credit Card
14-07-2024,Nandini Salted Butter (500g),Ghee & Butter,Mysuru,Chamundi Agencies Mysuru,97,275,26675,Wholesale,Cash
14-07-2024,Nandini Samrudhi Milk (1L),Milk,Bengaluru,Apex Dairy Supplies Bengaluru,551,54,29754,Wholesale,UPI
14-07-2024,Nandini Homogenised Cow Milk (1L),Milk,Bengaluru,Apex Dairy Supplies Bengaluru,904,46,41584,Retail,Credit Card
14-07-2024,Nandini Salted Butter (500g),Ghee & Butter,Hubballi,Kittur Distributors Hubballi,38,275,10450,Retail,Net Banking
14-07-2024,Nandini Gulab Jamun (1kg),Sweets,Mangaluru,Coastal Cool Logistics Mangaluru,85,260,22100,Retail,UPI
14-07-2024,Nandini Toned Milk (1L),Milk,Bengaluru,Apex Dairy Supplies Bengaluru,728,42,30576,Retail,Net Banking
14-07-2024,Nandini Salted Butter (500g),Ghee & Butter,Bengaluru,Apex Dairy Supplies Bengaluru,149,275,40975,Hotel / Restaurant,UPI
14-07-2024,Nandini Curd (500g),Fresh Dairy,Belagavi,North Karnataka Milk Center Belagavi,631,26,16406,Retail,Cash
14-07-2024,Nandini Fresh Paneer (200g),Fresh Dairy,Bengaluru,Apex Dairy Supplies Bengaluru,204,95,19380,Institution,Net Banking
14-07-2024,Nandini Samrudhi Milk (1L),Milk,Shivamogga,Malnad Dairy Network Shivamogga,243,54,13122,Retail,UPI
14-07-2024,Nandini Shubham Milk (1L),Milk,Bengaluru,Apex Dairy Supplies Bengaluru,246,50,12300,Supermarket,UPI
14-07-2024,Nandini Salted Butter (500g),Ghee & Butter,Bengaluru,Apex Dairy Supplies Bengaluru,143,275,39325,Retail,UPI
14-07-2024,Nandini Flavoured Milk Badam (200ml),Beverages,Kalaburagi,Kalyana Karnataka Foods Kalaburagi,220,35,7700,Retail,Net Banking
14-07-2024,Nandini Milk Peda (250g),Sweets,Bengaluru,Apex Dairy Supplies Bengaluru,121,140,16940,Hotel / Restaurant,Cash
14-07-2024,Nandini Fresh Paneer (200g),Fresh Dairy,Hubballi,Kittur Distributors Hubballi,76,95,7220,Retail,UPI
14-07-2024,Nandini Unsalted Butter (500g),Ghee & Butter,Shivamogga,Malnad Dairy Network Shivamogga,49,280,13720,Hotel / Restaurant,UPI
15-07-2024,Nandini Shubham Milk (1L),Milk,Davanagere,Central Karnataka Traders Davanagere,229,50,11450,Retail,UPI
15-07-2024,Nandini Spiced Buttermilk (200ml),Beverages,Bengaluru,Apex Dairy Supplies Bengaluru,817,12,9804,Retail,Cash
15-07-2024,Nandini Salted Butter (500g),Ghee & Butter,Bengaluru,Apex Dairy Supplies Bengaluru,156,275,42900,Wholesale,UPI
15-07-2024,Nandini Unsalted Butter (500g),Ghee & Butter,Bengaluru,Apex Dairy Supplies Bengaluru,50,280,14000,Retail,Cash
15-07-2024,Nandini Sweet Lassi (200ml),Beverages,Mangaluru,Coastal Cool Logistics Mangaluru,472,20,9440,Hotel / Restaurant,Net Banking
15-07-2024,Nandini Salted Butter (500g),Ghee & Butter,Belagavi,North Karnataka Milk Center Belagavi,32,275,8800,Retail,UPI
15-07-2024,Nandini Pure Ghee (500ml),Ghee & Butter,Mysuru,Chamundi Agencies Mysuru,107,315,33705,Retail,UPI
15-07-2024,Nandini Salted Butter (500g),Ghee & Butter,Mangaluru,Coastal Cool Logistics Mangaluru,44,275,12100,Retail,UPI
15-07-2024,Nandini Toned Milk (1L),Milk,Mangaluru,Coastal Cool Logistics Mangaluru,786,42,33012,Supermarket,Net Banking
15-07-2024,Nandini Pure Ghee (500ml),Ghee & Butter,Davanagere,Central Karnataka Traders Davanagere,36,315,11340,Supermarket,UPI
15-07-2024,Nandini Pure Ghee (500ml),Ghee & Butter,Hubballi,Kittur Distributors Hubballi,109,315,34335,Retail,UPI
15-07-2024,Nandini Special Milk (1L),Milk,Mysuru,Chamundi Agencies Mysuru,1014,48,48672,Institution,Net Banking
15-07-2024,Nandini Samrudhi Milk (1L),Milk,Bengaluru,Apex Dairy Supplies Bengaluru,272,54,14688,Hotel / Restaurant,UPI
15-07-2024,Nandini Curd (500g),Fresh Dairy,Mangaluru,Coastal Cool Logistics Mangaluru,258,26,6708,Supermarket,UPI
15-07-2024,Nandini Kulfi (50ml),Frozen,Mangaluru,Coastal Cool Logistics Mangaluru,178,25,4450,Retail,UPI
15-07-2024,Nandini Spiced Buttermilk (200ml),Beverages,Bengaluru,Apex Dairy Supplies Bengaluru,773,12,9276,Hotel / Restaurant,Net Banking
15-07-2024,Nandini Samrudhi Milk (1L),Milk,Ballari,Tungabhadra Dairy Logistics Ballari,232,54,12528,Retail,UPI
15-07-2024,Nandini Spiced Buttermilk (200ml),Beverages,Mysuru,Chamundi Agencies Mysuru,1103,12,13236,Retail,Net Banking
16-07-2024,Nandini Gulab Jamun (1kg),Sweets,Bengaluru,Apex Dairy Supplies Bengaluru,176,260,45760,Institution,UPI
16-07-2024,Nandini Unsalted Butter (500g),Ghee & Butter,Belagavi,North Karnataka Milk Center Belagavi,83,280,23240,Wholesale,UPI
16-07-2024,Nandini Pure Ghee (500ml),Ghee & Butter,Bengaluru,Apex Dairy Supplies Bengaluru,243,315,76545,Institution,UPI
16-07-2024,Nandini Set Curd (400g),Fresh Dairy,Bengaluru,Apex Dairy Supplies Bengaluru,166,40,6640,Supermarket,UPI
16-07-2024,Nandini Fresh Paneer (200g),Fresh Dairy,Bengaluru,Apex Dairy Supplies Bengaluru,186,95,17670,Hotel / Restaurant,Credit Card
16-07-2024,Nandini Toned Milk (1L),Milk,Mysuru,Chamundi Agencies Mysuru,991,42,41622,Wholesale,UPI
16-07-2024,Nandini Salted Butter (500g),Ghee & Butter,Davanagere,Central Karnataka Traders Davanagere,36,275,9900,Supermarket,UPI
16-07-2024,Nandini Curd (500g),Fresh Dairy,Davanagere,Central Karnataka Traders Davanagere,491,26,12766,Retail,UPI
16-07-2024,Nandini Unsalted Butter (500g),Ghee & Butter,Mangaluru,Coastal Cool Logistics Mangaluru,109,280,30520,Hotel / Restaurant,Net Banking
16-07-2024,Nandini Samrudhi Milk (1L),Milk,Bengaluru,Apex Dairy Supplies Bengaluru,570,54,30780,Institution,UPI
16-07-2024,Nandini Spiced Buttermilk (200ml),Beverages,Bengaluru,Apex Dairy Supplies Bengaluru,1232,12,14784,Institution,UPI
16-07-2024,Nandini Shubham Milk (1L),Milk,Hubballi,Kittur Distributors Hubballi,667,50,33350,Wholesale,UPI
17-07-2024,Nandini Flavoured Milk Badam (200ml),Beverages,Mysuru,Chamundi Agencies Mysuru,285,35,9975,Supermarket,Cash
17-07-2024,Nandini Kulfi (50ml),Frozen,Hubballi,Kittur Distributors Hubballi,91,25,2275,Retail,Credit Card
17-07-2024,Nandini Curd (500g),Fresh Dairy,Bengaluru,Apex Dairy Supplies Bengaluru,399,26,10374,Retail,UPI
17-07-2024,Nandini Toned Milk (1L),Milk,Davanagere,Central Karnataka Traders Davanagere,1621,42,68082,Institution,UPI
17-07-2024,Nandini Samrudhi Milk (1L),Milk,Mysuru,Chamundi Agencies Mysuru,144,54,7776,Retail,UPI
17-07-2024,Nandini Homogenised Cow Milk (1L),Milk,Mysuru,Chamundi Agencies Mysuru,385,46,17710,Retail,UPI
17-07-2024,Nandini Unsalted Butter (500g),Ghee & Butter,Bengaluru,Apex Dairy Supplies Bengaluru,54,280,15120,Supermarket,Distributor Credit
17-07-2024,Nandini Sweet Lassi (200ml),Beverages,Belagavi,North Karnataka Milk Center Belagavi,223,20,4460,Retail,Net Banking
17-07-2024,Nandini Flavoured Milk Badam (200ml),Beverages,Tumakuru,Siddaganga Milk Express Tumakuru,263,35,9205,Retail,Net Banking
17-07-2024,Nandini Cassata Ice Cream (150ml),Frozen,Bengaluru,Apex Dairy Supplies Bengaluru,163,55,8965,Retail,UPI
17-07-2024,Nandini Pure Ghee (1L),Ghee & Butter,Belagavi,North Karnataka Milk Center Belagavi,58,610,35380,Retail,UPI
17-07-2024,Nandini Pure Ghee (500ml),Ghee & Butter,Kalaburagi,Kalyana Karnataka Foods Kalaburagi,121,315,38115,Supermarket,Credit Card
17-07-2024,Nandini Flavoured Milk Badam (200ml),Beverages,Mysuru,Chamundi Agencies Mysuru,187,35,6545,Supermarket,UPI
17-07-2024,Nandini Fresh Paneer (200g),Fresh Dairy,Bengaluru,Apex Dairy Supplies Bengaluru,324,95,30780,Retail,UPI
17-07-2024,Nandini Unsalted Butter (500g),Ghee & Butter,Mangaluru,Coastal Cool Logistics Mangaluru,57,280,15960,Supermarket,UPI
17-07-2024,Nandini Sweet Lassi (200ml),Beverages,Bengaluru,Apex Dairy Supplies Bengaluru,488,20,9760,Supermarket,Credit Card
17-07-2024,Nandini Toned Milk (1L),Milk,Tumakuru,Siddaganga Milk Express Tumakuru,938,42,39396,Retail,UPI
17-07-2024,Nandini Homogenised Cow Milk (1L),Milk,Ballari,Tungabhadra Dairy Logistics Ballari,366,46,16836,Retail,Net Banking
17-07-2024,Nandini Set Curd (400g),Fresh Dairy,Belagavi,North Karnataka Milk Center Belagavi,118,40,4720,Supermarket,UPI
17-07-2024,Nandini Homogenised Cow Milk (1L),Milk,Bengaluru,Apex Dairy Supplies Bengaluru,483,46,22218,Hotel / Restaurant,Cash
17-07-2024,Nandini Fresh Paneer (200g),Fresh Dairy,Mysuru,Chamundi Agencies Mysuru,239,95,22705,Retail,UPI
17-07-2024,Nandini Gulab Jamun (1kg),Sweets,Davanagere,Central Karnataka Traders Davanagere,26,260,6760,Retail,UPI
17-07-2024,Nandini Gulab Jamun (1kg),Sweets,Bengaluru,Apex Dairy Supplies Bengaluru,73,260,18980,Retail,UPI
17-07-2024,Nandini Gulab Jamun (1kg),Sweets,Bengaluru,Apex Dairy Supplies Bengaluru,62,260,16120,Retail,Net Banking
17-07-2024,Nandini Pure Ghee (500ml),Ghee & Butter,Bengaluru,Apex Dairy Supplies Bengaluru,132,315,41580,Supermarket,Cash
18-07-2024,Nandini Gulab Jamun (1kg),Sweets,Mangaluru,Coastal Cool Logistics Mangaluru,38,260,9880,Retail,Cash
18-07-2024,Nandini Fresh Paneer (200g),Fresh Dairy,Bengaluru,Apex Dairy Supplies Bengaluru,150,95,14250,Retail,Cash
18-07-2024,Nandini Sweet Lassi (200ml),Beverages,Bengaluru,Apex Dairy Supplies Bengaluru,322,20,6440,Hotel / Restaurant,UPI
18-07-2024,Nandini Toned Milk (1L),Milk,Ballari,Tungabhadra Dairy Logistics Ballari,593,42,24906,Hotel / Restaurant,UPI
18-07-2024,Nandini Unsalted Butter (500g),Ghee & Butter,Hubballi,Kittur Distributors Hubballi,42,280,11760,Retail,Credit Card
18-07-2024,Nandini Shubham Milk (1L),Milk,Mysuru,Chamundi Agencies Mysuru,401,50,20050,Supermarket,Cash
18-07-2024,Nandini Samrudhi Milk (1L),Milk,Belagavi,North Karnataka Milk Center Belagavi,415,54,22410,Institution,UPI
18-07-2024,Nandini Gulab Jamun (1kg),Sweets,Bengaluru,Apex Dairy Supplies Bengaluru,64,260,16640,Supermarket,Credit Card
18-07-2024,Nandini Flavoured Milk Badam (200ml),Beverages,Hubballi,Kittur Distributors Hubballi,127,35,4445,Supermarket,UPI
18-07-2024,Nandini Special Milk (1L),Milk,Bengaluru,Apex Dairy Supplies Bengaluru,356,48,17088,Retail,Distributor Credit
18-07-2024,Nandini Special Milk (1L),Milk,Mysuru,Chamundi Agencies Mysuru,234,48,11232,Retail,Net Banking
18-07-2024,Nandini Curd (500g),Fresh Dairy,Bengaluru,Apex Dairy Supplies Bengaluru,339,26,8814,Supermarket,UPI
18-07-2024,Nandini Mysore Pak (250g),Sweets,Bengaluru,Apex Dairy Supplies Bengaluru,78,160,12480,Retail,Net Banking
18-07-2024,Nandini Unsalted Butter (500g),Ghee & Butter,Hubballi,Kittur Distributors Hubballi,17,280,4760,Retail,Credit Card
18-07-2024,Nandini Cassata Ice Cream (150ml),Frozen,Belagavi,North Karnataka Milk Center Belagavi,119,55,6545,Retail,UPI
18-07-2024,Nandini Pure Ghee (1L),Ghee & Butter,Bengaluru,Apex Dairy Supplies Bengaluru,110,610,67100,Retail,Credit Card
18-07-2024,Nandini Unsalted Butter (500g),Ghee & Butter,Bengaluru,Apex Dairy Supplies Bengaluru,53,280,14840,Retail,Cash
19-07-2024,Nandini Special Milk (1L),Milk,Bengaluru,Apex Dairy Supplies Bengaluru,467,48,22416,Supermarket,Net Banking
19-07-2024,NANDINI HOMOGENISED COW MILK (1L),Milk,Bengaluru,Apex Dairy Supplies Bengaluru,1298,46,59708,Hotel / Restaurant,Distributor Credit
19-07-2024,Nandini Gulab Jamun (1kg),Sweets,Kalaburagi,Kalyana Karnataka Foods Kalaburagi,54,260,14040,Institution,UPI
19-07-2024,Nandini Shubham Milk (1L),Milk,Bengaluru,Apex Dairy Supplies Bengaluru,247,50,12350,Supermarket,UPI
19-07-2024,Nandini Toned Milk (1L),Milk,Bengaluru,Apex Dairy Supplies Bengaluru,885,42,37170,Retail,UPI
19-07-2024,Nandini Pure Ghee (500ml),Ghee & Butter,Bengaluru,Apex Dairy Supplies Bengaluru,98,315,30870,Wholesale,Net Banking
19-07-2024,Nandini Spiced Buttermilk (200ml),Beverages,Mysuru,Chamundi Agencies Mysuru,994,12,11928,Supermarket,UPI
19-07-2024,Nandini Curd (500g),Fresh Dairy,Bengaluru,Apex Dairy Supplies Bengaluru,770,26,20020,Retail,UPI
19-07-2024,Nandini Mysore Pak (250g),Sweets,Hubballi,Kittur Distributors Hubballi,109,160,17440,Supermarket,UPI
19-07-2024,Nandini Toned Milk (1L),Milk,Bengaluru,Apex Dairy Supplies Bengaluru,800,42,33600,Supermarket,Net Banking
19-07-2024,Nandini Pure Ghee (500ml),Ghee & Butter,Kalaburagi,Kalyana Karnataka Foods Kalaburagi,117,315,36855,Hotel / Restaurant,Cash
19-07-2024,Nandini Milk Peda (250g),Sweets,Bengaluru,Apex Dairy Supplies Bengaluru,226,140,31640,Hotel / Restaurant,UPI
19-07-2024,Nandini Cassata Ice Cream (150ml),Frozen,Bengaluru,Apex Dairy Supplies Bengaluru,182,55,10010,Retail,Distributor Credit
19-07-2024,Nandini Cassata Ice Cream (150ml),Frozen,Bengaluru,Apex Dairy Supplies Bengaluru,181,55,9955,Supermarket,UPI
19-07-2024,Nandini Curd (500g),Fresh Dairy,Davanagere,Central Karnataka Traders Davanagere,490,26,12740,Retail,Cash
20-07-2024,Nandini Toned Milk (1L),Milk,Hubballi,Kittur Distributors Hubballi,396,42,16632,Supermarket,UPI
20-07-2024,Nandini Flavoured Milk Badam (200ml),Beverages,Mangaluru,Coastal Cool Logistics Mangaluru,160,35,5600,Supermarket,UPI
20-07-2024,Nandini Fresh Paneer (200g),Fresh Dairy,Bengaluru,Apex Dairy Supplies Bengaluru,270,95,25650,Retail,UPI
20-07-2024,Nandini Pure Ghee (500ml),Ghee & Butter,Hubballi,Kittur Distributors Hubballi,90,315,28350,Retail,Net Banking
20-07-2024,Nandini Spiced Buttermilk (200ml),Beverages,Shivamogga,Malnad Dairy Network Shivamogga,643,12,7716,Retail,Cash
20-07-2024,Nandini Fresh Paneer (200g),Fresh Dairy,Mangaluru,Coastal Cool Logistics Mangaluru,97,95,9215,Retail,UPI
20-07-2024,Nandini Fresh Paneer (200g),Fresh Dairy,Belagavi,North Karnataka Milk Center Belagavi,182,95,17290,Retail,UPI
20-07-2024,Nandini Fresh Paneer (200g),Fresh Dairy,Bengaluru,Apex Dairy Supplies Bengaluru,355,95,33725,Hotel / Restaurant,UPI
20-07-2024,Nandini Homogenised Cow Milk (1L),Milk,Bengaluru,Apex Dairy Supplies Bengaluru,553,46,25438,Retail,UPI
20-07-2024,Nandini Flavoured Milk Badam (200ml),Beverages,Bengaluru,Apex Dairy Supplies Bengaluru,203,35,7105,Supermarket,UPI
20-07-2024,Nandini Samrudhi Milk (1L),Milk,Mysuru,Chamundi Agencies Mysuru,128,54,6912,Retail,UPI
20-07-2024,Nandini Spiced Buttermilk (200ml),Beverages,Hubballi,Kittur Distributors Hubballi,822,12,9864,Retail,Net Banking
20-07-2024,Nandini Cassata Ice Cream (150ml),Frozen,Bengaluru,Apex Dairy Supplies Bengaluru,135,55,7425,Retail,UPI
20-07-2024,Nandini Homogenised Cow Milk (1L),Milk,Mysuru,Chamundi Agencies Mysuru,477,46,21942,Retail,UPI
20-07-2024,Nandini Flavoured Milk Badam (200ml),Beverages,Davanagere,Central Karnataka Traders Davanagere,113,35,3955,Retail,Credit Card
20-07-2024,Nandini Flavoured Milk Badam (200ml),Beverages,Mysuru,Chamundi Agencies Mysuru,215,35,7525,Supermarket,Credit Card
20-07-2024,Nandini Set Curd (400g),Fresh Dairy,Hubballi,Kittur Distributors Hubballi,89,40,3560,Retail,UPI
20-07-2024,Nandini Salted Butter (500g),Ghee & Butter,Bengaluru,Apex Dairy Supplies Bengaluru,168,275,46200,Hotel / Restaurant,Distributor Credit
21-07-2024,Nandini Unsalted Butter (500g),Ghee & Butter,Davanagere,Central Karnataka Traders Davanagere,31,280,8680,Retail,UPI
21-07-2024,Nandini Gulab Jamun (1kg),Sweets,Bengaluru,Apex Dairy Supplies Bengaluru,36,260,9360,Supermarket,Net Banking
21-07-2024,Nandini Samrudhi Milk (1L),Milk,Kalaburagi,Kalyana Karnataka Foods Kalaburagi,159,54,8586,Retail,Distributor Credit
21-07-2024,Nandini Flavoured Milk Badam (200ml),Beverages,Hubballi,Kittur Distributors Hubballi,165,35,5775,Retail,Distributor Credit
21-07-2024,Nandini Fresh Paneer (200g),Fresh Dairy,Mangaluru,Coastal Cool Logistics Mangaluru,280,95,26600,Supermarket,Cash
21-07-2024,Nandini Kulfi (50ml),Frozen,Davanagere,Central Karnataka Traders Davanagere,197,25,4925,Supermarket,Distributor Credit
21-07-2024,Nandini Pure Ghee (1L),Ghee & Butter,Ballari,Tungabhadra Dairy Logistics Ballari,68,610,41480,Supermarket,Net Banking
21-07-2024,Nandini Flavoured Milk Badam (200ml),Beverages,Mysuru,Chamundi Agencies Mysuru,108,35,3780,Retail,UPI
21-07-2024,Nandini Pure Ghee (1L),Ghee & Butter,Bengaluru,Apex Dairy Supplies Bengaluru,58,610,35380,Supermarket,UPI
21-07-2024,Nandini Gulab Jamun (1kg),Sweets,Mangaluru,Coastal Cool Logistics Mangaluru,79,260,20540,Retail,UPI
21-07-2024,Nandini Pure Ghee (500ml),Ghee & Butter,Hubballi,Kittur Distributors Hubballi,101,315,31815,Supermarket,Net Banking
21-07-2024,Nandini Milk Peda (250g),Sweets,Belagavi,North Karnataka Milk Center Belagavi,125,140,17500,Supermarket,Net Banking
21-07-2024,Nandini Flavoured Milk Badam (200ml),Beverages,Bengaluru,Apex Dairy Supplies Bengaluru,198,35,6930,Retail,Cash
21-07-2024,Nandini Cassata Ice Cream (150ml),Frozen,Bengaluru,Apex Dairy Supplies Bengaluru,214,55,11770,Retail,UPI
21-07-2024,Nandini Spiced Buttermilk (200ml),Beverages,Mangaluru,Coastal Cool Logistics Mangaluru,410,12,4920,Supermarket,UPI
21-07-2024,Nandini Unsalted Butter (500g),Ghee & Butter,Mysuru,Chamundi Agencies Mysuru,18,280,5040,Retail,UPI
22-07-2024,Nandini Sweet Lassi (200ml),Beverages,Shivamogga,Malnad Dairy Network Shivamogga,234,20,4680,Supermarket,Net Banking
22-07-2024,Nandini Spiced Buttermilk (200ml),Beverages,Mysuru,Chamundi Agencies Mysuru,513,12,6156,Supermarket,UPI
22-07-2024,Nandini Toned Milk (1L),Milk,Bengaluru,Apex Dairy Supplies Bengaluru,1036,42,43512,Hotel / Restaurant,Cash
22-07-2024,Nandini Samrudhi Milk (1L),Milk,Ballari,Tungabhadra Dairy Logistics Ballari,142,54,7668,Retail,Cash
22-07-2024,Nandini Pure Ghee (500ml),Ghee & Butter,Mangaluru,Coastal Cool Logistics Mangaluru,113,315,35595,Retail,Net Banking
22-07-2024,Nandini Gulab Jamun (1kg),Sweets,Mysuru,Chamundi Agencies Mysuru,79,260,20540,Supermarket,UPI
22-07-2024,Nandini Fresh Paneer (200g),Fresh Dairy,Belagavi,North Karnataka Milk Center Belagavi,151,95,14345,Retail,UPI
22-07-2024,Nandini Milk Peda (250g),Sweets,Mysuru,Chamundi Agencies Mysuru,90,140,12600,Retail,UPI
22-07-2024,Nandini Unsalted Butter (500g),Ghee & Butter,Belagavi,North Karnataka Milk Center Belagavi,57,280,15960,Supermarket,UPI
22-07-2024,Nandini Homogenised Cow Milk (1L),Milk,Kalaburagi,Kalyana Karnataka Foods Kalaburagi,419,46,19274,Retail,Credit Card
22-07-2024,Nandini Special Milk (1L),Milk,Hubballi,Kittur Distributors Hubballi,274,48,13152,Retail,Cash
22-07-2024,Nandini Pure Ghee (500ml),Ghee & Butter,Bengaluru,Apex Dairy Supplies Bengaluru,101,315,31815,Hotel / Restaurant,Cash
22-07-2024,Nandini Kulfi (50ml),Frozen,Bengaluru,Apex Dairy Supplies Bengaluru,267,25,6675,Wholesale,UPI
22-07-2024,Nandini Toned Milk (1L),Milk,Mangaluru,Coastal Cool Logistics Mangaluru,1301,42,54642,Wholesale,Cash
22-07-2024,Nandini Kulfi (50ml),Frozen,Belagavi,North Karnataka Milk Center Belagavi,259,25,6475,Wholesale,UPI
22-07-2024,Nandini Flavoured Milk Badam (200ml),Beverages,Hubballi,Kittur Distributors Hubballi,219,35,7665,Retail,UPI
23-07-2024,Nandini Toned Milk (1L),Milk,Bengaluru,Apex Dairy Supplies Bengaluru,1139,42,47838,Wholesale,UPI
23-07-2024,Nandini Shubham Milk (1L),Milk,Bengaluru,Apex Dairy Supplies Bengaluru,871,50,43550,Institution,Cash
23-07-2024,Nandini Set Curd (400g),Fresh Dairy,Mysuru,Chamundi Agencies Mysuru,228,40,9120,Wholesale,Net Banking
23-07-2024,Nandini Sweet Lassi (200ml),Beverages,Shivamogga,Malnad Dairy Network Shivamogga,289,20,5780,Retail,UPI
23-07-2024,Nandini Set Curd (400g),Fresh Dairy,Hubballi,Kittur Distributors Hubballi,193,40,7720,Hotel / Restaurant,UPI
23-07-2024,Nandini Salted Butter (500g),Ghee & Butter,Mangaluru,Coastal Cool Logistics Mangaluru,44,275,12100,Retail,UPI
23-07-2024,Nandini Shubham Milk (1L),Milk,Belagavi,North Karnataka Milk Center Belagavi,556,50,27800,Wholesale,UPI
23-07-2024,Nandini Curd (500g),Fresh Dairy,Hubballi,Kittur Distributors Hubballi,739,26,19214,Hotel / Restaurant,Net Banking
23-07-2024,Nandini Shubham Milk (1L),Milk,Bengaluru,Apex Dairy Supplies Bengaluru,483,50,24150,Wholesale,Credit Card
23-07-2024,Nandini Flavoured Milk Badam (200ml),Beverages,Bengaluru,Apex Dairy Supplies Bengaluru,358,35,12530,Retail,UPI
23-07-2024,Nandini Unsalted Butter (500g),Ghee & Butter,Hubballi,Kittur Distributors Hubballi,80,280,22400,Supermarket,UPI
23-07-2024,Nandini Pure Ghee (1L),Ghee & Butter,Bengaluru,Apex Dairy Supplies Bengaluru,119,610,72590,Retail,Distributor Credit
23-07-2024,Nandini Unsalted Butter (500g),Ghee & Butter,Bengaluru,Apex Dairy Supplies Bengaluru,82,280,22960,Retail,UPI
23-07-2024,Nandini Curd (500g),Fresh Dairy,Hubballi,Kittur Distributors Hubballi,531,26,13806,Supermarket,UPI
23-07-2024,Nandini Gulab Jamun (1kg),Sweets,Bengaluru,Apex Dairy Supplies Bengaluru,41,260,10660,Supermarket,UPI
23-07-2024,Nandini Mysore Pak (250g),Sweets,Tumakuru,Siddaganga Milk Express Tumakuru,56,160,8960,Hotel / Restaurant,UPI
24-07-2024,Nandini Gulab Jamun (1kg),Sweets,Kalaburagi,Kalyana Karnataka Foods Kalaburagi,15,260,3900,Supermarket,UPI
24-07-2024,Nandini Shubham Milk (1L),Milk,Mysuru,Chamundi Agencies Mysuru,793,50,39650,Wholesale,UPI
24-07-2024,Nandini Toned Milk (1L),Milk,Mangaluru,Coastal Cool Logistics Mangaluru,804,42,33768,Retail,UPI
24-07-2024,Nandini Set Curd (400g),Fresh Dairy,Mangaluru,Coastal Cool Logistics Mangaluru,123,40,4920,Retail,Credit Card
24-07-2024,Nandini Milk Peda (250g),Sweets,Bengaluru,Apex Dairy Supplies Bengaluru,169,140,23660,Hotel / Restaurant,UPI
24-07-2024,Nandini Kulfi (50ml),Frozen,Bengaluru,Apex Dairy Supplies Bengaluru,327,25,8175,Retail,UPI
24-07-2024,Nandini Set Curd (400g),Fresh Dairy,Mysuru,Chamundi Agencies Mysuru,137,40,5480,Supermarket,UPI
24-07-2024,Nandini Unsalted Butter (500g),Ghee & Butter,Bengaluru,Apex Dairy Supplies Bengaluru,129,280,36120,Hotel / Restaurant,Credit Card
24-07-2024,Nandini Mysore Pak (250g),Sweets,Bengaluru,Apex Dairy Supplies Bengaluru,122,160,19520,Retail,UPI
24-07-2024,Nandini Pure Ghee (1L),Ghee & Butter,Bengaluru,Apex Dairy Supplies Bengaluru,109,610,66490,Retail,UPI
24-07-2024,Nandini Unsalted Butter (500g),Ghee & Butter,Kalaburagi,Kalyana Karnataka Foods Kalaburagi,28,280,7840,Retail,Distributor Credit
24-07-2024,Nandini Salted Butter (500g),Ghee & Butter,Bengaluru,Apex Dairy Supplies Bengaluru,120,275,33000,Retail,Net Banking
25-07-2024,Nandini Spiced Buttermilk (200ml),Beverages,Hubballi,Kittur Distributors Hubballi,502,12,6024,Retail,UPI
25-07-2024,Nandini Kulfi (50ml),Frozen,Ballari,Tungabhadra Dairy Logistics Ballari,245,25,6125,Retail,Net Banking
25-07-2024,Nandini Gulab Jamun (1kg),Sweets,Shivamogga,Malnad Dairy Network Shivamogga,46,260,11960,Supermarket,UPI
25-07-2024,Nandini Unsalted Butter (500g),Ghee & Butter,Mysuru,Chamundi Agencies Mysuru,82,280,22960,Hotel / Restaurant,UPI
25-07-2024,Nandini Salted Butter (500g),Ghee & Butter,Bengaluru,Apex Dairy Supplies Bengaluru,96,275,26400,Supermarket,UPI
25-07-2024,Nandini Spiced Buttermilk (200ml),Beverages,Hubballi,Kittur Distributors Hubballi,631,12,7572,Retail,UPI
25-07-2024,Nandini Unsalted Butter (500g),Ghee & Butter,Mysuru,Chamundi Agencies Mysuru,86,280,24080,Retail,Cash
25-07-2024,Nandini Set Curd (400g),Fresh Dairy,Ballari,Tungabhadra Dairy Logistics Ballari,112,40,4480,Retail,Net Banking
25-07-2024,Nandini Shubham Milk (1L),Milk,Mysuru,Chamundi Agencies Mysuru,506,50,25300,Institution,Net Banking
25-07-2024,Nandini Flavoured Milk Badam (200ml),Beverages,Mysuru,Chamundi Agencies Mysuru,410,35,14350,Wholesale,UPI
25-07-2024,Nandini Unsalted Butter (500g),Ghee & Butter,Bengaluru,Apex Dairy Supplies Bengaluru,38,280,10640,Retail,Net Banking
25-07-2024,Nandini Milk Peda (250g),Sweets,Hubballi,Kittur Distributors Hubballi,58,140,8120,Retail,Distributor Credit
25-07-2024,Nandini Set Curd (400g),Fresh Dairy,Mangaluru,Coastal Cool Logistics Mangaluru,108,40,4320,Supermarket,Distributor Credit
25-07-2024,Nandini Sweet Lassi (200ml),Beverages,Bengaluru,Apex Dairy Supplies Bengaluru,199,20,3980,Supermarket,UPI
25-07-2024,Nandini Samrudhi Milk (1L),Milk,Mangaluru,Coastal Cool Logistics Mangaluru,207,54,11178,Retail,Net Banking
26-07-2024,Nandini Unsalted Butter (500g),Ghee & Butter,Belagavi,North Karnataka Milk Center Belagavi,54,280,15120,Institution,Net Banking
26-07-2024,Nandini Milk Peda (250g),Sweets,Kalaburagi,Kalyana Karnataka Foods Kalaburagi,74,140,10360,Retail,Net Banking
26-07-2024,Nandini Fresh Paneer (200g),Fresh Dairy,Belagavi,North Karnataka Milk Center Belagavi,75,95,7125,Supermarket,Net Banking
26-07-2024,Nandini Curd (500g),Fresh Dairy,Kalaburagi,Kalyana Karnataka Foods Kalaburagi,384,26,9984,Wholesale,Net Banking
26-07-2024,Nandini Curd (500g),Fresh Dairy,Mysuru,Chamundi Agencies Mysuru,558,26,14508,Hotel / Restaurant,Net Banking
26-07-2024,Nandini Toned Milk (1L),Milk,Kalaburagi,Kalyana Karnataka Foods Kalaburagi,548,42,23016,Retail,Net Banking
26-07-2024,Nandini Mysore Pak (250g),Sweets,Bengaluru,Apex Dairy Supplies Bengaluru,155,160,24800,Retail,UPI
26-07-2024,Nandini Kulfi (50ml),Frozen,Bengaluru,Apex Dairy Supplies Bengaluru,350,25,8750,Wholesale,UPI
26-07-2024,Nandini Samrudhi Milk (1L),Milk,Mysuru,Chamundi Agencies Mysuru,109,54,5886,Retail,UPI
26-07-2024,Nandini Mysore Pak (250g),Sweets,Bengaluru,Apex Dairy Supplies Bengaluru,120,160,19200,Retail,UPI
26-07-2024,Nandini Sweet Lassi (200ml),Beverages,Tumakuru,Siddaganga Milk Express Tumakuru,831,20,16620,Wholesale,Credit Card
26-07-2024,Nandini Samrudhi Milk (1L),Milk,Mysuru,Chamundi Agencies Mysuru,112,54,6048,Retail,Net Banking
26-07-2024,Nandini Special Milk (1L),Milk,Hubballi,Kittur Distributors Hubballi,793,48,38064,Hotel / Restaurant,UPI
27-07-2024,Nandini Shubham Milk (1L),Milk,Bengaluru,Apex Dairy Supplies Bengaluru,481,50,24050,Retail,UPI
27-07-2024,Nandini Toned Milk (1L),Milk,Bengaluru,Apex Dairy Supplies Bengaluru,1007,42,42294,Supermarket,Credit Card
27-07-2024,Nandini Milk Peda (250g),Sweets,Bengaluru,Apex Dairy Supplies Bengaluru,166,140,23240,Supermarket,Net Banking
27-07-2024,Nandini Mysore Pak (250g),Sweets,Davanagere,Central Karnataka Traders Davanagere,102,160,16320,Retail,UPI
27-07-2024,Nandini Mysore Pak (250g),Sweets,Hubballi,Kittur Distributors Hubballi,154,160,24640,Retail,Net Banking
27-07-2024,Nandini Curd (500g),Fresh Dairy,Mangaluru,Coastal Cool Logistics Mangaluru,323,26,8398,Supermarket,UPI
27-07-2024,Nandini Curd (500g),Fresh Dairy,Bengaluru,Apex Dairy Supplies Bengaluru,457,26,11882,Supermarket,Net Banking
27-07-2024,Nandini Gulab Jamun (1kg),Sweets,Bengaluru,Apex Dairy Supplies Bengaluru,39,260,10140,Retail,Distributor Credit
27-07-2024,Nandini Set Curd (400g),Fresh Dairy,Bengaluru,Apex Dairy Supplies Bengaluru,269,40,10760,Hotel / Restaurant,Cash
27-07-2024,Nandini Samrudhi Milk (1L),Milk,Bengaluru,Apex Dairy Supplies Bengaluru,189,54,10206,Hotel / Restaurant,UPI
27-07-2024,Nandini Cassata Ice Cream (150ml),Frozen,Hubballi,Kittur Distributors Hubballi,171,55,9405,Retail,Cash
27-07-2024,Nandini Samrudhi Milk (1L),Milk,Davanagere,Central Karnataka Traders Davanagere,180,54,9720,Retail,Net Banking
27-07-2024,Nandini Pure Ghee (1L),Ghee & Butter,Bengaluru,Apex Dairy Supplies Bengaluru,85,610,51850,Supermarket,Net Banking
27-07-2024,Nandini Flavoured Milk Badam (200ml),Beverages,Bengaluru,Apex Dairy Supplies Bengaluru,655,35,22925,Wholesale,UPI
27-07-2024,Nandini Toned Milk (1L),Milk,Mangaluru,Coastal Cool Logistics Mangaluru,703,42,29526,Hotel / Restaurant,Cash
27-07-2024,Nandini Kulfi (50ml),Frozen,Bengaluru,Apex Dairy Supplies Bengaluru,407,25,10175,Hotel / Restaurant,Cash
27-07-2024,Nandini Shubham Milk (1L),Milk,Bengaluru,Apex Dairy Supplies Bengaluru,275,50,13750,Supermarket,Distributor Credit
27-07-2024,Nandini Homogenised Cow Milk (1L),Milk,Davanagere,Central Karnataka Traders Davanagere,582,46,26772,Retail,UPI
27-07-2024,Nandini Mysore Pak (250g),Sweets,Mysuru,Chamundi Agencies Mysuru,135,160,21600,Retail,UPI
28-07-2024,Nandini Pure Ghee (500ml),Ghee & Butter,Bengaluru,Apex Dairy Supplies Bengaluru,143,315,45045,Wholesale,UPI
28-07-2024,Nandini Cassata Ice Cream (150ml),Frozen,Bengaluru,Apex Dairy Supplies Bengaluru,126,55,6930,Retail,Distributor Credit
28-07-2024,Nandini Shubham Milk (1L),Milk,Mangaluru,Coastal Cool Logistics Mangaluru,184,50,9200,Supermarket,UPI
28-07-2024,Nandini Milk Peda (250g),Sweets,Davanagere,Central Karnataka Traders Davanagere,159,140,22260,Retail,UPI
28-07-2024,Nandini Spiced Buttermilk (200ml),Beverages,Mysuru,Chamundi Agencies Mysuru,561,12,6732,Supermarket,UPI
28-07-2024,Nandini Special Milk (1L),Milk,Bengaluru,Apex Dairy Supplies Bengaluru,592,48,28416,Hotel / Restaurant,Net Banking
28-07-2024,Nandini Flavoured Milk Badam (200ml),Beverages,Bengaluru,Apex Dairy Supplies Bengaluru,340,35,11900,Wholesale,UPI
28-07-2024,Nandini Sweet Lassi (200ml),Beverages,Bengaluru,Apex Dairy Supplies Bengaluru,330,20,6600,Retail,UPI
28-07-2024,Nandini Set Curd (400g),Fresh Dairy,Bengaluru,Apex Dairy Supplies Bengaluru,399,40,15960,Institution,UPI
28-07-2024,Nandini Set Curd (400g),Fresh Dairy,Mysuru,Chamundi Agencies Mysuru,70,40,2800,Supermarket,UPI
28-07-2024,Nandini Milk Peda (250g),Sweets,Bengaluru,Apex Dairy Supplies Bengaluru,309,140,43260,Hotel / Restaurant,Cash
28-07-2024,Nandini Special Milk (1L),Milk,Mysuru,Chamundi Agencies Mysuru,518,48,24864,Wholesale,UPI
28-07-2024,Nandini Sweet Lassi (200ml),Beverages,Mangaluru,Coastal Cool Logistics Mangaluru,284,20,5680,Retail,UPI
28-07-2024,Nandini Toned Milk (1L),Milk,Mysuru,Chamundi Agencies Mysuru,1231,42,51702,Wholesale,Cash
28-07-2024,Nandini Homogenised Cow Milk (1L),Milk,Mysuru,Chamundi Agencies Mysuru,744,46,34224,Supermarket,Cash
29-07-2024,Nandini Mysore Pak (250g),Sweets,Davanagere,Central Karnataka Traders Davanagere,36,160,5760,Retail,UPI
29-07-2024,Nandini Homogenised Cow Milk (1L),Milk,Bengaluru,Apex Dairy Supplies Bengaluru,401,46,18446,Supermarket,UPI
29-07-2024,Nandini Homogenised Cow Milk (1L),Milk,Bengaluru,Apex Dairy Supplies Bengaluru,891,46,40986,Hotel / Restaurant,UPI
29-07-2024,Nandini Cassata Ice Cream (150ml),Frozen,Bengaluru,Apex Dairy Supplies Bengaluru,288,55,15840,Institution,UPI
29-07-2024,Nandini Cassata Ice Cream (150ml),Frozen,Bengaluru,Apex Dairy Supplies Bengaluru,230,55,12650,Supermarket,Net Banking
29-07-2024,Nandini Samrudhi Milk (1L),Milk,Davanagere,Central Karnataka Traders Davanagere,182,54,9828,Supermarket,UPI
29-07-2024,Nandini Gulab Jamun (1kg),Sweets,Mysuru,Chamundi Agencies Mysuru,29,260,7540,Institution,UPI
29-07-2024,Nandini Flavoured Milk Badam (200ml),Beverages,Bengaluru,Apex Dairy Supplies Bengaluru,146,35,5110,Retail,Cash
29-07-2024,Nandini Mysore Pak (250g),Sweets,Bengaluru,Apex Dairy Supplies Bengaluru,124,160,19840,Wholesale,Cash
29-07-2024,Nandini Cassata Ice Cream (150ml),Frozen,Mangaluru,Coastal Cool Logistics Mangaluru,49,55,2695,Retail,Net Banking
29-07-2024,Nandini Samrudhi Milk (1L),Milk,Bengaluru,Apex Dairy Supplies Bengaluru,300,54,16200,Retail,Cash
29-07-2024,Nandini Mysore Pak (250g),Sweets,Mysuru,Chamundi Agencies Mysuru,113,160,18080,Supermarket,UPI
29-07-2024,Nandini Mysore Pak (250g),Sweets,Davanagere,Central Karnataka Traders Davanagere,108,160,17280,Supermarket,Cash
29-07-2024,Nandini Kulfi (50ml),Frozen,Tumakuru,Siddaganga Milk Express Tumakuru,135,25,3375,Retail,Cash
29-07-2024,Nandini Cassata Ice Cream (150ml),Frozen,Mysuru,Chamundi Agencies Mysuru,108,55,5940,Wholesale,Distributor Credit
29-07-2024,Nandini Pure Ghee (500ml),Ghee & Butter,Mysuru,Chamundi Agencies Mysuru,136,315,42840,Hotel / Restaurant,Cash
30-07-2024,Nandini Flavoured Milk Badam (200ml),Beverages,Bengaluru,Apex Dairy Supplies Bengaluru,494,35,17290,Hotel / Restaurant,Cash
30-07-2024,Nandini Set Curd (400g),Fresh Dairy,Bengaluru,Apex Dairy Supplies Bengaluru,126,40,5040,Retail,Net Banking
30-07-2024,Nandini Sweet Lassi (200ml),Beverages,Ballari,Tungabhadra Dairy Logistics Ballari,658,20,13160,Wholesale,Cash
30-07-2024,Nandini Set Curd (400g),Fresh Dairy,Bengaluru,Apex Dairy Supplies Bengaluru,209,40,8360,Institution,UPI
30-07-2024,Nandini Pure Ghee (500ml),Ghee & Butter,Davanagere,Central Karnataka Traders Davanagere,70,315,22050,Retail,Net Banking
30-07-2024,Nandini Spiced Buttermilk (200ml),Beverages,Davanagere,Central Karnataka Traders Davanagere,1219,12,14628,Institution,Credit Card
30-07-2024,Nandini Special Milk (1L),Milk,Bengaluru,Apex Dairy Supplies Bengaluru,668,48,32064,Wholesale,UPI
30-07-2024,Nandini Milk Peda (250g),Sweets,Bengaluru,Apex Dairy Supplies Bengaluru,144,140,20160,Retail,Net Banking
30-07-2024,Nandini Fresh Paneer (200g),Fresh Dairy,Bengaluru,Apex Dairy Supplies Bengaluru,254,95,24130,Retail,UPI
30-07-2024,Nandini Sweet Lassi (200ml),Beverages,Mysuru,Chamundi Agencies Mysuru,394,20,7880,Retail,Net Banking
30-07-2024,Nandini Special Milk (1L),Milk,Hubballi,Kittur Distributors Hubballi,405,48,19440,Wholesale,Distributor Credit
30-07-2024,Nandini Samrudhi Milk (1L),Milk,Bengaluru,Apex Dairy Supplies Bengaluru,233,54,12582,Supermarket,Distributor Credit
30-07-2024,Nandini Shubham Milk (1L),Milk,Hubballi,Kittur Distributors Hubballi,359,50,17950,Retail,Cash
30-07-2024,Nandini Cassata Ice Cream (150ml),Frozen,Bengaluru,Apex Dairy Supplies Bengaluru,106,55,5830,Retail,UPI
30-07-2024,Nandini Salted Butter (500g),Ghee & Butter,Mangaluru,Coastal Cool Logistics Mangaluru,61,275,16775,Retail,UPI
30-07-2024,Nandini Shubham Milk (1L),Milk,Bengaluru,Apex Dairy Supplies Bengaluru,883,50,44150,Institution,UPI
30-07-2024,Nandini Kulfi (50ml),Frozen,Tumakuru,Siddaganga Milk Express Tumakuru,195,25,4875,Retail,Distributor Credit
30-07-2024,Nandini Shubham Milk (1L),Milk,Bengaluru,Apex Dairy Supplies Bengaluru,170,50,8500,Supermarket,Net Banking
30-07-2024,Nandini Flavoured Milk Badam (200ml),Beverages,Kalaburagi,Kalyana Karnataka Foods Kalaburagi,268,35,9380,Wholesale,UPI
30-07-2024,Nandini Special Milk (1L),Milk,Mysuru,Chamundi Agencies Mysuru,361,48,17328,Supermarket,UPI
31-07-2024,Nandini Kulfi (50ml),Frozen,Davanagere,Central Karnataka Traders Davanagere,211,25,5275,Wholesale,UPI
31-07-2024,Nandini Milk Peda (250g),Sweets,Bengaluru,Apex Dairy Supplies Bengaluru,125,140,17500,Hotel / Restaurant,UPI
31-07-2024,Nandini Pure Ghee (500ml),Ghee & Butter,Mysuru,Chamundi Agencies Mysuru,49,315,15435,Supermarket,Net Banking
31-07-2024,Nandini Sweet Lassi (200ml),Beverages,Kalaburagi,Kalyana Karnataka Foods Kalaburagi,443,20,8860,Wholesale,Distributor Credit
31-07-2024,Nandini Unsalted Butter (500g),Ghee & Butter,Bengaluru,Apex Dairy Supplies Bengaluru,45,280,12600,Retail,Cash
31-07-2024,Nandini Spiced Buttermilk (200ml),Beverages,Belagavi,North Karnataka Milk Center Belagavi,1001,12,12012,Wholesale,UPI
31-07-2024,Nandini Gulab Jamun (1kg),Sweets,Bengaluru,Apex Dairy Supplies Bengaluru,95,260,24700,Hotel / Restaurant,UPI
31-07-2024,Nandini Spiced Buttermilk (200ml),Beverages,Mangaluru,Coastal Cool Logistics Mangaluru,591,12,7092,Supermarket,Cash
31-07-2024,Nandini Special Milk (1L),Milk,Bengaluru,Apex Dairy Supplies Bengaluru,620,48,29760,Retail,UPI
31-07-2024,Nandini Cassata Ice Cream (150ml),Frozen,Bengaluru,Apex Dairy Supplies Bengaluru,124,55,6820,Retail,Net Banking
31-07-2024,Nandini Salted Butter (500g),Ghee & Butter,Bengaluru,Apex Dairy Supplies Bengaluru,129,275,35475,Wholesale,UPI
31-07-2024,Nandini Cassata Ice Cream (150ml),Frozen,Shivamogga,Malnad Dairy Network Shivamogga,134,55,7370,Retail,UPI
31-07-2024,Nandini Special Milk (1L),Milk,Belagavi,North Karnataka Milk Center Belagavi,482,48,23136,Retail,UPI
31-07-2024,Nandini Samrudhi Milk (1L),Milk,Kalaburagi,Kalyana Karnataka Foods Kalaburagi,351,54,18954,Wholesale,UPI
01-08-2024,Nandini Toned Milk (1L),Milk,Hubballi,Kittur Distributors Hubballi,1186,42,49812,Hotel / Restaurant,Net Banking
01-08-2024,Nandini Toned Milk (1L),Milk,Hubballi,Kittur Distributors Hubballi,790,42,33180,Retail,Net Banking
01-08-2024,Nandini Samrudhi Milk (1L),Milk,Hubballi,Kittur Distributors Hubballi,199,54,10746,Retail,UPI
01-08-2024,Nandini Set Curd (400g),Fresh Dairy,Bengaluru,Apex Dairy Supplies Bengaluru,77,40,3080,Retail,UPI
01-08-2024,Nandini Unsalted Butter (500g),Ghee & Butter,Bengaluru,Apex Dairy Supplies Bengaluru,45,280,12600,Retail,Net Banking
01-08-2024,Nandini Flavoured Milk Badam (200ml),Beverages,Bengaluru,Apex Dairy Supplies Bengaluru,197,35,6895,Supermarket,Net Banking
01-08-2024,Nandini Sweet Lassi (200ml),Beverages,Bengaluru,Apex Dairy Supplies Bengaluru,644,20,12880,Supermarket,Net Banking
01-08-2024,Nandini Spiced Buttermilk (200ml),Beverages,Bengaluru,Apex Dairy Supplies Bengaluru,1893,12,22716,Wholesale,UPI
01-08-2024,Nandini Shubham Milk (1L),Milk,Davanagere,Central Karnataka Traders Davanagere,408,50,20400,Hotel / Restaurant,Distributor Credit
01-08-2024,Nandini Set Curd (400g),Fresh Dairy,Mysuru,Chamundi Agencies Mysuru,174,40,6960,Retail,Net Banking
01-08-2024,Nandini Fresh Paneer (200g),Fresh Dairy,Kalaburagi,Kalyana Karnataka Foods Kalaburagi,339,95,32205,Institution,Cash
02-08-2024,Nandini Gulab Jamun (1kg),Sweets,Hubballi,Kittur Distributors Hubballi,107,260,27820,Supermarket,UPI
02-08-2024,Nandini Cassata Ice Cream (150ml),Frozen,Mangaluru,Coastal Cool Logistics Mangaluru,98,55,5390,Retail,Cash
02-08-2024,Nandini Pure Ghee (1L),Ghee & Butter,Hubballi,Kittur Distributors Hubballi,148,610,90280,,Credit Card
02-08-2024,Nandini Milk Peda (250g),Sweets,Bengaluru,Apex Dairy Supplies Bengaluru,154,140,21560,Supermarket,Cash
02-08-2024,Nandini Shubham Milk (1L),Milk,Kalaburagi,Kalyana Karnataka Foods Kalaburagi,179,50,8950,Retail,Cash
02-08-2024,Nandini Pure Ghee (1L),Ghee & Butter,Mangaluru,Coastal Cool Logistics Mangaluru,48,610,29280,Retail,Net Banking
02-08-2024,Nandini Shubham Milk (1L),Milk,Kalaburagi,Kalyana Karnataka Foods Kalaburagi,155,50,7750,Retail,Cash
02-08-2024,Nandini Spiced Buttermilk (200ml),Beverages,Shivamogga,Malnad Dairy Network Shivamogga,1044,12,12528,Wholesale,Net Banking
02-08-2024,Nandini Toned Milk (1L),Milk,Mysuru,Chamundi Agencies Mysuru,675,42,28350,Retail,Net Banking
02-08-2024,Nandini Salted Butter (500g),Ghee & Butter,Hubballi,Kittur Distributors Hubballi,76,275,20900,Retail,Net Banking
02-08-2024,Nandini Gulab Jamun (1kg),Sweets,Bengaluru,Apex Dairy Supplies Bengaluru,164,260,42640,Wholesale,Net Banking
02-08-2024,Nandini Milk Peda (250g),Sweets,Mysuru,Chamundi Agencies Mysuru,90,140,12600,Retail,UPI
02-08-2024,Nandini Pure Ghee (500ml),Ghee & Butter,Hubballi,Kittur Distributors Hubballi,149,315,46935,Retail,Cash
02-08-2024,Nandini Flavoured Milk Badam (200ml),Beverages,Belagavi,North Karnataka Milk Center Belagavi,286,35,10010,Hotel / Restaurant,UPI
02-08-2024,Nandini Pure Ghee (1L),Ghee & Butter,Belagavi,North Karnataka Milk Center Belagavi,184,610,112240,Hotel / Restaurant,UPI
02-08-2024,Nandini Homogenised Cow Milk (1L),Milk,Kalaburagi,Kalyana Karnataka Foods Kalaburagi,916,46,42136,Institution,Credit Card
03-08-2024,Nandini Kulfi (50ml),Frozen,Mysuru,Chamundi Agencies Mysuru,286,25,7150,Retail,Credit Card
03-08-2024,Nandini Special Milk (1L),Milk,Hubballi,Kittur Distributors Hubballi,424,48,20352,Retail,UPI
03-08-2024,Nandini Curd (500g),Fresh Dairy,Bengaluru,Apex Dairy Supplies Bengaluru,823,26,21398,Supermarket,Distributor Credit
03-08-2024,Nandini Flavoured Milk Badam (200ml),Beverages,Belagavi,North Karnataka Milk Center Belagavi,173,35,6055,Retail,UPI
03-08-2024,Nandini Milk Peda (250g),Sweets,Mangaluru,Coastal Cool Logistics Mangaluru,127,140,17780,Supermarket,Cash
03-08-2024,Nandini Kulfi (50ml),Frozen,Mangaluru,Coastal Cool Logistics Mangaluru,255,25,6375,Hotel / Restaurant,UPI
03-08-2024,Nandini Toned Milk (1L),Milk,Mysuru,Chamundi Agencies Mysuru,767,42,32214,Retail,UPI
03-08-2024,Nandini Shubham Milk (1L),Milk,Bengaluru,Apex Dairy Supplies Bengaluru,476,50,23800,Hotel / Restaurant,Cash
03-08-2024,Nandini Flavoured Milk Badam (200ml),Beverages,Bengaluru,Apex Dairy Supplies Bengaluru,314,35,10990,Wholesale,UPI
03-08-2024,Nandini Homogenised Cow Milk (1L),Milk,Kalaburagi,Kalyana Karnataka Foods Kalaburagi,469,46,21574,Retail,Net Banking
03-08-2024,Nandini Fresh Paneer (200g),Fresh Dairy,Bengaluru,Apex Dairy Supplies Bengaluru,741,95,70395,Wholesale,Credit Card
03-08-2024,Nandini Pure Ghee (1L),Ghee & Butter,Mangaluru,Coastal Cool Logistics Mangaluru,108,610,65880,Retail,Credit Card
03-08-2024,Nandini Sweet Lassi (200ml),Beverages,Kalaburagi,Kalyana Karnataka Foods Kalaburagi,431,20,8620,Retail,
03-08-2024,Nandini Unsalted Butter (500g),Ghee & Butter,Mysuru,Chamundi Agencies Mysuru,152,280,42560,Supermarket,Credit Card
03-08-2024,Nandini Cassata Ice Cream (150ml),Frozen,Mysuru,Chamundi Agencies Mysuru,203,55,11165,Retail,UPI
03-08-2024,Nandini Unsalted Butter (500g),Ghee & Butter,Belagavi,North Karnataka Milk Center Belagavi,202,280,56560,Wholesale,UPI
03-08-2024,Nandini Gulab Jamun (1kg),Sweets,Bengaluru,Apex Dairy Supplies Bengaluru,115,260,29900,Retail,UPI
03-08-2024,Nandini Special Milk (1L),Milk,Mysuru,Chamundi Agencies Mysuru,364,48,17472,Supermarket,UPI
03-08-2024,Nandini Mysore Pak (250g),Sweets,Mangaluru,Coastal Cool Logistics Mangaluru,201,160,32160,Retail,Net Banking
04-08-2024,Nandini Homogenised Cow Milk (1L),Milk,Davanagere,Central Karnataka Traders Davanagere,424,46,19504,Supermarket,UPI
04-08-2024,Nandini Salted Butter (500g),Ghee & Butter,Bengaluru,Apex Dairy Supplies Bengaluru,212,275,58300,Institution,Net Banking
04-08-2024,Nandini Homogenised Cow Milk (1L),Milk,Mangaluru,Coastal Cool Logistics Mangaluru,346,46,15916,Retail,UPI
04-08-2024,Nandini Gulab Jamun (1kg),Sweets,Hubballi,Kittur Distributors Hubballi,42,260,10920,Retail,Net Banking
04-08-2024,Nandini Salted Butter (500g),Ghee & Butter,Mysuru,Chamundi Agencies Mysuru,168,275,46200,Wholesale,Cash
04-08-2024,Nandini Unsalted Butter (500g),Ghee & Butter,Mangaluru,Coastal Cool Logistics Mangaluru,112,280,31360,Hotel / Restaurant,Net Banking
04-08-2024,Nandini Sweet Lassi (200ml),Beverages,Belagavi,North Karnataka Milk Center Belagavi,403,20,8060,Retail,Net Banking
04-08-2024,Nandini Pure Ghee (500ml),Ghee & Butter,Ballari,Tungabhadra Dairy Logistics Ballari,112,315,35280,Wholesale,UPI
04-08-2024,Nandini Pure Ghee (1L),Ghee & Butter,Belagavi,North Karnataka Milk Center Belagavi,163,610,99430,Retail,Net Banking
04-08-2024,Nandini Special Milk (1L),Milk,Hubballi,Kittur Distributors Hubballi,416,48,19968,Supermarket,Credit Card
04-08-2024,Nandini Kulfi (50ml),Frozen,Bengaluru,Apex Dairy Supplies Bengaluru,306,25,7650,Supermarket,Cash
04-08-2024,Nandini Curd (500g),Fresh Dairy,Hubballi,Kittur Distributors Hubballi,473,26,12298,Retail,UPI
04-08-2024,Nandini Salted Butter (500g),Ghee & Butter,Mysuru,Chamundi Agencies Mysuru,236,275,64900,Supermarket,UPI
05-08-2024,Nandini Gulab Jamun (1kg),Sweets,Tumakuru,Siddaganga Milk Express Tumakuru,61,260,15860,Retail,UPI
05-08-2024,Nandini Unsalted Butter (500g),Ghee & Butter,Mysuru,Chamundi Agencies Mysuru,118,280,33040,Retail,Cash
05-08-2024,Nandini Salted Butter (500g),Ghee & Butter,Belagavi,North Karnataka Milk Center Belagavi,107,275,29425,Hotel / Restaurant,Net Banking
05-08-2024,Nandini Samrudhi Milk (1L),Milk,Ballari,Tungabhadra Dairy Logistics Ballari,194,54,10476,Retail,Net Banking
05-08-2024,Nandini Shubham Milk (1L),Milk,Bengaluru,Apex Dairy Supplies Bengaluru,214,50,10700,Supermarket,Net Banking
05-08-2024,Nandini Toned Milk (1L),Milk,Mysuru,Chamundi Agencies Mysuru,795,42,33390,Retail,UPI
05-08-2024,Nandini Gulab Jamun (1kg),Sweets,Bengaluru,Apex Dairy Supplies Bengaluru,281,260,73060,Institution,Distributor Credit
05-08-2024,Nandini Gulab Jamun (1kg),Sweets,Hubballi,Kittur Distributors Hubballi,33,260,8580,Retail,Net Banking
05-08-2024,Nandini Curd (500g),Fresh Dairy,Belagavi,North Karnataka Milk Center Belagavi,298,26,7748,Retail,UPI
05-08-2024,Nandini Kulfi (50ml),Frozen,Shivamogga,Malnad Dairy Network Shivamogga,117,25,2925,Retail,Cash
05-08-2024,Nandini Set Curd (400g),Fresh Dairy,Bengaluru,Apex Dairy Supplies Bengaluru,72,40,2880,Retail,Net Banking
05-08-2024,Nandini Pure Ghee (1L),Ghee & Butter,bengaluru ,Apex Dairy Supplies Bengaluru,143,610,87230,Retail,Cash
06-08-2024,Nandini Shubham Milk (1L),Milk,Hubballi,Kittur Distributors Hubballi,279,50,13950,Institution,Cash
06-08-2024,Nandini Spiced Buttermilk (200ml),Beverages,Bengaluru,Apex Dairy Supplies Bengaluru,1710,12,20520,Institution,Cash
06-08-2024,Nandini Fresh Paneer (200g),Fresh Dairy,Bengaluru,Apex Dairy Supplies Bengaluru,137,95,13015,Retail,UPI
06-08-2024,Nandini Curd (500g),Fresh Dairy,Davanagere,Central Karnataka Traders Davanagere,267,26,6942,Supermarket,Net Banking
06-08-2024,Nandini Flavoured Milk Badam (200ml),Beverages,Mangaluru,Coastal Cool Logistics Mangaluru,154,35,5390,Retail,UPI
06-08-2024,Nandini Homogenised Cow Milk (1L),Milk,Belagavi,North Karnataka Milk Center Belagavi,658,46,30268,Retail,UPI
06-08-2024,Nandini Pure Ghee (1L),Ghee & Butter,Mangaluru,Coastal Cool Logistics Mangaluru,135,610,82350,Supermarket,UPI
06-08-2024,Nandini Samrudhi Milk (1L),Milk,Bengaluru,Apex Dairy Supplies Bengaluru,317,54,17118,Wholesale,UPI
06-08-2024,Nandini Pure Ghee (1L),Ghee & Butter,Bengaluru,Apex Dairy Supplies Bengaluru,53,610,32330,Supermarket,UPI
06-08-2024,Nandini Special Milk (1L),Milk,Bengaluru,Apex Dairy Supplies Bengaluru,325,48,15600,Retail,Credit Card
06-08-2024,Nandini Milk Peda (250g),Sweets,Bengaluru,Apex Dairy Supplies Bengaluru,202,140,28280,Wholesale,UPI
06-08-2024,Nandini Cassata Ice Cream (150ml),Frozen,Bengaluru,Apex Dairy Supplies Bengaluru,126,55,6930,Wholesale,Cash
07-08-2024,Nandini Cassata Ice Cream (150ml),Frozen,Kalaburagi,Kalyana Karnataka Foods Kalaburagi,208,55,11440,Wholesale,Net Banking
07-08-2024,Nandini Samrudhi Milk (1L),Milk,Bengaluru,Apex Dairy Supplies Bengaluru,332,54,17928,Retail,Credit Card
07-08-2024,Nandini Special Milk (1L),Milk,Bengaluru,Apex Dairy Supplies Bengaluru,796,48,38208,Hotel / Restaurant,UPI
07-08-2024,Nandini Cassata Ice Cream (150ml),Frozen,Davanagere,Central Karnataka Traders Davanagere,50,55,2750,Retail,Distributor Credit
07-08-2024,Nandini Fresh Paneer (200g),Fresh Dairy,Bengaluru,Apex Dairy Supplies Bengaluru,106,95,10070,Retail,UPI
07-08-2024,Nandini Homogenised Cow Milk (1L),Milk,Mysuru,Chamundi Agencies Mysuru,1187,46,54602,Wholesale,UPI
07-08-2024,Nandini Flavoured Milk Badam (200ml),Beverages,Mysuru,Chamundi Agencies Mysuru,341,35,11935,Supermarket,UPI
07-08-2024,Nandini Cassata Ice Cream (150ml),Frozen,Bengaluru,Apex Dairy Supplies Bengaluru,333,55,18315,Institution,UPI
07-08-2024,Nandini Toned Milk (1L),Milk,Bengaluru,Apex Dairy Supplies Bengaluru,1021,42,42882,Supermarket,UPI
07-08-2024,Nandini Mysore Pak (250g),Sweets,Kalaburagi,Kalyana Karnataka Foods Kalaburagi,167,160,26720,Hotel / Restaurant,UPI
07-08-2024,Nandini Kulfi (50ml),Frozen,Bengaluru,Apex Dairy Supplies Bengaluru,97,25,2425,Retail,UPI
07-08-2024,Nandini Salted Butter (500g),Ghee & Butter,Ballari,Tungabhadra Dairy Logistics Ballari,118,275,32450,Retail,UPI
07-08-2024,Nandini Curd (500g),Fresh Dairy,Mysuru,Chamundi Agencies Mysuru,522,26,13572,Retail,Cash
07-08-2024,Nandini Pure Ghee (1L),Ghee & Butter,Mysuru,Chamundi Agencies Mysuru,185,610,112850,Retail,UPI
07-08-2024,Nandini Gulab Jamun (1kg),Sweets,Davanagere,Central Karnataka Traders Davanagere,131,260,34060,Hotel / Restaurant,UPI
07-08-2024,Nandini Pure Ghee (500ml),Ghee & Butter,Belagavi,North Karnataka Milk Center Belagavi,127,315,40005,Supermarket,Cash
07-08-2024,Nandini Shubham Milk (1L),Milk,Mysuru,Chamundi Agencies Mysuru,449,50,22450,Hotel / Restaurant,Distributor Credit
08-08-2024,Nandini Shubham Milk (1L),Milk,Bengaluru,Apex Dairy Supplies Bengaluru,280,50,14000,Wholesale,Net Banking
08-08-2024,Nandini Cassata Ice Cream (150ml),Frozen,Davanagere,Central Karnataka Traders Davanagere,111,55,6105,Institution,UPI
08-08-2024,Nandini Fresh Paneer (200g),Fresh Dairy,Mysuru,Chamundi Agencies Mysuru,255,95,24225,Retail,Cash
08-08-2024,Nandini Flavoured Milk Badam (200ml),Beverages,Bengaluru,Apex Dairy Supplies Bengaluru,140,35,4900,Supermarket,Net Banking
08-08-2024,Nandini Sweet Lassi (200ml),Beverages,Bengaluru,Apex Dairy Supplies Bengaluru,534,20,10680,Supermarket,UPI
08-08-2024,Nandini Unsalted Butter (500g),Ghee & Butter,Mangaluru,Coastal Cool Logistics Mangaluru,117,280,32760,Supermarket,Cash
08-08-2024,Nandini Set Curd (400g),Fresh Dairy,Bengaluru,Apex Dairy Supplies Bengaluru,334,40,13360,Institution,UPI
09-08-2024,Nandini Cassata Ice Cream (150ml),Frozen,Mysuru,Chamundi Agencies Mysuru,167,55,9185,Retail,Net Banking
09-08-2024,Nandini Pure Ghee (500ml),Ghee & Butter,Bengaluru,Apex Dairy Supplies Bengaluru,271,315,85365,Retail,UPI
09-08-2024,Nandini Sweet Lassi (200ml),Beverages,Belagavi,North Karnataka Milk Center Belagavi,491,20,9820,Retail,Net Banking
09-08-2024,Nandini Curd (500g),Fresh Dairy,Mysuru,Chamundi Agencies Mysuru,686,26,17836,Supermarket,UPI
09-08-2024,Nandini Homogenised Cow Milk (1L),Milk,Bengaluru,Apex Dairy Supplies Bengaluru,778,46,35788,Retail,UPI
09-08-2024,Nandini Special Milk (1L),Milk,Hubballi,Kittur Distributors Hubballi,355,48,17040,Retail,UPI
09-08-2024,Nandini Spiced Buttermilk (200ml),Beverages,Bengaluru,Apex Dairy Supplies Bengaluru,546,12,6552,Retail,UPI
09-08-2024,Nandini Homogenised Cow Milk (1L),Milk,Mysuru,Chamundi Agencies Mysuru,1171,46,53866,Hotel / Restaurant,UPI
09-08-2024,Nandini Fresh Paneer (200g),Fresh Dairy,Mysuru,Chamundi Agencies Mysuru,191,95,18145,Hotel / Restaurant,UPI
09-08-2024,Nandini Samrudhi Milk (1L),Milk,Tumakuru,Siddaganga Milk Express Tumakuru,117,54,6318,Supermarket,UPI
09-08-2024,Nandini Milk Peda (250g),Sweets,Mysuru,Chamundi Agencies Mysuru,242,140,33880,Supermarket,Net Banking
10-08-2024,Nandini Special Milk (1L),Milk,Mangaluru,Coastal Cool Logistics Mangaluru,275,48,13200,Retail,Cash
10-08-2024,Nandini Shubham Milk (1L),Milk,Mysuru,Chamundi Agencies Mysuru,542,50,27100,Wholesale,Credit Card
10-08-2024,Nandini Homogenised Cow Milk (1L),Milk,Shivamogga,Malnad Dairy Network Shivamogga,571,46,26266,Retail,UPI
10-08-2024,Nandini Special Milk (1L),Milk,Mangaluru,Coastal Cool Logistics Mangaluru,204,48,9792,Supermarket,Distributor Credit
10-08-2024,Nandini Toned Milk (1L),Milk,Hubballi,Kittur Distributors Hubballi,776,42,32592,Retail,UPI
10-08-2024,Nandini Sweet Lassi (200ml),Beverages,Mysuru,Chamundi Agencies Mysuru,485,20,9700,Retail,UPI
10-08-2024,Nandini Curd (500g),Fresh Dairy,Ballari,Tungabhadra Dairy Logistics Ballari,841,26,21866,Institution,UPI
10-08-2024,Nandini Cassata Ice Cream (150ml),Frozen,Hubballi,Kittur Distributors Hubballi,190,55,10450,Retail,UPI
10-08-2024,Nandini Homogenised Cow Milk (1L),Milk,Bengaluru,Apex Dairy Supplies Bengaluru,613,46,28198,Retail,UPI
10-08-2024,Nandini Shubham Milk (1L),Milk,Bengaluru,Apex Dairy Supplies Bengaluru,321,50,16050,Retail,UPI
10-08-2024,Nandini Pure Ghee (1L),Ghee & Butter,Mysuru,Chamundi Agencies Mysuru,163,610,99430,Retail,UPI
10-08-2024,Nandini Shubham Milk (1L),Milk,Belagavi,North Karnataka Milk Center Belagavi,116,50,5800,Retail,Net Banking
10-08-2024,Nandini Gulab Jamun (1kg),Sweets,bengaluru ,Apex Dairy Supplies Bengaluru,153,260,39780,Hotel / Restaurant,UPI
10-08-2024,Nandini Kulfi (50ml),Frozen,Mysuru,Chamundi Agencies Mysuru,260,25,6500,Supermarket,UPI
11-08-2024,Nandini Milk Peda (250g),Sweets,Hubballi,Kittur Distributors Hubballi,104,140,14560,Retail,Net Banking
11-08-2024,Nandini Special Milk (1L),Milk,Bengaluru,Apex Dairy Supplies Bengaluru,429,48,20592,Supermarket,Net Banking
11-08-2024,Nandini Special Milk (1L),Milk,Bengaluru,Apex Dairy Supplies Bengaluru,536,48,25728,Supermarket,Net Banking
11-08-2024,Nandini Mysore Pak (250g),Sweets,Kalaburagi,Kalyana Karnataka Foods Kalaburagi,244,160,39040,Retail,Cash
11-08-2024,Nandini Samrudhi Milk (1L),Milk,Ballari,Tungabhadra Dairy Logistics Ballari,119,54,6426,Retail,Cash
11-08-2024,Nandini Sweet Lassi (200ml),Beverages,Bengaluru,Apex Dairy Supplies Bengaluru,354,20,7080,Supermarket,UPI
11-08-2024,Nandini Toned Milk (1L),Milk,Bengaluru,Apex Dairy Supplies Bengaluru,1243,42,52206,Retail,UPI
11-08-2024,Nandini Curd (500g),Fresh Dairy,Bengaluru,Apex Dairy Supplies Bengaluru,453,26,11778,Supermarket,UPI
11-08-2024,Nandini Special Milk (1L),Milk,Hubballi,Kittur Distributors Hubballi,448,48,21504,Retail,Cash
11-08-2024,Nandini Curd (500g),Fresh Dairy,Bengaluru,Apex Dairy Supplies Bengaluru,411,26,10686,Retail,UPI
11-08-2024,Nandini Toned Milk (1L),Milk,Bengaluru,Apex Dairy Supplies Bengaluru,922,42,38724,Retail,Credit Card
11-08-2024,Nandini Pure Ghee (1L),Ghee & Butter,Davanagere,Central Karnataka Traders Davanagere,34,610,20740,Retail,Cash
12-08-2024,Nandini Spiced Buttermilk (200ml),Beverages,Ballari,Tungabhadra Dairy Logistics Ballari,395,12,4740,Retail,UPI
12-08-2024,Nandini Toned Milk (1L),Milk,Mysuru,Chamundi Agencies Mysuru,861,42,36162,Retail,UPI
12-08-2024,Nandini Unsalted Butter (500g),Ghee & Butter,Mangaluru,Coastal Cool Logistics Mangaluru,63,280,17640,Retail,Cash
12-08-2024,Nandini Pure Ghee (500ml),Ghee & Butter,Belagavi,North Karnataka Milk Center Belagavi,327,315,103005,Wholesale,UPI
12-08-2024,Nandini Pure Ghee (500ml),Ghee & Butter,Mysuru,Chamundi Agencies Mysuru,84,315,26460,Supermarket,UPI
12-08-2024,Nandini Shubham Milk (1L),Milk,Davanagere,Central Karnataka Traders Davanagere,197,50,9850,Hotel / Restaurant,Net Banking
12-08-2024,Nandini Kulfi (50ml),Frozen,Bengaluru,Apex Dairy Supplies Bengaluru,553,25,13825,Wholesale,UPI
12-08-2024,Nandini Salted Butter (500g),Ghee & Butter,Belagavi,North Karnataka Milk Center Belagavi,148,275,40700,Retail,
12-08-2024,Nandini Toned Milk (1L),Milk,Shivamogga,Malnad Dairy Network Shivamogga,620,42,26040,Supermarket,UPI
12-08-2024,Nandini Pure Ghee (500ml),Ghee & Butter,Shivamogga,Malnad Dairy Network Shivamogga,220,315,69300,Retail,Net Banking
12-08-2024,Nandini Samrudhi Milk (1L),Milk,Mysuru,Chamundi Agencies Mysuru,130,54,7020,Retail,Cash
12-08-2024,Nandini Salted Butter (500g),Ghee & Butter,Kalaburagi,Kalyana Karnataka Foods Kalaburagi,91,275,25025,Supermarket,Net Banking
12-08-2024,Nandini Sweet Lassi (200ml),Beverages,Tumakuru,Siddaganga Milk Express Tumakuru,401,20,8020,Retail,UPI
12-08-2024,Nandini Milk Peda (250g),Sweets,Bengaluru,Apex Dairy Supplies Bengaluru,147,140,20580,Supermarket,UPI
12-08-2024,Nandini Special Milk (1L),Milk,Mysuru,Chamundi Agencies Mysuru,252,48,12096,Supermarket,Net Banking
13-08-2024,Nandini Salted Butter (500g),Ghee & Butter,Hubballi,Kittur Distributors Hubballi,114,275,31350,Wholesale,Net Banking
13-08-2024,Nandini Spiced Buttermilk (200ml),Beverages,Mangaluru,Coastal Cool Logistics Mangaluru,472,12,5664,Retail,UPI
13-08-2024,Nandini Mysore Pak (250g),Sweets,Bengaluru,Apex Dairy Supplies Bengaluru,165,160,26400,Supermarket,UPI
13-08-2024,Nandini Kulfi (50ml),Frozen,Davanagere,Central Karnataka Traders Davanagere,220,25,5500,Retail,UPI
13-08-2024,Nandini Curd (500g),Fresh Dairy,Mangaluru,Coastal Cool Logistics Mangaluru,472,26,12272,Retail,Cash
13-08-2024,Nandini Set Curd (400g),Fresh Dairy,Bengaluru,Apex Dairy Supplies Bengaluru,167,40,6680,Supermarket,UPI
13-08-2024,Nandini Curd (500g),Fresh Dairy,Hubballi,Kittur Distributors Hubballi,590,26,15340,Hotel / Restaurant,Distributor Credit
13-08-2024,Nandini Set Curd (400g),Fresh Dairy,Mangaluru,Coastal Cool Logistics Mangaluru,103,40,4120,Retail,UPI
13-08-2024,Nandini Sweet Lassi (200ml),Beverages,Mangaluru,Coastal Cool Logistics Mangaluru,448,20,8960,Retail,Cash
13-08-2024,Nandini Kulfi (50ml),Frozen,Bengaluru,Apex Dairy Supplies Bengaluru,147,25,3675,Retail,UPI
13-08-2024,Nandini Mysore Pak (250g),Sweets,Mangaluru,Coastal Cool Logistics Mangaluru,110,160,17600,Supermarket,UPI
14-08-2024,Nandini Samrudhi Milk (1L),Milk,Hubballi,Kittur Distributors Hubballi,340,54,18360,Hotel / Restaurant,UPI
14-08-2024,Nandini Unsalted Butter (500g),Ghee & Butter,Hubballi,Kittur Distributors Hubballi,47,280,13160,Hotel / Restaurant,UPI
14-08-2024,Nandini Homogenised Cow Milk (1L),Milk,Mysuru,Chamundi Agencies Mysuru,385,46,17710,Supermarket,Credit Card
14-08-2024,Nandini Samrudhi Milk (1L),Milk,Mangaluru,Coastal Cool Logistics Mangaluru,222,54,11988,Institution,Net Banking
14-08-2024,Nandini Spiced Buttermilk (200ml),Beverages,Mysuru,Chamundi Agencies Mysuru,404,12,4848,Retail,Cash
14-08-2024,Nandini Samrudhi Milk (1L),Milk,Mangaluru,Coastal Cool Logistics Mangaluru,176,54,9504,Wholesale,UPI
14-08-2024,Nandini Pure Ghee (1L),Ghee & Butter,Mangaluru,Coastal Cool Logistics Mangaluru,141,610,86010,Retail,UPI
14-08-2024,Nandini Salted Butter (500g),Ghee & Butter,Davanagere,Central Karnataka Traders Davanagere,137,275,37675,Retail,Credit Card
14-08-2024,Nandini Special Milk (1L),Milk,Bengaluru,Apex Dairy Supplies Bengaluru,442,48,21216,Supermarket,UPI
14-08-2024,Nandini Kulfi (50ml),Frozen,Bengaluru,Apex Dairy Supplies Bengaluru,356,25,8900,Supermarket,UPI
14-08-2024,Nandini Gulab Jamun (1kg),Sweets,Bengaluru,Apex Dairy Supplies Bengaluru,79,260,20540,Retail,UPI
14-08-2024,Nandini Spiced Buttermilk (200ml),Beverages,Belagavi,North Karnataka Milk Center Belagavi,662,12,7944,Retail,UPI
14-08-2024,Nandini Curd (500g),Fresh Dairy,Shivamogga,Malnad Dairy Network Shivamogga,593,26,15418,Supermarket,Net Banking
15-08-2024,Nandini Pure Ghee (1L),Ghee & Butter,Ballari,Tungabhadra Dairy Logistics Ballari,95,610,57950,Institution,UPI
15-08-2024,Nandini Unsalted Butter (500g),Ghee & Butter,Kalaburagi,Kalyana Karnataka Foods Kalaburagi,65,280,18200,Hotel / Restaurant,UPI
15-08-2024,Nandini Salted Butter (500g),Ghee & Butter,Belagavi,North Karnataka Milk Center Belagavi,122,275,33550,Retail,Net Banking
15-08-2024,Nandini Fresh Paneer (200g),Fresh Dairy,Davanagere,Central Karnataka Traders Davanagere,151,95,14345,Retail,UPI
15-08-2024,Nandini Pure Ghee (1L),Ghee & Butter,Bengaluru,Apex Dairy Supplies Bengaluru,93,610,56730,Retail,Cash
15-08-2024,Nandini Set Curd (400g),Fresh Dairy,Mysuru,Chamundi Agencies Mysuru,54,40,2160,Supermarket,Distributor Credit
15-08-2024,Nandini Samrudhi Milk (1L),Milk,Kalaburagi,Kalyana Karnataka Foods Kalaburagi,258,54,13932,Wholesale,UPI
15-08-2024,Nandini Pure Ghee (500ml),Ghee & Butter,Bengaluru,Apex Dairy Supplies Bengaluru,300,315,94500,Retail,Cash
15-08-2024,Nandini Flavoured Milk Badam (200ml),Beverages,Mysuru,Chamundi Agencies Mysuru,173,35,6055,Retail,Net Banking
15-08-2024,Nandini Pure Ghee (500ml),Ghee & Butter,Bengaluru,Apex Dairy Supplies Bengaluru,404,315,127260,Hotel / Restaurant,Net Banking
15-08-2024,Nandini Set Curd (400g),Fresh Dairy,Bengaluru,Apex Dairy Supplies Bengaluru,221,40,8840,Supermarket,UPI
15-08-2024,Nandini Toned Milk (1L),Milk,Hubballi,Kittur Distributors Hubballi,900,42,37800,Hotel / Restaurant,Net Banking
15-08-2024,Nandini Pure Ghee (500ml),Ghee & Butter,Mysuru,Chamundi Agencies Mysuru,260,315,81900,Retail,Credit Card
16-08-2024,Nandini Mysore Pak (250g),Sweets,Bengaluru,Apex Dairy Supplies Bengaluru,262,160,41920,Supermarket,UPI
16-08-2024,Nandini Special Milk (1L),Milk,Davanagere,Central Karnataka Traders Davanagere,514,48,24672,Wholesale,UPI
16-08-2024,Nandini Milk Peda (250g),Sweets,Bengaluru,Apex Dairy Supplies Bengaluru,199,140,27860,Supermarket,Net Banking
16-08-2024,Nandini Special Milk (1L),Milk,Hubballi,Kittur Distributors Hubballi,308,48,14784,Hotel / Restaurant,UPI
16-08-2024,Nandini Pure Ghee (500ml),Ghee & Butter,Bengaluru,Apex Dairy Supplies Bengaluru,509,315,160335,Wholesale,Net Banking
16-08-2024,Nandini Special Milk (1L),Milk,Shivamogga,Malnad Dairy Network Shivamogga,530,48,25440,Supermarket,UPI
16-08-2024,Nandini Set Curd (400g),Fresh Dairy,Hubballi,Kittur Distributors Hubballi,106,40,4240,Retail,Cash
16-08-2024,Nandini Set Curd (400g),Fresh Dairy,Bengaluru,Apex Dairy Supplies Bengaluru,239,40,9560,Institution,Cash
16-08-2024,Nandini Gulab Jamun (1kg),Sweets,Mangaluru,Coastal Cool Logistics Mangaluru,66,260,17160,Supermarket,UPI
16-08-2024,Nandini Shubham Milk (1L),Milk,Bengaluru,Apex Dairy Supplies Bengaluru,446,50,22300,Retail,UPI
16-08-2024,Nandini Salted Butter (500g),Ghee & Butter,Bengaluru,Apex Dairy Supplies Bengaluru,111,275,30525,Supermarket,UPI
16-08-2024,Nandini Shubham Milk (1L),Milk,Belagavi,North Karnataka Milk Center Belagavi,348,50,17400,Supermarket,Cash
16-08-2024,Nandini Pure Ghee (500ml),Ghee & Butter,Mangaluru,Coastal Cool Logistics Mangaluru,189,315,59535,Retail,Cash
16-08-2024,Nandini Homogenised Cow Milk (1L),Milk,Bengaluru,Apex Dairy Supplies Bengaluru,948,46,43608,Retail,UPI
17-08-2024,Nandini Set Curd (400g),Fresh Dairy,Bengaluru,Apex Dairy Supplies Bengaluru,300,40,12000,Institution,Cash
17-08-2024,Nandini Milk Peda (250g),Sweets,Hubballi,Kittur Distributors Hubballi,200,140,28000,Retail,UPI
17-08-2024,Nandini Flavoured Milk Badam (200ml),Beverages,Mysuru,Chamundi Agencies Mysuru,455,35,15925,Wholesale,UPI
17-08-2024,Nandini Pure Ghee (500ml),Ghee & Butter,Bengaluru,Apex Dairy Supplies Bengaluru,127,315,40005,Retail,Credit Card
17-08-2024,Nandini Shubham Milk (1L),Milk,Hubballi,Kittur Distributors Hubballi,347,50,17350,Retail,UPI
17-08-2024,Nandini Shubham Milk (1L),Milk,Shivamogga,Malnad Dairy Network Shivamogga,265,50,13250,Institution,Distributor Credit
17-08-2024,Nandini Spiced Buttermilk (200ml),Beverages,Mysuru,Chamundi Agencies Mysuru,911,12,10932,Retail,UPI
17-08-2024,Nandini Curd (500g),Fresh Dairy,Mangaluru,Coastal Cool Logistics Mangaluru,303,26,7878,Hotel / Restaurant,UPI
17-08-2024,Nandini Sweet Lassi (200ml),Beverages,Bengaluru,Apex Dairy Supplies Bengaluru,345,20,6900,Retail,UPI
17-08-2024,Nandini Pure Ghee (500ml),Ghee & Butter,Bengaluru,Apex Dairy Supplies Bengaluru,237,315,74655,Retail,UPI
17-08-2024,Nandini Unsalted Butter (500g),Ghee & Butter,Bengaluru,Apex Dairy Supplies Bengaluru,99,280,27720,Retail,Distributor Credit
17-08-2024,Nandini Homogenised Cow Milk (1L),Milk,Hubballi,Kittur Distributors Hubballi,447,46,20562,Retail,Credit Card
17-08-2024,Nandini Spiced Buttermilk (200ml),Beverages,Belagavi,North Karnataka Milk Center Belagavi,709,12,8508,Retail,UPI
17-08-2024,Nandini Flavoured Milk Badam (200ml),Beverages,Bengaluru,Apex Dairy Supplies Bengaluru,135,35,4725,Supermarket,UPI
18-08-2024,Nandini Pure Ghee (1L),Ghee & Butter,Mysuru,Chamundi Agencies Mysuru,311,610,189710,Institution,UPI
18-08-2024,Nandini Kulfi (50ml),Frozen,Bengaluru,Apex Dairy Supplies Bengaluru,396,25,9900,Wholesale,UPI
18-08-2024,Nandini Special Milk (1L),Milk,Shivamogga,Malnad Dairy Network Shivamogga,496,48,23808,Hotel / Restaurant,Credit Card
18-08-2024,Nandini Spiced Buttermilk (200ml),Beverages,Hubballi,Kittur Distributors Hubballi,886,12,10632,Hotel / Restaurant,UPI
18-08-2024,Nandini Milk Peda (250g),Sweets,Bengaluru,Apex Dairy Supplies Bengaluru,368,140,51520,Institution,UPI
18-08-2024,Nandini Samrudhi Milk (1L),Milk,Bengaluru,Apex Dairy Supplies Bengaluru,522,54,28188,Wholesale,Credit Card
19-08-2024,Nandini Unsalted Butter (500g),Ghee & Butter,Bengaluru,Apex Dairy Supplies Bengaluru,102,280,28560,Wholesale,Distributor Credit
19-08-2024,Nandini Gulab Jamun (1kg),Sweets,Bengaluru,Apex Dairy Supplies Bengaluru,166,260,43160,Retail,Net Banking
19-08-2024,Nandini Samrudhi Milk (1L),Milk,Mysuru,Chamundi Agencies Mysuru,173,54,9342,Retail,Net Banking
19-08-2024,Nandini Toned Milk (1L),Milk,Mangaluru,Coastal Cool Logistics Mangaluru,527,42,22134,Supermarket,UPI
19-08-2024,Nandini Milk Peda (250g),Sweets,Bengaluru,Apex Dairy Supplies Bengaluru,175,140,24500,Retail,Cash
19-08-2024,Nandini Sweet Lassi (200ml),Beverages,Bengaluru,Apex Dairy Supplies Bengaluru,648,20,12960,Retail,UPI
19-08-2024,Nandini Samrudhi Milk (1L),Milk,Bengaluru,Apex Dairy Supplies Bengaluru,286,54,15444,Retail,Distributor Credit
19-08-2024,Nandini Milk Peda (250g),Sweets,Belagavi,North Karnataka Milk Center Belagavi,172,140,24080,Retail,Cash
19-08-2024,Nandini Flavoured Milk Badam (200ml),Beverages,Hubballi,Kittur Distributors Hubballi,118,35,4130,Supermarket,UPI
19-08-2024,Nandini Kulfi (50ml),Frozen,Shivamogga,Malnad Dairy Network Shivamogga,150,25,3750,Retail,UPI
20-08-2024,Nandini Gulab Jamun (1kg),Sweets,Bengaluru,Apex Dairy Supplies Bengaluru,237,260,61620,Wholesale,UPI
20-08-2024,Nandini Fresh Paneer (200g),Fresh Dairy,Bengaluru,Apex Dairy Supplies Bengaluru,306,95,29070,Supermarket,Distributor Credit
20-08-2024,Nandini Salted Butter (500g),Ghee & Butter,Mysuru,Chamundi Agencies Mysuru,119,275,32725,Wholesale,UPI
20-08-2024,Nandini Special Milk (1L),Milk,Hubballi,Kittur Distributors Hubballi,286,48,13728,Retail,UPI
20-08-2024,Nandini Pure Ghee (500ml),Ghee & Butter,Shivamogga,Malnad Dairy Network Shivamogga,135,315,42525,Wholesale,UPI
20-08-2024,Nandini Shubham Milk (1L),Milk,Mysuru,Chamundi Agencies Mysuru,508,50,25400,Hotel / Restaurant,UPI
20-08-2024,Nandini Unsalted Butter (500g),Ghee & Butter,Mysuru,Chamundi Agencies Mysuru,96,280,26880,Retail,Credit Card
20-08-2024,Nandini Kulfi (50ml),Frozen,Bengaluru,Apex Dairy Supplies Bengaluru,145,25,3625,Retail,UPI
20-08-2024,Nandini Curd (500g),Fresh Dairy,Mysuru,Chamundi Agencies Mysuru,566,26,14716,Supermarket,Credit Card
20-08-2024,Nandini Homogenised Cow Milk (1L),Milk,Mysuru,Chamundi Agencies Mysuru,709,46,32614,Hotel / Restaurant,Net Banking
20-08-2024,Nandini Gulab Jamun (1kg),Sweets,Davanagere,Central Karnataka Traders Davanagere,87,260,22620,Retail,Distributor Credit
20-08-2024,Nandini Sweet Lassi (200ml),Beverages,Mangaluru,Coastal Cool Logistics Mangaluru,416,20,8320,Wholesale,UPI
20-08-2024,Nandini Salted Butter (500g),Ghee & Butter,Mangaluru,Coastal Cool Logistics Mangaluru,76,275,20900,Supermarket,
20-08-2024,Nandini Gulab Jamun (1kg),Sweets,Bengaluru,Apex Dairy Supplies Bengaluru,115,260,29900,Retail,Cash
21-08-2024,Nandini Unsalted Butter (500g),Ghee & Butter,Bengaluru,Apex Dairy Supplies Bengaluru,220,280,61600,Institution,Credit Card
21-08-2024,Nandini Pure Ghee (1L),Ghee & Butter,Bengaluru,Apex Dairy Supplies Bengaluru,95,610,57950,Retail,Cash
21-08-2024,Nandini Pure Ghee (1L),Ghee & Butter,Belagavi,North Karnataka Milk Center Belagavi,41,610,25010,Retail,UPI
21-08-2024,Nandini Cassata Ice Cream (150ml),Frozen,Davanagere,Central Karnataka Traders Davanagere,160,55,8800,Retail,UPI
21-08-2024,Nandini Toned Milk (1L),Milk,Bengaluru,Apex Dairy Supplies Bengaluru,1151,42,48342,Retail,UPI
21-08-2024,Nandini Toned Milk (1L),Milk,Belagavi,North Karnataka Milk Center Belagavi,557,42,23394,Retail,Cash
21-08-2024,Nandini Gulab Jamun (1kg),Sweets,Kalaburagi,Kalyana Karnataka Foods Kalaburagi,40,260,10400,Retail,Credit Card
21-08-2024,Nandini Milk Peda (250g),Sweets,Mysuru,Chamundi Agencies Mysuru,176,140,24640,Wholesale,Net Banking
21-08-2024,Nandini Toned Milk (1L),Milk,Bengaluru,Apex Dairy Supplies Bengaluru,1392,42,58464,Hotel / Restaurant,UPI
21-08-2024,Nandini Milk Peda (250g),Sweets,Bengaluru,Apex Dairy Supplies Bengaluru,319,140,44660,Retail,Cash
21-08-2024,Nandini Kulfi (50ml),Frozen,Belagavi,North Karnataka Milk Center Belagavi,259,25,6475,Supermarket,Cash
21-08-2024,Nandini Gulab Jamun (1kg),Sweets,Bengaluru,Apex Dairy Supplies Bengaluru,181,260,47060,Wholesale,Cash
21-08-2024,Nandini Homogenised Cow Milk (1L),Milk,Mysuru,Chamundi Agencies Mysuru,660,46,30360,Supermarket,Cash
22-08-2024,Nandini Mysore Pak (250g),Sweets,Hubballi,Kittur Distributors Hubballi,164,160,26240,Supermarket,Net Banking
22-08-2024,Nandini Curd (500g),Fresh Dairy,Bengaluru,Apex Dairy Supplies Bengaluru,881,26,22906,Retail,UPI
22-08-2024,Nandini Toned Milk (1L),Milk,Hubballi,Kittur Distributors Hubballi,407,42,17094,Retail,Net Banking
22-08-2024,Nandini Mysore Pak (250g),Sweets,Bengaluru,Apex Dairy Supplies Bengaluru,153,160,24480,Hotel / Restaurant,Distributor Credit
22-08-2024,Nandini Shubham Milk (1L),Milk,Ballari,Tungabhadra Dairy Logistics Ballari,339,50,16950,Wholesale,Net Banking
22-08-2024,Nandini Kulfi (50ml),Frozen,Mangaluru,Coastal Cool Logistics Mangaluru,101,25,2525,Retail,Net Banking
22-08-2024,Nandini Curd (500g),Fresh Dairy,Bengaluru,Apex Dairy Supplies Bengaluru,498,26,12948,Supermarket,Credit Card
22-08-2024,Nandini Fresh Paneer (200g),Fresh Dairy,Hubballi,Kittur Distributors Hubballi,159,95,15105,Retail,UPI
22-08-2024,Nandini Curd (500g),Fresh Dairy,Bengaluru,Apex Dairy Supplies Bengaluru,532,26,13832,Retail,UPI
22-08-2024,Nandini Toned Milk (1L),Milk,Bengaluru,Apex Dairy Supplies Bengaluru,479,42,20118,Supermarket,Cash
22-08-2024,Nandini Spiced Buttermilk (200ml),Beverages,Bengaluru,Apex Dairy Supplies Bengaluru,863,12,10356,Retail,UPI
22-08-2024,Nandini Homogenised Cow Milk (1L),Milk,Ballari,Tungabhadra Dairy Logistics Ballari,748,46,34408,Wholesale,Distributor Credit
22-08-2024,Nandini Set Curd (400g),Fresh Dairy,Belagavi,North Karnataka Milk Center Belagavi,104,40,4160,Retail,Net Banking
22-08-2024,Nandini Mysore Pak (250g),Sweets,Bengaluru,Apex Dairy Supplies Bengaluru,159,160,25440,Supermarket,Cash
22-08-2024,Nandini Flavoured Milk Badam (200ml),Beverages,Mysuru,Chamundi Agencies Mysuru,165,35,5775,Retail,Net Banking
22-08-2024,Nandini Curd (500g),Fresh Dairy,Mangaluru,Coastal Cool Logistics Mangaluru,412,26,10712,Supermarket,UPI
22-08-2024,Nandini Unsalted Butter (500g),Ghee & Butter,Hubballi,Kittur Distributors Hubballi,97,280,27160,Retail,UPI
22-08-2024,Nandini Curd (500g),Fresh Dairy,Hubballi,Kittur Distributors Hubballi,379,26,9854,Hotel / Restaurant,Net Banking
23-08-2024,Nandini Flavoured Milk Badam (200ml),Beverages,Shivamogga,Malnad Dairy Network Shivamogga,224,35,7840,Retail,Cash
23-08-2024,Nandini Set Curd (400g),Fresh Dairy,Hubballi,Kittur Distributors Hubballi,236,40,9440,Wholesale,Credit Card
23-08-2024,Nandini Curd (500g),Fresh Dairy,Bengaluru,Apex Dairy Supplies Bengaluru,524,26,13624,Supermarket,Distributor Credit
23-08-2024,Nandini Toned Milk (1L),Milk,Davanagere,Central Karnataka Traders Davanagere,864,42,36288,Retail,UPI
23-08-2024,Nandini Shubham Milk (1L),Milk,Belagavi,North Karnataka Milk Center Belagavi,232,50,11600,Supermarket,Cash
23-08-2024,Nandini Kulfi (50ml),Frozen,Davanagere,Central Karnataka Traders Davanagere,120,25,3000,Institution,UPI
23-08-2024,Nandini Unsalted Butter (500g),Ghee & Butter,Belagavi,North Karnataka Milk Center Belagavi,83,280,23240,Hotel / Restaurant,UPI
23-08-2024,Nandini Toned Milk (1L),Milk,Bengaluru,Apex Dairy Supplies Bengaluru,1085,42,45570,Supermarket,UPI
23-08-2024,Nandini Special Milk (1L),Milk,Kalaburagi,Kalyana Karnataka Foods Kalaburagi,222,48,10656,Retail,Distributor Credit
23-08-2024,Nandini Cassata Ice Cream (150ml),Frozen,Bengaluru,Apex Dairy Supplies Bengaluru,169,55,9295,Retail,UPI
23-08-2024,Nandini Flavoured Milk Badam (200ml),Beverages,Mangaluru,Coastal Cool Logistics Mangaluru,265,35,9275,Retail,UPI
23-08-2024,Nandini Toned Milk (1L),Milk,Hubballi,Kittur Distributors Hubballi,868,42,36456,Retail,UPI
23-08-2024,Nandini Samrudhi Milk (1L),Milk,mysuru ,Chamundi Agencies Mysuru,122,54,6588,Retail,Cash
23-08-2024,Nandini Pure Ghee (500ml),Ghee & Butter,Hubballi,Kittur Distributors Hubballi,97,315,30555,Retail,UPI
23-08-2024,Nandini Kulfi (50ml),Frozen,Bengaluru,Apex Dairy Supplies Bengaluru,137,25,3425,Supermarket,UPI
23-08-2024,Nandini Cassata Ice Cream (150ml),Frozen,Belagavi,North Karnataka Milk Center Belagavi,47,55,2585,Retail,Net Banking
23-08-2024,Nandini Pure Ghee (500ml),Ghee & Butter,Mangaluru,Coastal Cool Logistics Mangaluru,69,315,21735,Retail,UPI
23-08-2024,Nandini Mysore Pak (250g),Sweets,Bengaluru,Apex Dairy Supplies Bengaluru,375,160,60000,Hotel / Restaurant,Net Banking
23-08-2024,Nandini Kulfi (50ml),Frozen,Bengaluru,Apex Dairy Supplies Bengaluru,336,25,8400,Retail,UPI
23-08-2024,Nandini Fresh Paneer (200g),Fresh Dairy,Mysuru,Chamundi Agencies Mysuru,164,95,15580,Supermarket,Cash
24-08-2024,Nandini Spiced Buttermilk (200ml),Beverages,Bengaluru,Apex Dairy Supplies Bengaluru,945,12,11340,Retail,UPI
24-08-2024,Nandini Fresh Paneer (200g),Fresh Dairy,Ballari,Tungabhadra Dairy Logistics Ballari,401,95,38095,Wholesale,Cash
24-08-2024,Nandini Pure Ghee (500ml),Ghee & Butter,Bengaluru,Apex Dairy Supplies Bengaluru,255,315,80325,Retail,Net Banking
24-08-2024,Nandini Samrudhi Milk (1L),Milk,Davanagere,Central Karnataka Traders Davanagere,165,54,8910,Retail,UPI
24-08-2024,Nandini Cassata Ice Cream (150ml),Frozen,Mysuru,Chamundi Agencies Mysuru,232,55,12760,Institution,Cash
24-08-2024,Nandini Shubham Milk (1L),Milk,Mysuru,Chamundi Agencies Mysuru,460,50,23000,Hotel / Restaurant,Credit Card
24-08-2024,Nandini Milk Peda (250g),Sweets,Mangaluru,Coastal Cool Logistics Mangaluru,221,140,30940,Supermarket,Credit Card
24-08-2024,Nandini Samrudhi Milk (1L),Milk,Bengaluru,Apex Dairy Supplies Bengaluru,126,54,6804,Retail,Net Banking
24-08-2024,Nandini Gulab Jamun (1kg),Sweets,Mysuru,Chamundi Agencies Mysuru,125,260,32500,Retail,UPI
24-08-2024,Nandini Milk Peda (250g),Sweets,Bengaluru,Apex Dairy Supplies Bengaluru,446,140,62440,Institution,UPI
24-08-2024,Nandini Pure Ghee (500ml),Ghee & Butter,Bengaluru,Apex Dairy Supplies Bengaluru,185,315,58275,Supermarket,Net Banking
25-08-2024,Nandini Pure Ghee (500ml),Ghee & Butter,Hubballi,Kittur Distributors Hubballi,117,315,36855,Retail,Credit Card
25-08-2024,Nandini Kulfi (50ml),Frozen,Belagavi,North Karnataka Milk Center Belagavi,343,25,8575,Wholesale,Credit Card
25-08-2024,Nandini Toned Milk (1L),Milk,Mangaluru,Coastal Cool Logistics Mangaluru,430,42,18060,Retail,Cash
25-08-2024,Nandini Cassata Ice Cream (150ml),Frozen,Ballari,Tungabhadra Dairy Logistics Ballari,90,55,4950,Supermarket,UPI
25-08-2024,Nandini Salted Butter (500g),Ghee & Butter,Mysuru,Chamundi Agencies Mysuru,88,275,24200,Retail,UPI
25-08-2024,Nandini Cassata Ice Cream (150ml),Frozen,Shivamogga,Malnad Dairy Network Shivamogga,147,55,8085,Retail,UPI
25-08-2024,Nandini Sweet Lassi (200ml),Beverages,Mysuru,Chamundi Agencies Mysuru,445,20,8900,Supermarket,UPI
25-08-2024,Nandini Toned Milk (1L),Milk,Ballari,Tungabhadra Dairy Logistics Ballari,676,42,28392,Retail,Net Banking
25-08-2024,Nandini Homogenised Cow Milk (1L),Milk,Bengaluru,Apex Dairy Supplies Bengaluru,339,46,15594,Supermarket,UPI
25-08-2024,Nandini Pure Ghee (500ml),Ghee & Butter,Bengaluru,Apex Dairy Supplies Bengaluru,321,315,101115,Retail,Net Banking
25-08-2024,Nandini Mysore Pak (250g),Sweets,Kalaburagi,Kalyana Karnataka Foods Kalaburagi,171,160,27360,Supermarket,Distributor Credit
25-08-2024,Nandini Cassata Ice Cream (150ml),Frozen,Hubballi,Kittur Distributors Hubballi,143,55,7865,Retail,Net Banking
25-08-2024,Nandini Mysore Pak (250g),Sweets,Bengaluru,Apex Dairy Supplies Bengaluru,211,160,33760,Supermarket,UPI
25-08-2024,Nandini Toned Milk (1L),Milk,Mangaluru,Coastal Cool Logistics Mangaluru,908,42,38136,Institution,Net Banking
25-08-2024,Nandini Toned Milk (1L),Milk,Hubballi,Kittur Distributors Hubballi,688,42,28896,Hotel / Restaurant,UPI
26-08-2024,Nandini Gulab Jamun (1kg),Sweets,Shivamogga,Malnad Dairy Network Shivamogga,40,260,10400,Retail,Distributor Credit
26-08-2024,Nandini Mysore Pak (250g),Sweets,Bengaluru,Apex Dairy Supplies Bengaluru,201,160,32160,Hotel / Restaurant,UPI
26-08-2024,Nandini Sweet Lassi (200ml),Beverages,Davanagere,Central Karnataka Traders Davanagere,304,20,6080,Retail,UPI
26-08-2024,Nandini Shubham Milk (1L),Milk,Bengaluru,Apex Dairy Supplies Bengaluru,707,50,35350,Institution,UPI
26-08-2024,Nandini Spiced Buttermilk (200ml),Beverages,Bengaluru,Apex Dairy Supplies Bengaluru,1201,12,14412,Retail,Cash
26-08-2024,Nandini Set Curd (400g),Fresh Dairy,Mysuru,Chamundi Agencies Mysuru,136,40,5440,Hotel / Restaurant,Net Banking
26-08-2024,Nandini Flavoured Milk Badam (200ml),Beverages,Hubballi,Kittur Distributors Hubballi,136,35,4760,Supermarket,UPI
26-08-2024,Nandini Pure Ghee (1L),Ghee & Butter,Bengaluru,Apex Dairy Supplies Bengaluru,189,610,115290,Supermarket,Net Banking
26-08-2024,Nandini Gulab Jamun (1kg),Sweets,Mysuru,Chamundi Agencies Mysuru,253,260,65780,Wholesale,Credit Card
26-08-2024,Nandini Gulab Jamun (1kg),Sweets,Bengaluru,Apex Dairy Supplies Bengaluru,104,260,27040,Retail,UPI
26-08-2024,Nandini Samrudhi Milk (1L),Milk,Hubballi,Kittur Distributors Hubballi,325,54,17550,Wholesale,UPI
26-08-2024,Nandini Kulfi (50ml),Frozen,Tumakuru,Siddaganga Milk Express Tumakuru,265,25,6625,Wholesale,UPI
26-08-2024,Nandini Kulfi (50ml),Frozen,Belagavi,North Karnataka Milk Center Belagavi,266,25,6650,Retail,Net Banking
26-08-2024,Nandini Cassata Ice Cream (150ml),Frozen,Bengaluru,Apex Dairy Supplies Bengaluru,123,55,6765,Retail,UPI
27-08-2024,Nandini Cassata Ice Cream (150ml),Frozen,Bengaluru,Apex Dairy Supplies Bengaluru,305,55,16775,Hotel / Restaurant,UPI
27-08-2024,Nandini Gulab Jamun (1kg),Sweets,Bengaluru,Apex Dairy Supplies Bengaluru,138,260,35880,Supermarket,Cash
27-08-2024,Nandini Sweet Lassi (200ml),Beverages,Bengaluru,Apex Dairy Supplies Bengaluru,809,20,16180,Institution,Cash
27-08-2024,Nandini Flavoured Milk Badam (200ml),Beverages,Hubballi,Kittur Distributors Hubballi,248,35,8680,Supermarket,UPI
27-08-2024,Nandini Pure Ghee (1L),Ghee & Butter,Mysuru,Chamundi Agencies Mysuru,173,610,105530,Retail,UPI
27-08-2024,Nandini Fresh Paneer (200g),Fresh Dairy,Bengaluru,Apex Dairy Supplies Bengaluru,171,95,16245,Retail,Net Banking
27-08-2024,Nandini Spiced Buttermilk (200ml),Beverages,Bengaluru,Apex Dairy Supplies Bengaluru,447,12,5364,Retail,Net Banking
27-08-2024,Nandini Salted Butter (500g),Ghee & Butter,Hubballi,Kittur Distributors Hubballi,63,275,17325,Supermarket,Net Banking
27-08-2024,Nandini Mysore Pak (250g),Sweets,Shivamogga,Malnad Dairy Network Shivamogga,125,160,20000,Supermarket,UPI
28-08-2024,Nandini Milk Peda (250g),Sweets,Belagavi,North Karnataka Milk Center Belagavi,66,140,9240,Retail,UPI
28-08-2024,Nandini Gulab Jamun (1kg),Sweets,Mangaluru,Coastal Cool Logistics Mangaluru,117,260,30420,Retail,Net Banking
28-08-2024,Nandini Shubham Milk (1L),Milk,Mysuru,Chamundi Agencies Mysuru,297,50,14850,Retail,UPI
28-08-2024,Nandini Spiced Buttermilk (200ml),Beverages,Mangaluru,Coastal Cool Logistics Mangaluru,955,12,11460,Institution,Net Banking
28-08-2024,Nandini Homogenised Cow Milk (1L),Milk,Mysuru,Chamundi Agencies Mysuru,1183,46,54418,Wholesale,Cash
28-08-2024,Nandini Sweet Lassi (200ml),Beverages,Bengaluru,Apex Dairy Supplies Bengaluru,1079,20,21580,Wholesale,Credit Card
28-08-2024,Nandini Pure Ghee (500ml),Ghee & Butter,Kalaburagi,Kalyana Karnataka Foods Kalaburagi,186,315,58590,Retail,UPI
28-08-2024,Nandini Unsalted Butter (500g),Ghee & Butter,Bengaluru,Apex Dairy Supplies Bengaluru,103,280,28840,Retail,Cash
28-08-2024,Nandini Shubham Milk (1L),Milk,Bengaluru,Apex Dairy Supplies Bengaluru,401,50,20050,Supermarket,UPI
28-08-2024,Nandini Unsalted Butter (500g),Ghee & Butter,Mysuru,Chamundi Agencies Mysuru,196,280,54880,Wholesale,UPI
28-08-2024,Nandini Mysore Pak (250g),Sweets,Mangaluru,Coastal Cool Logistics Mangaluru,291,160,46560,Institution,UPI
28-08-2024,Nandini Unsalted Butter (500g),Ghee & Butter,Hubballi,Kittur Distributors Hubballi,161,280,45080,Wholesale,Net Banking
28-08-2024,Nandini Milk Peda (250g),Sweets,Hubballi,Kittur Distributors Hubballi,346,140,48440,Wholesale,Cash
29-08-2024,Nandini Samrudhi Milk (1L),Milk,Mangaluru,Coastal Cool Logistics Mangaluru,230,54,12420,Retail,UPI
29-08-2024,Nandini Homogenised Cow Milk (1L),Milk,Davanagere,Central Karnataka Traders Davanagere,580,46,26680,Retail,UPI
29-08-2024,Nandini Fresh Paneer (200g),Fresh Dairy,Belagavi,North Karnataka Milk Center Belagavi,230,95,21850,Wholesale,Net Banking
29-08-2024,Nandini Spiced Buttermilk (200ml),Beverages,Bengaluru,Apex Dairy Supplies Bengaluru,878,12,10536,Supermarket,Net Banking
29-08-2024,Nandini Special Milk (1L),Milk,Mangaluru,Coastal Cool Logistics Mangaluru,489,48,23472,Supermarket,Net Banking
29-08-2024,Nandini Pure Ghee (500ml),Ghee & Butter,Hubballi,Kittur Distributors Hubballi,196,315,61740,Retail,UPI
29-08-2024,Nandini Special Milk (1L),Milk,Bengaluru,Apex Dairy Supplies Bengaluru,792,48,38016,Institution,Cash
29-08-2024,Nandini Spiced Buttermilk (200ml),Beverages,Bengaluru,Apex Dairy Supplies Bengaluru,889,12,10668,Retail,Credit Card
29-08-2024,Nandini Special Milk (1L),Milk,Mysuru,Chamundi Agencies Mysuru,529,48,25392,Supermarket,Cash
29-08-2024,Nandini Flavoured Milk Badam (200ml),Beverages,Bengaluru,Apex Dairy Supplies Bengaluru,404,35,14140,Wholesale,Credit Card
29-08-2024,Nandini Toned Milk (1L),Milk,Mysuru,Chamundi Agencies Mysuru,791,42,33222,Supermarket,Distributor Credit
29-08-2024,Nandini Pure Ghee (500ml),Ghee & Butter,Mangaluru,Coastal Cool Logistics Mangaluru,182,315,57330,Wholesale,UPI
29-08-2024,Nandini Salted Butter (500g),Ghee & Butter,Mangaluru,Coastal Cool Logistics Mangaluru,55,275,15125,Retail,Cash
29-08-2024,Nandini Gulab Jamun (1kg),Sweets,Kalaburagi,Kalyana Karnataka Foods Kalaburagi,91,260,23660,Retail,UPI
29-08-2024,Nandini Shubham Milk (1L),Milk,Mangaluru,Coastal Cool Logistics Mangaluru,367,50,18350,Hotel / Restaurant,Cash
30-08-2024,Nandini Special Milk (1L),Milk,Bengaluru,Apex Dairy Supplies Bengaluru,315,48,15120,Retail,Cash
30-08-2024,Nandini Fresh Paneer (200g),Fresh Dairy,Mangaluru,Coastal Cool Logistics Mangaluru,419,95,39805,Wholesale,UPI
30-08-2024,Nandini Milk Peda (250g),Sweets,Bengaluru,Apex Dairy Supplies Bengaluru,185,140,25900,Retail,Credit Card
30-08-2024,Nandini Spiced Buttermilk (200ml),Beverages,Kalaburagi,Kalyana Karnataka Foods Kalaburagi,562,12,6744,Wholesale,Cash
30-08-2024,Nandini Cassata Ice Cream (150ml),Frozen,Bengaluru,Apex Dairy Supplies Bengaluru,207,55,11385,Supermarket,UPI
30-08-2024,Nandini Flavoured Milk Badam (200ml),Beverages,Bengaluru,Apex Dairy Supplies Bengaluru,181,35,6335,Hotel / Restaurant,Net Banking
30-08-2024,Nandini Pure Ghee (500ml),Ghee & Butter,Bengaluru,Apex Dairy Supplies Bengaluru,367,315,115605,Hotel / Restaurant,Net Banking
30-08-2024,Nandini Fresh Paneer (200g),Fresh Dairy,Tumakuru,Siddaganga Milk Express Tumakuru,365,95,34675,Wholesale,UPI
30-08-2024,Nandini Fresh Paneer (200g),Fresh Dairy,Bengaluru,Apex Dairy Supplies Bengaluru,156,95,14820,Institution,Cash
30-08-2024,Nandini Pure Ghee (1L),Ghee & Butter,Mysuru,Chamundi Agencies Mysuru,259,610,157990,Hotel / Restaurant,Cash
30-08-2024,Nandini Milk Peda (250g),Sweets,Bengaluru,Apex Dairy Supplies Bengaluru,168,140,23520,Supermarket,Credit Card
30-08-2024,Nandini Gulab Jamun (1kg),Sweets,Belagavi,North Karnataka Milk Center Belagavi,113,260,29380,Retail,UPI
30-08-2024,Nandini Milk Peda (250g),Sweets,Mysuru,Chamundi Agencies Mysuru,112,140,15680,Hotel / Restaurant,UPI
30-08-2024,Nandini Shubham Milk (1L),Milk,Bengaluru,Apex Dairy Supplies Bengaluru,397,50,19850,Retail,Credit Card
30-08-2024,Nandini Pure Ghee (500ml),Ghee & Butter,Davanagere,Central Karnataka Traders Davanagere,196,315,61740,Retail,Net Banking
30-08-2024,Nandini Cassata Ice Cream (150ml),Frozen,Shivamogga,Malnad Dairy Network Shivamogga,287,55,15785,Wholesale,UPI
30-08-2024,Nandini Mysore Pak (250g),Sweets,Bengaluru,Apex Dairy Supplies Bengaluru,97,160,15520,Hotel / Restaurant,Credit Card
31-08-2024,Nandini Fresh Paneer (200g),Fresh Dairy,Mysuru,Chamundi Agencies Mysuru,196,95,18620,Retail,Net Banking
31-08-2024,Nandini Toned Milk (1L),Milk,Bengaluru,Apex Dairy Supplies Bengaluru,643,42,27006,Retail,Credit Card
31-08-2024,Nandini Homogenised Cow Milk (1L),Milk,Hubballi,Kittur Distributors Hubballi,556,46,25576,Retail,UPI
31-08-2024,Nandini Mysore Pak (250g),Sweets,Bengaluru,Apex Dairy Supplies Bengaluru,376,160,60160,Hotel / Restaurant,UPI
31-08-2024,Nandini Gulab Jamun (1kg),Sweets,Bengaluru,Apex Dairy Supplies Bengaluru,85,260,22100,Retail,Cash
31-08-2024,Nandini Cassata Ice Cream (150ml),Frozen,Kalaburagi,Kalyana Karnataka Foods Kalaburagi,116,55,6380,Wholesale,Net Banking
31-08-2024,Nandini Fresh Paneer (200g),Fresh Dairy,Mysuru,Chamundi Agencies Mysuru,178,95,16910,Institution,Distributor Credit
31-08-2024,Nandini Gulab Jamun (1kg),Sweets,Bengaluru,Apex Dairy Supplies Bengaluru,153,260,39780,Retail,Net Banking
31-08-2024,Nandini Salted Butter (500g),Ghee & Butter,Mysuru,Chamundi Agencies Mysuru,199,275,54725,Retail,Credit Card
31-08-2024,Nandini Fresh Paneer (200g),Fresh Dairy,Mysuru,Chamundi Agencies Mysuru,114,95,10830,Retail,Net Banking
31-08-2024,Nandini Homogenised Cow Milk (1L),Milk,Bengaluru,Apex Dairy Supplies Bengaluru,345,46,15870,Retail,Distributor Credit
31-08-2024,Nandini Pure Ghee (1L),Ghee & Butter,Bengaluru,Apex Dairy Supplies Bengaluru,155,610,94550,Retail,UPI
31-08-2024,Nandini Fresh Paneer (200g),Fresh Dairy,Bengaluru,Apex Dairy Supplies Bengaluru,297,95,28215,Retail,UPI
31-08-2024,Nandini Spiced Buttermilk (200ml),Beverages,Bengaluru,Apex Dairy Supplies Bengaluru,625,12,7500,Retail,Credit Card
01-09-2024,Nandini Curd (500g),Fresh Dairy,Kalaburagi,Kalyana Karnataka Foods Kalaburagi,260,26,6760,Retail,Cash
01-09-2024,Nandini Homogenised Cow Milk (1L),Milk,Shivamogga,Malnad Dairy Network Shivamogga,491,46,22586,Retail,Credit Card
01-09-2024,Nandini Salted Butter (500g),Ghee & Butter,Bengaluru,Apex Dairy Supplies Bengaluru,133,275,36575,Supermarket,Cash
01-09-2024,Nandini Cassata Ice Cream (150ml),Frozen,Bengaluru,Apex Dairy Supplies Bengaluru,318,55,17490,Wholesale,UPI
01-09-2024,Nandini Pure Ghee (500ml),Ghee & Butter,Mysuru,Chamundi Agencies Mysuru,391,315,123165,Institution,Net Banking
01-09-2024,Nandini Spiced Buttermilk (200ml),Beverages,Hubballi,Kittur Distributors Hubballi,540,12,6480,Wholesale,Cash
01-09-2024,Nandini Shubham Milk (1L),Milk,Kalaburagi,Kalyana Karnataka Foods Kalaburagi,598,50,29900,Institution,UPI
01-09-2024,Nandini Set Curd (400g),Fresh Dairy,Bengaluru,Apex Dairy Supplies Bengaluru,107,40,4280,Hotel / Restaurant,UPI
01-09-2024,Nandini Samrudhi Milk (1L),Milk,Kalaburagi,Kalyana Karnataka Foods Kalaburagi,88,54,4752,Retail,UPI
01-09-2024,Nandini Pure Ghee (1L),Ghee & Butter,Hubballi,Kittur Distributors Hubballi,94,610,57340,Retail,Cash
01-09-2024,Nandini Homogenised Cow Milk (1L),Milk,Ballari,Tungabhadra Dairy Logistics Ballari,667,46,30682,Hotel / Restaurant,UPI
01-09-2024,Nandini Set Curd (400g),Fresh Dairy,Hubballi,Kittur Distributors Hubballi,184,40,7360,Wholesale,UPI
01-09-2024,Nandini Homogenised Cow Milk (1L),Milk,Belagavi,North Karnataka Milk Center Belagavi,605,46,27830,Wholesale,UPI
01-09-2024,Nandini Spiced Buttermilk (200ml),Beverages,Mangaluru,Coastal Cool Logistics Mangaluru,1021,12,12252,Wholesale,UPI
02-09-2024,Nandini Samrudhi Milk (1L),Milk,Mangaluru,Coastal Cool Logistics Mangaluru,183,54,9882,Wholesale,Distributor Credit
02-09-2024,Nandini Gulab Jamun (1kg),Sweets,Hubballi,Kittur Distributors Hubballi,97,260,25220,Hotel / Restaurant,Credit Card
02-09-2024,Nandini Salted Butter (500g),Ghee & Butter,Hubballi,Kittur Distributors Hubballi,154,275,42350,Retail,Credit Card
02-09-2024,Nandini Pure Ghee (1L),Ghee & Butter,Bengaluru,Apex Dairy Supplies Bengaluru,146,610,89060,Wholesale,Credit Card
02-09-2024,Nandini Toned Milk (1L),Milk,Mysuru,Chamundi Agencies Mysuru,1044,42,43848,Hotel / Restaurant,UPI
02-09-2024,Nandini Spiced Buttermilk (200ml),Beverages,Ballari,Tungabhadra Dairy Logistics Ballari,422,12,5064,Retail,Net Banking
02-09-2024,Nandini Spiced Buttermilk (200ml),Beverages,Mysuru,Chamundi Agencies Mysuru,647,12,7764,Supermarket,Distributor Credit
02-09-2024,Nandini Kulfi (50ml),Frozen,Kalaburagi,Kalyana Karnataka Foods Kalaburagi,128,25,3200,Hotel / Restaurant,UPI
02-09-2024,Nandini Salted Butter (500g),Ghee & Butter,Bengaluru,Apex Dairy Supplies Bengaluru,284,275,78100,Wholesale,Cash
02-09-2024,Nandini Unsalted Butter (500g),Ghee & Butter,Bengaluru,Apex Dairy Supplies Bengaluru,66,280,18480,Retail,UPI
02-09-2024,Nandini Toned Milk (1L),Milk,Shivamogga,Malnad Dairy Network Shivamogga,479,42,20118,Supermarket,UPI
02-09-2024,Nandini Toned Milk (1L),Milk,Bengaluru,Apex Dairy Supplies Bengaluru,1696,42,71232,Hotel / Restaurant,Cash
02-09-2024,Nandini Toned Milk (1L),Milk,Kalaburagi,Kalyana Karnataka Foods Kalaburagi,604,42,25368,Supermarket,Cash
03-09-2024,Nandini Spiced Buttermilk (200ml),Beverages,Bengaluru,Apex Dairy Supplies Bengaluru,1228,12,14736,Hotel / Restaurant,UPI
03-09-2024,Nandini Salted Butter (500g),Ghee & Butter,Bengaluru,Apex Dairy Supplies Bengaluru,219,275,60225,Retail,Net Banking
03-09-2024,Nandini Gulab Jamun (1kg),Sweets,Bengaluru,Apex Dairy Supplies Bengaluru,312,260,81120,Institution,UPI
03-09-2024,Nandini Kulfi (50ml),Frozen,Hubballi,Kittur Distributors Hubballi,240,25,6000,Hotel / Restaurant,Cash
03-09-2024,Nandini Set Curd (400g),Fresh Dairy,Mangaluru,Coastal Cool Logistics Mangaluru,117,40,4680,Retail,Cash
03-09-2024,Nandini Pure Ghee (500ml),Ghee & Butter,Bengaluru,Apex Dairy Supplies Bengaluru,253,315,79695,Retail,Cash
03-09-2024,Nandini Salted Butter (500g),Ghee & Butter,Bengaluru,Apex Dairy Supplies Bengaluru,102,275,28050,Retail,Cash
03-09-2024,Nandini Curd (500g),Fresh Dairy,Hubballi,Kittur Distributors Hubballi,218,26,5668,Retail,Cash
03-09-2024,Nandini Fresh Paneer (200g),Fresh Dairy,Bengaluru,Apex Dairy Supplies Bengaluru,279,95,26505,Supermarket,Net Banking
03-09-2024,Nandini Kulfi (50ml),Frozen,Bengaluru,Apex Dairy Supplies Bengaluru,163,25,4075,Retail,Credit Card
03-09-2024,Nandini Milk Peda (250g),Sweets,Bengaluru,Apex Dairy Supplies Bengaluru,137,140,19180,Retail,Distributor Credit
03-09-2024,Nandini Kulfi (50ml),Frozen,Belagavi,North Karnataka Milk Center Belagavi,216,25,5400,Retail,Net Banking
03-09-2024,Nandini Fresh Paneer (200g),Fresh Dairy,Mangaluru,Coastal Cool Logistics Mangaluru,212,95,20140,Retail,Cash
03-09-2024,Nandini Special Milk (1L),Milk,Bengaluru,Apex Dairy Supplies Bengaluru,624,48,29952,Retail,Credit Card
03-09-2024,Nandini Pure Ghee (500ml),Ghee & Butter,Mangaluru,Coastal Cool Logistics Mangaluru,94,315,29610,Retail,Net Banking
03-09-2024,Nandini Homogenised Cow Milk (1L),Milk,Bengaluru,Apex Dairy Supplies Bengaluru,361,46,16606,Retail,UPI
03-09-2024,Nandini Fresh Paneer (200g),Fresh Dairy,Davanagere,Central Karnataka Traders Davanagere,225,95,21375,Supermarket,UPI
03-09-2024,Nandini Spiced Buttermilk (200ml),Beverages,Kalaburagi,Kalyana Karnataka Foods Kalaburagi,1064,12,12768,Hotel / Restaurant,UPI
03-09-2024,Nandini Flavoured Milk Badam (200ml),Beverages,Bengaluru,Apex Dairy Supplies Bengaluru,357,35,12495,Wholesale,UPI
04-09-2024,Nandini Set Curd (400g),Fresh Dairy,Tumakuru,Siddaganga Milk Express Tumakuru,168,40,6720,Supermarket,UPI
04-09-2024,Nandini Samrudhi Milk (1L),Milk,Shivamogga,Malnad Dairy Network Shivamogga,144,54,7776,Retail,Net Banking
04-09-2024,Nandini Flavoured Milk Badam (200ml),Beverages,Bengaluru,Apex Dairy Supplies Bengaluru,242,35,8470,Institution,UPI
04-09-2024,Nandini Spiced Buttermilk (200ml),Beverages,Bengaluru,Apex Dairy Supplies Bengaluru,1386,12,16632,Wholesale,UPI
04-09-2024,Nandini Mysore Pak (250g),Sweets,Bengaluru,Apex Dairy Supplies Bengaluru,251,160,40160,Supermarket,Net Banking
04-09-2024,Nandini Special Milk (1L),Milk,Mysuru,Chamundi Agencies Mysuru,296,48,14208,Retail,UPI
04-09-2024,Nandini Sweet Lassi (200ml),Beverages,Mangaluru,Coastal Cool Logistics Mangaluru,283,20,5660,Institution,Credit Card
04-09-2024,Nandini Salted Butter (500g),Ghee & Butter,Kalaburagi,Kalyana Karnataka Foods Kalaburagi,171,275,47025,Supermarket,Net Banking
04-09-2024,Nandini Set Curd (400g),Fresh Dairy,Belagavi,North Karnataka Milk Center Belagavi,251,40,10040,Hotel / Restaurant,UPI
04-09-2024,Nandini Milk Peda (250g),Sweets,Bengaluru,Apex Dairy Supplies Bengaluru,185,140,25900,Supermarket,Cash
04-09-2024,Nandini Special Milk (1L),Milk,Belagavi,North Karnataka Milk Center Belagavi,429,48,20592,Hotel / Restaurant,Distributor Credit
04-09-2024,Nandini Flavoured Milk Badam (200ml),Beverages,Bengaluru,Apex Dairy Supplies Bengaluru,228,35,7980,Retail,Net Banking
04-09-2024,Nandini Special Milk (1L),Milk,Davanagere,Central Karnataka Traders Davanagere,471,48,22608,Retail,UPI
04-09-2024,Nandini Special Milk (1L),Milk,Bengaluru,Apex Dairy Supplies Bengaluru,633,48,30384,Supermarket,UPI
04-09-2024,Nandini Fresh Paneer (200g),Fresh Dairy,Shivamogga,Malnad Dairy Network Shivamogga,153,95,14535,Supermarket,Cash
04-09-2024,Nandini Pure Ghee (500ml),Ghee & Butter,Shivamogga,Malnad Dairy Network Shivamogga,135,315,42525,Supermarket,UPI
04-09-2024,Nandini Special Milk (1L),Milk,Mangaluru,Coastal Cool Logistics Mangaluru,534,48,25632,Retail,Distributor Credit
05-09-2024,Nandini Samrudhi Milk (1L),Milk,Bengaluru,Apex Dairy Supplies Bengaluru,196,54,10584,Retail,Credit Card
05-09-2024,Nandini Pure Ghee (500ml),Ghee & Butter,Bengaluru,Apex Dairy Supplies Bengaluru,240,315,75600,Supermarket,Net Banking
05-09-2024,Nandini Homogenised Cow Milk (1L),Milk,Belagavi,North Karnataka Milk Center Belagavi,260,46,11960,Retail,Cash
05-09-2024,Nandini Pure Ghee (1L),Ghee & Butter,Belagavi,North Karnataka Milk Center Belagavi,47,610,28670,Supermarket,UPI
05-09-2024,Nandini Samrudhi Milk (1L),Milk,mysuru ,Chamundi Agencies Mysuru,239,54,12906,Retail,UPI
05-09-2024,Nandini Homogenised Cow Milk (1L),Milk,Belagavi,North Karnataka Milk Center Belagavi,926,46,42596,Hotel / Restaurant,UPI
05-09-2024,Nandini Milk Peda (250g),Sweets,Mangaluru,Coastal Cool Logistics Mangaluru,160,140,22400,Retail,Credit Card
05-09-2024,Nandini Pure Ghee (1L),Ghee & Butter,Belagavi,North Karnataka Milk Center Belagavi,108,610,65880,Wholesale,Distributor Credit
05-09-2024,Nandini Fresh Paneer (200g),Fresh Dairy,Bengaluru,Apex Dairy Supplies Bengaluru,228,95,21660,Supermarket,Distributor Credit
05-09-2024,Nandini Special Milk (1L),Milk,Davanagere,Central Karnataka Traders Davanagere,276,48,13248,Retail,Cash
06-09-2024,Nandini Homogenised Cow Milk (1L),Milk,Davanagere,Central Karnataka Traders Davanagere,605,46,27830,Retail,Net Banking
06-09-2024,Nandini Curd (500g),Fresh Dairy,Mangaluru,Coastal Cool Logistics Mangaluru,490,26,12740,Retail,UPI
06-09-2024,Nandini Curd (500g),Fresh Dairy,Hubballi,Kittur Distributors Hubballi,545,26,14170,Supermarket,Credit Card
06-09-2024,Nandini Spiced Buttermilk (200ml),Beverages,Bengaluru,Apex Dairy Supplies Bengaluru,943,12,11316,Retail,Net Banking
06-09-2024,Nandini Cassata Ice Cream (150ml),Frozen,Kalaburagi,Kalyana Karnataka Foods Kalaburagi,37,55,2035,Supermarket,UPI
06-09-2024,Nandini Cassata Ice Cream (150ml),Frozen,Bengaluru,Apex Dairy Supplies Bengaluru,181,55,9955,Wholesale,Distributor Credit
06-09-2024,Nandini Sweet Lassi (200ml),Beverages,Belagavi,North Karnataka Milk Center Belagavi,408,20,8160,Institution,Net Banking
06-09-2024,Nandini Spiced Buttermilk (200ml),Beverages,Bengaluru,Apex Dairy Supplies Bengaluru,688,12,8256,Supermarket,UPI
06-09-2024,Nandini Unsalted Butter (500g),Ghee & Butter,Mysuru,Chamundi Agencies Mysuru,145,280,40600,Supermarket,UPI
06-09-2024,Nandini Set Curd (400g),Fresh Dairy,Belagavi,North Karnataka Milk Center Belagavi,78,40,3120,Retail,Cash
06-09-2024,Nandini Kulfi (50ml),Frozen,Hubballi,Kittur Distributors Hubballi,170,25,4250,Supermarket,Credit Card
06-09-2024,Nandini Cassata Ice Cream (150ml),Frozen,Bengaluru,Apex Dairy Supplies Bengaluru,249,55,13695,Wholesale,Credit Card
06-09-2024,Nandini Special Milk (1L),Milk,Mysuru,Chamundi Agencies Mysuru,280,48,13440,Supermarket,UPI
06-09-2024,Nandini Fresh Paneer (200g),Fresh Dairy,Tumakuru,Siddaganga Milk Express Tumakuru,113,95,10735,Hotel / Restaurant,Credit Card
06-09-2024,Nandini Sweet Lassi (200ml),Beverages,Mysuru,Chamundi Agencies Mysuru,223,20,4460,Supermarket,UPI
06-09-2024,Nandini Shubham Milk (1L),Milk,Mysuru,Chamundi Agencies Mysuru,341,50,17050,Hotel / Restaurant,Net Banking
06-09-2024,Nandini Cassata Ice Cream (150ml),Frozen,Bengaluru,Apex Dairy Supplies Bengaluru,73,55,4015,Retail,UPI
06-09-2024,Nandini Milk Peda (250g),Sweets,Bengaluru,Apex Dairy Supplies Bengaluru,109,140,15260,Supermarket,UPI
07-09-2024,Nandini Pure Ghee (1L),Ghee & Butter,Bengaluru,Apex Dairy Supplies Bengaluru,296,610,180560,Hotel / Restaurant,Cash
07-09-2024,Nandini Gulab Jamun (1kg),Sweets,Bengaluru,Apex Dairy Supplies Bengaluru,108,260,28080,Retail,UPI
07-09-2024,Nandini Gulab Jamun (1kg),Sweets,Belagavi,North Karnataka Milk Center Belagavi,89,260,23140,Wholesale,Net Banking
07-09-2024,Nandini Special Milk (1L),Milk,Bengaluru,Apex Dairy Supplies Bengaluru,984,48,47232,Wholesale,Net Banking
07-09-2024,Nandini Cassata Ice Cream (150ml),Frozen,Bengaluru,Apex Dairy Supplies Bengaluru,108,55,5940,Supermarket,UPI
07-09-2024,Nandini Special Milk (1L),Milk,Hubballi,Kittur Distributors Hubballi,256,48,12288,Retail,Cash
07-09-2024,Nandini Flavoured Milk Badam (200ml),Beverages,Hubballi,Kittur Distributors Hubballi,248,35,8680,Retail,UPI
07-09-2024,Nandini Spiced Buttermilk (200ml),Beverages,Mangaluru,Coastal Cool Logistics Mangaluru,443,12,5316,Supermarket,UPI
07-09-2024,Nandini Flavoured Milk Badam (200ml),Beverages,Belagavi,North Karnataka Milk Center Belagavi,308,35,10780,Hotel / Restaurant,Net Banking
07-09-2024,Nandini Pure Ghee (1L),Ghee & Butter,Belagavi,North Karnataka Milk Center Belagavi,148,610,90280,Retail,UPI
07-09-2024,Nandini Special Milk (1L),Milk,Hubballi,Kittur Distributors Hubballi,473,48,22704,Retail,UPI
07-09-2024,Nandini Pure Ghee (1L),Ghee & Butter,Ballari,Tungabhadra Dairy Logistics Ballari,125,610,76250,Retail,Cash
07-09-2024,Nandini Kulfi (50ml),Frozen,Shivamogga,Malnad Dairy Network Shivamogga,144,25,3600,Retail,Cash
07-09-2024,Nandini Cassata Ice Cream (150ml),Frozen,Bengaluru,Apex Dairy Supplies Bengaluru,98,55,5390,Retail,Net Banking
08-09-2024,Nandini Mysore Pak (250g),Sweets,Ballari,Tungabhadra Dairy Logistics Ballari,165,160,26400,Retail,UPI
08-09-2024,Nandini Pure Ghee (1L),Ghee & Butter,Bengaluru,Apex Dairy Supplies Bengaluru,46,610,28060,Retail,UPI
08-09-2024,Nandini Gulab Jamun (1kg),Sweets,Bengaluru,Apex Dairy Supplies Bengaluru,201,260,52260,Retail,Net Banking
08-09-2024,Nandini Salted Butter (500g),Ghee & Butter,Mysuru,Chamundi Agencies Mysuru,216,275,59400,,Credit Card
08-09-2024,Nandini Milk Peda (250g),Sweets,Bengaluru,Apex Dairy Supplies Bengaluru,440,140,61600,Hotel / Restaurant,UPI
08-09-2024,Nandini Pure Ghee (500ml),Ghee & Butter,Tumakuru,Siddaganga Milk Express Tumakuru,169,315,53235,Retail,Net Banking
08-09-2024,Nandini Pure Ghee (500ml),Ghee & Butter,Bengaluru,Apex Dairy Supplies Bengaluru,94,315,29610,Retail,Credit Card
08-09-2024,Nandini Cassata Ice Cream (150ml),Frozen,Mysuru,Chamundi Agencies Mysuru,204,55,11220,Wholesale,Net Banking
08-09-2024,Nandini Kulfi (50ml),Frozen,Bengaluru,Apex Dairy Supplies Bengaluru,204,25,5100,Supermarket,Net Banking
08-09-2024,Nandini Fresh Paneer (200g),Fresh Dairy,Davanagere,Central Karnataka Traders Davanagere,233,95,22135,Wholesale,UPI
08-09-2024,Nandini Pure Ghee (500ml),Ghee & Butter,Bengaluru,Apex Dairy Supplies Bengaluru,123,315,38745,Retail,UPI
08-09-2024,Nandini Cassata Ice Cream (150ml),Frozen,Mangaluru,Coastal Cool Logistics Mangaluru,320,55,17600,Wholesale,UPI
08-09-2024,Nandini Spiced Buttermilk (200ml),Beverages,Bengaluru,Apex Dairy Supplies Bengaluru,666,12,7992,Retail,Distributor Credit
08-09-2024,Nandini Samrudhi Milk (1L),Milk,Mangaluru,Coastal Cool Logistics Mangaluru,106,54,5724,Retail,UPI
08-09-2024,Nandini Milk Peda (250g),Sweets,Bengaluru,Apex Dairy Supplies Bengaluru,292,140,40880,Supermarket,Credit Card
08-09-2024,Nandini Unsalted Butter (500g),Ghee & Butter,Bengaluru,Apex Dairy Supplies Bengaluru,49,280,13720,Supermarket,Net Banking
09-09-2024,Nandini Curd (500g),Fresh Dairy,Bengaluru,Apex Dairy Supplies Bengaluru,499,26,12974,Retail,UPI
09-09-2024,Nandini Curd (500g),Fresh Dairy,Hubballi,Kittur Distributors Hubballi,439,26,11414,Retail,UPI
09-09-2024,Nandini Pure Ghee (1L),Ghee & Butter,Davanagere,Central Karnataka Traders Davanagere,154,610,93940,Retail,Cash
09-09-2024,Nandini Kulfi (50ml),Frozen,Bengaluru,Apex Dairy Supplies Bengaluru,319,25,7975,Supermarket,UPI
09-09-2024,Nandini Set Curd (400g),Fresh Dairy,Hubballi,Kittur Distributors Hubballi,136,40,5440,Retail,Cash
09-09-2024,Nandini Spiced Buttermilk (200ml),Beverages,Bengaluru,Apex Dairy Supplies Bengaluru,899,12,10788,Retail,Cash
09-09-2024,Nandini Pure Ghee (500ml),Ghee & Butter,Bengaluru,Apex Dairy Supplies Bengaluru,148,315,46620,Retail,UPI
09-09-2024,Nandini Unsalted Butter (500g),Ghee & Butter,Bengaluru,Apex Dairy Supplies Bengaluru,126,280,35280,Hotel / Restaurant,UPI
09-09-2024,Nandini Unsalted Butter (500g),Ghee & Butter,Belagavi,North Karnataka Milk Center Belagavi,52,280,14560,Retail,Credit Card
09-09-2024,Nandini Kulfi (50ml),Frozen,Belagavi,North Karnataka Milk Center Belagavi,96,25,2400,Retail,Distributor Credit
09-09-2024,Nandini Sweet Lassi (200ml),Beverages,Ballari,Tungabhadra Dairy Logistics Ballari,331,20,6620,Retail,UPI
10-09-2024,Nandini Sweet Lassi (200ml),Beverages,Bengaluru,Apex Dairy Supplies Bengaluru,440,20,8800,Supermarket,UPI
10-09-2024,Nandini Set Curd (400g),Fresh Dairy,Mysuru,Chamundi Agencies Mysuru,226,40,9040,Supermarket,UPI
10-09-2024,Nandini Pure Ghee (1L),Ghee & Butter,Bengaluru,Apex Dairy Supplies Bengaluru,209,610,127490,Supermarket,Net Banking
10-09-2024,Nandini Curd (500g),Fresh Dairy,Bengaluru,Apex Dairy Supplies Bengaluru,385,26,10010,Retail,Net Banking
10-09-2024,Nandini Salted Butter (500g),Ghee & Butter,Mysuru,Chamundi Agencies Mysuru,348,275,95700,Wholesale,UPI
10-09-2024,Nandini Fresh Paneer (200g),Fresh Dairy,Kalaburagi,Kalyana Karnataka Foods Kalaburagi,155,95,14725,Retail,Cash
10-09-2024,Nandini Pure Ghee (500ml),Ghee & Butter,Mysuru,Chamundi Agencies Mysuru,110,315,34650,Retail,UPI
10-09-2024,Nandini Fresh Paneer (200g),Fresh Dairy,Mangaluru,Coastal Cool Logistics Mangaluru,153,95,14535,Hotel / Restaurant,UPI
10-09-2024,Nandini Curd (500g),Fresh Dairy,Hubballi,Kittur Distributors Hubballi,399,26,10374,Retail,Net Banking
10-09-2024,Nandini Unsalted Butter (500g),Ghee & Butter,Hubballi,Kittur Distributors Hubballi,117,280,32760,Retail,UPI
10-09-2024,Nandini Cassata Ice Cream (150ml),Frozen,Mysuru,Chamundi Agencies Mysuru,225,55,12375,Institution,Credit Card
10-09-2024,Nandini Salted Butter (500g),Ghee & Butter,Mangaluru,Coastal Cool Logistics Mangaluru,57,275,15675,Supermarket,UPI
10-09-2024,Nandini Salted Butter (500g),Ghee & Butter,Mangaluru,Coastal Cool Logistics Mangaluru,121,275,33275,Retail,Cash
10-09-2024,Nandini Toned Milk (1L),Milk,Mysuru,Chamundi Agencies Mysuru,1487,42,62454,Hotel / Restaurant,Credit Card
10-09-2024,Nandini Shubham Milk (1L),Milk,Bengaluru,Apex Dairy Supplies Bengaluru,311,50,15550,Supermarket,Credit Card
10-09-2024,Nandini Mysore Pak (250g),Sweets,Bengaluru,Apex Dairy Supplies Bengaluru,184,160,29440,Supermarket,Cash
11-09-2024,Nandini Special Milk (1L),Milk,Bengaluru,Apex Dairy Supplies Bengaluru,360,48,17280,Retail,UPI
11-09-2024,Nandini Fresh Paneer (200g),Fresh Dairy,Bengaluru,Apex Dairy Supplies Bengaluru,236,95,22420,Hotel / Restaurant,Distributor Credit
11-09-2024,Nandini Samrudhi Milk (1L),Milk,Bengaluru,Apex Dairy Supplies Bengaluru,141,54,7614,Retail,UPI
11-09-2024,Nandini Gulab Jamun (1kg),Sweets,Mysuru,Chamundi Agencies Mysuru,121,260,31460,Retail,UPI
11-09-2024,Nandini Fresh Paneer (200g),Fresh Dairy,Bengaluru,Apex Dairy Supplies Bengaluru,438,95,41610,Hotel / Restaurant,Distributor Credit
11-09-2024,Nandini Sweet Lassi (200ml),Beverages,Tumakuru,Siddaganga Milk Express Tumakuru,185,20,3700,Supermarket,UPI
11-09-2024,Nandini Special Milk (1L),Milk,Bengaluru,Apex Dairy Supplies Bengaluru,360,48,17280,Retail,Net Banking
11-09-2024,Nandini Sweet Lassi (200ml),Beverages,Bengaluru,Apex Dairy Supplies Bengaluru,611,20,12220,Retail,Cash
11-09-2024,Nandini Shubham Milk (1L),Milk,Belagavi,North Karnataka Milk Center Belagavi,683,50,34150,Wholesale,Cash
11-09-2024,Nandini Mysore Pak (250g),Sweets,Bengaluru,Apex Dairy Supplies Bengaluru,332,160,53120,Wholesale,Distributor Credit
11-09-2024,Nandini Kulfi (50ml),Frozen,Belagavi,North Karnataka Milk Center Belagavi,346,25,8650,Wholesale,Net Banking
11-09-2024,Nandini Flavoured Milk Badam (200ml),Beverages,Mysuru,Chamundi Agencies Mysuru,262,35,9170,Retail,Credit Card
12-09-2024,Nandini Homogenised Cow Milk (1L),Milk,Hubballi,Kittur Distributors Hubballi,370,46,17020,Retail,UPI
12-09-2024,Nandini Toned Milk (1L),Milk,Hubballi,Kittur Distributors Hubballi,952,42,39984,Supermarket,Cash
12-09-2024,Nandini Unsalted Butter (500g),Ghee & Butter,Tumakuru,Siddaganga Milk Express Tumakuru,189,280,52920,Hotel / Restaurant,Net Banking
12-09-2024,Nandini Milk Peda (250g),Sweets,Bengaluru,Apex Dairy Supplies Bengaluru,402,140,56280,Wholesale,Cash
12-09-2024,Nandini Unsalted Butter (500g),Ghee & Butter,Tumakuru,Siddaganga Milk Express Tumakuru,33,280,9240,Retail,Credit Card
12-09-2024,Nandini Unsalted Butter (500g),Ghee & Butter,Hubballi,Kittur Distributors Hubballi,30,280,8400,Retail,UPI
12-09-2024,Nandini Kulfi (50ml),Frozen,Bengaluru,Apex Dairy Supplies Bengaluru,280,25,7000,Retail,Cash
12-09-2024,Nandini Spiced Buttermilk (200ml),Beverages,Davanagere,Central Karnataka Traders Davanagere,1030,12,12360,Hotel / Restaurant,UPI
12-09-2024,Nandini Spiced Buttermilk (200ml),Beverages,Mangaluru,Coastal Cool Logistics Mangaluru,688,12,8256,Wholesale,Credit Card
12-09-2024,Nandini Unsalted Butter (500g),Ghee & Butter,Mangaluru,Coastal Cool Logistics Mangaluru,117,280,32760,Retail,UPI
12-09-2024,Nandini Samrudhi Milk (1L),Milk,Shivamogga,Malnad Dairy Network Shivamogga,361,54,19494,Wholesale,Net Banking
12-09-2024,Nandini Flavoured Milk Badam (200ml),Beverages,Davanagere,Central Karnataka Traders Davanagere,174,35,6090,Supermarket,Cash
12-09-2024,Nandini Spiced Buttermilk (200ml),Beverages,Bengaluru,Apex Dairy Supplies Bengaluru,1008,12,12096,Retail,UPI
12-09-2024,Nandini Sweet Lassi (200ml),Beverages,Bengaluru,Apex Dairy Supplies Bengaluru,473,20,9460,Retail,Distributor Credit
12-09-2024,Nandini Set Curd (400g),Fresh Dairy,Ballari,Tungabhadra Dairy Logistics Ballari,152,40,6080,Retail,Net Banking
12-09-2024,Nandini Kulfi (50ml),Frozen,Mysuru,Chamundi Agencies Mysuru,172,25,4300,Retail,UPI
12-09-2024,Nandini Pure Ghee (1L),Ghee & Butter,Bengaluru,Apex Dairy Supplies Bengaluru,182,610,111020,Hotel / Restaurant,UPI
12-09-2024,Nandini Fresh Paneer (200g),Fresh Dairy,Mysuru,Chamundi Agencies Mysuru,104,95,9880,Retail,Distributor Credit
12-09-2024,Nandini Sweet Lassi (200ml),Beverages,Bengaluru,Apex Dairy Supplies Bengaluru,590,20,11800,Supermarket,Net Banking
13-09-2024,Nandini Homogenised Cow Milk (1L),Milk,Bengaluru,Apex Dairy Supplies Bengaluru,667,46,30682,Retail,Credit Card
13-09-2024,Nandini Samrudhi Milk (1L),Milk,Mysuru,Chamundi Agencies Mysuru,146,54,7884,Supermarket,UPI
13-09-2024,Nandini Kulfi (50ml),Frozen,Bengaluru,Apex Dairy Supplies Bengaluru,290,25,7250,Supermarket,UPI
13-09-2024,Nandini Special Milk (1L),Milk,Mysuru,Chamundi Agencies Mysuru,476,48,22848,Hotel / Restaurant,UPI
13-09-2024,Nandini Pure Ghee (1L),Ghee & Butter,Belagavi,North Karnataka Milk Center Belagavi,138,610,84180,Retail,UPI
13-09-2024,Nandini Pure Ghee (500ml),Ghee & Butter,Belagavi,North Karnataka Milk Center Belagavi,89,315,28035,Retail,UPI
13-09-2024,Nandini Set Curd (400g),Fresh Dairy,Belagavi,North Karnataka Milk Center Belagavi,149,40,5960,Retail,UPI
13-09-2024,Nandini Samrudhi Milk (1L),Milk,Bengaluru,Apex Dairy Supplies Bengaluru,411,54,22194,Wholesale,Credit Card
13-09-2024,Nandini Gulab Jamun (1kg),Sweets,Davanagere,Central Karnataka Traders Davanagere,132,260,34320,Hotel / Restaurant,Credit Card
13-09-2024,Nandini Kulfi (50ml),Frozen,Bengaluru,Apex Dairy Supplies Bengaluru,198,25,4950,Retail,UPI
13-09-2024,Nandini Curd (500g),Fresh Dairy,Bengaluru,Apex Dairy Supplies Bengaluru,720,26,18720,Retail,Credit Card
14-09-2024,Nandini Sweet Lassi (200ml),Beverages,Bengaluru,Apex Dairy Supplies Bengaluru,632,20,12640,Retail,Cash
14-09-2024,Nandini Special Milk (1L),Milk,Belagavi,North Karnataka Milk Center Belagavi,423,48,20304,Supermarket,Credit Card
14-09-2024,Nandini Flavoured Milk Badam (200ml),Beverages,Mysuru,Chamundi Agencies Mysuru,245,35,8575,Retail,UPI
14-09-2024,Nandini Unsalted Butter (500g),Ghee & Butter,Bengaluru,Apex Dairy Supplies Bengaluru,161,280,45080,Wholesale,Credit Card
14-09-2024,Nandini Special Milk (1L),Milk,Bengaluru,Apex Dairy Supplies Bengaluru,506,48,24288,Retail,Net Banking
14-09-2024,Nandini Toned Milk (1L),Milk,Hubballi,Kittur Distributors Hubballi,660,42,27720,Retail,Cash
14-09-2024,Nandini Curd (500g),Fresh Dairy,Kalaburagi,Kalyana Karnataka Foods Kalaburagi,495,26,12870,Retail,Distributor Credit
14-09-2024,Nandini Homogenised Cow Milk (1L),Milk,Hubballi,Kittur Distributors Hubballi,649,46,29854,Retail,UPI
14-09-2024,Nandini Cassata Ice Cream (150ml),Frozen,Shivamogga,Malnad Dairy Network Shivamogga,240,55,13200,Wholesale,Credit Card
14-09-2024,Nandini Cassata Ice Cream (150ml),Frozen,Shivamogga,Malnad Dairy Network Shivamogga,91,55,5005,Retail,UPI
14-09-2024,Nandini Spiced Buttermilk (200ml),Beverages,Mysuru,Chamundi Agencies Mysuru,1454,12,17448,Wholesale,Cash
14-09-2024,Nandini Special Milk (1L),Milk,Mysuru,Chamundi Agencies Mysuru,490,48,23520,Retail,UPI
14-09-2024,Nandini Pure Ghee (1L),Ghee & Butter,Bengaluru,Apex Dairy Supplies Bengaluru,72,610,43920,Retail,UPI
14-09-2024,Nandini Homogenised Cow Milk (1L),Milk,Mangaluru,Coastal Cool Logistics Mangaluru,363,46,16698,Retail,Credit Card
14-09-2024,Nandini Special Milk (1L),Milk,Belagavi,North Karnataka Milk Center Belagavi,446,48,21408,Supermarket,Net Banking
14-09-2024,Nandini Special Milk (1L),Milk,Kalaburagi,Kalyana Karnataka Foods Kalaburagi,464,48,22272,Supermarket,Net Banking
14-09-2024,Nandini Flavoured Milk Badam (200ml),Beverages,Mysuru,Chamundi Agencies Mysuru,538,35,18830,Wholesale,UPI
15-09-2024,Nandini Fresh Paneer (200g),Fresh Dairy,Mysuru,Chamundi Agencies Mysuru,131,95,12445,Retail,Cash
15-09-2024,Nandini Shubham Milk (1L),Milk,Mysuru,Chamundi Agencies Mysuru,138,50,6900,Retail,Net Banking
15-09-2024,Nandini Spiced Buttermilk (200ml),Beverages,Bengaluru,Apex Dairy Supplies Bengaluru,850,12,10200,Retail,UPI
15-09-2024,Nandini Shubham Milk (1L),Milk,Hubballi,Kittur Distributors Hubballi,145,50,7250,Supermarket,Cash
15-09-2024,Nandini Flavoured Milk Badam (200ml),Beverages,Bengaluru,Apex Dairy Supplies Bengaluru,310,35,10850,Supermarket,Distributor Credit
15-09-2024,Nandini Shubham Milk (1L),Milk,Mysuru,Chamundi Agencies Mysuru,279,50,13950,Retail,UPI
15-09-2024,Nandini Flavoured Milk Badam (200ml),Beverages,Ballari,Tungabhadra Dairy Logistics Ballari,440,35,15400,Institution,Net Banking
15-09-2024,Nandini Mysore Pak (250g),Sweets,Bengaluru,Apex Dairy Supplies Bengaluru,114,160,18240,Retail,Net Banking
15-09-2024,Nandini Pure Ghee (500ml),Ghee & Butter,Bengaluru,Apex Dairy Supplies Bengaluru,395,315,124425,Institution,Net Banking
15-09-2024,Nandini Sweet Lassi (200ml),Beverages,Mangaluru,Coastal Cool Logistics Mangaluru,275,20,5500,Retail,Net Banking
15-09-2024,Nandini Toned Milk (1L),Milk,Mysuru,Chamundi Agencies Mysuru,524,42,22008,Retail,Net Banking
15-09-2024,Nandini Homogenised Cow Milk (1L),Milk,Kalaburagi,Kalyana Karnataka Foods Kalaburagi,675,46,31050,Retail,Cash
16-09-2024,Nandini Milk Peda (250g),Sweets,Belagavi,North Karnataka Milk Center Belagavi,178,140,24920,Retail,Credit Card
16-09-2024,Nandini Pure Ghee (500ml),Ghee & Butter,Bengaluru,Apex Dairy Supplies Bengaluru,298,315,93870,Wholesale,UPI
16-09-2024,Nandini Fresh Paneer (200g),Fresh Dairy,Bengaluru,Apex Dairy Supplies Bengaluru,159,95,15105,Retail,UPI
16-09-2024,Nandini Sweet Lassi (200ml),Beverages,Bengaluru,Apex Dairy Supplies Bengaluru,689,20,13780,Hotel / Restaurant,Distributor Credit
16-09-2024,Nandini Flavoured Milk Badam (200ml),Beverages,Bengaluru,Apex Dairy Supplies Bengaluru,437,35,15295,Hotel / Restaurant,Cash
16-09-2024,Nandini Shubham Milk (1L),Milk,Mysuru,Chamundi Agencies Mysuru,209,50,10450,Supermarket,UPI
16-09-2024,Nandini Milk Peda (250g),Sweets,Belagavi,North Karnataka Milk Center Belagavi,112,140,15680,Retail,UPI
16-09-2024,Nandini Milk Peda (250g),Sweets,Mysuru,Chamundi Agencies Mysuru,85,140,11900,Retail,UPI
16-09-2024,Nandini Salted Butter (500g),Ghee & Butter,Bengaluru,Apex Dairy Supplies Bengaluru,236,275,64900,Institution,UPI
16-09-2024,Nandini Gulab Jamun (1kg),Sweets,Mangaluru,Coastal Cool Logistics Mangaluru,61,260,15860,Retail,Cash
16-09-2024,Nandini Salted Butter (500g),Ghee & Butter,Shivamogga,Malnad Dairy Network Shivamogga,122,275,33550,Retail,Cash
17-09-2024,Nandini Unsalted Butter (500g),Ghee & Butter,Hubballi,Kittur Distributors Hubballi,96,280,26880,Retail,UPI
17-09-2024,Nandini Unsalted Butter (500g),Ghee & Butter,Mysuru,Chamundi Agencies Mysuru,140,280,39200,Retail,UPI
17-09-2024,Nandini Salted Butter (500g),Ghee & Butter,Bengaluru,Apex Dairy Supplies Bengaluru,367,275,100925,Wholesale,UPI
17-09-2024,Nandini Toned Milk (1L),Milk,Bengaluru,Apex Dairy Supplies Bengaluru,1838,42,77196,Wholesale,UPI
17-09-2024,Nandini Milk Peda (250g),Sweets,Belagavi,North Karnataka Milk Center Belagavi,139,140,19460,Supermarket,Credit Card
17-09-2024,Nandini Set Curd (400g),Fresh Dairy,Belagavi,North Karnataka Milk Center Belagavi,184,40,7360,Hotel / Restaurant,
17-09-2024,Nandini Curd (500g),Fresh Dairy,Bengaluru,Apex Dairy Supplies Bengaluru,540,26,14040,Retail,UPI
17-09-2024,Nandini Pure Ghee (500ml),Ghee & Butter,Mysuru,Chamundi Agencies Mysuru,91,315,28665,Supermarket,Net Banking
17-09-2024,Nandini Curd (500g),Fresh Dairy,Shivamogga,Malnad Dairy Network Shivamogga,602,26,15652,Hotel / Restaurant,Net Banking
17-09-2024,Nandini Gulab Jamun (1kg),Sweets,Hubballi,Kittur Distributors Hubballi,166,260,43160,Hotel / Restaurant,Net Banking
17-09-2024,Nandini Unsalted Butter (500g),Ghee & Butter,Shivamogga,Malnad Dairy Network Shivamogga,102,280,28560,Retail,Cash
18-09-2024,Nandini Cassata Ice Cream (150ml),Frozen,Mysuru,Chamundi Agencies Mysuru,62,55,3410,Supermarket,UPI
18-09-2024,Nandini Shubham Milk (1L),Milk,Bengaluru,Apex Dairy Supplies Bengaluru,333,50,16650,Supermarket,UPI
18-09-2024,Nandini Set Curd (400g),Fresh Dairy,Mysuru,Chamundi Agencies Mysuru,177,40,7080,Wholesale,UPI
18-09-2024,Nandini Pure Ghee (1L),Ghee & Butter,Ballari,Tungabhadra Dairy Logistics Ballari,130,610,79300,Retail,Credit Card
18-09-2024,Nandini Salted Butter (500g),Ghee & Butter,Hubballi,Kittur Distributors Hubballi,77,275,21175,Retail,Cash
18-09-2024,Nandini Salted Butter (500g),Ghee & Butter,Bengaluru,Apex Dairy Supplies Bengaluru,140,275,38500,Supermarket,Credit Card
18-09-2024,Nandini Set Curd (400g),Fresh Dairy,Bengaluru,Apex Dairy Supplies Bengaluru,78,40,3120,Retail,Cash
18-09-2024,Nandini Shubham Milk (1L),Milk,Bengaluru,Apex Dairy Supplies Bengaluru,480,50,24000,Retail,Distributor Credit
18-09-2024,Nandini Flavoured Milk Badam (200ml),Beverages,Bengaluru,Apex Dairy Supplies Bengaluru,524,35,18340,Hotel / Restaurant,UPI
18-09-2024,Nandini Shubham Milk (1L),Milk,Hubballi,Kittur Distributors Hubballi,424,50,21200,Hotel / Restaurant,Net Banking
18-09-2024,Nandini Pure Ghee (500ml),Ghee & Butter,Belagavi,North Karnataka Milk Center Belagavi,243,315,76545,Supermarket,Cash
18-09-2024,Nandini Salted Butter (500g),Ghee & Butter,Mysuru,Chamundi Agencies Mysuru,350,275,96250,Wholesale,Cash
19-09-2024,Nandini Kulfi (50ml),Frozen,Mysuru,Chamundi Agencies Mysuru,92,25,2300,Supermarket,Net Banking
19-09-2024,Nandini Gulab Jamun (1kg),Sweets,Bengaluru,Apex Dairy Supplies Bengaluru,158,260,41080,Retail,Cash
19-09-2024,Nandini Curd (500g),Fresh Dairy,Bengaluru,Apex Dairy Supplies Bengaluru,423,26,10998,Supermarket,UPI
19-09-2024,Nandini Kulfi (50ml),Frozen,Shivamogga,Malnad Dairy Network Shivamogga,263,25,6575,Retail,UPI
19-09-2024,Nandini Pure Ghee (1L),Ghee & Butter,Ballari,Tungabhadra Dairy Logistics Ballari,113,610,68930,Supermarket,Net Banking
19-09-2024,Nandini Fresh Paneer (200g),Fresh Dairy,Belagavi,North Karnataka Milk Center Belagavi,153,95,14535,Retail,UPI
19-09-2024,Nandini Milk Peda (250g),Sweets,Kalaburagi,Kalyana Karnataka Foods Kalaburagi,248,140,34720,Hotel / Restaurant,UPI
19-09-2024,Nandini Homogenised Cow Milk (1L),Milk,Hubballi,Kittur Distributors Hubballi,995,46,45770,Hotel / Restaurant,UPI
19-09-2024,Nandini Pure Ghee (500ml),Ghee & Butter,Belagavi,North Karnataka Milk Center Belagavi,97,315,30555,Retail,Net Banking
19-09-2024,Nandini Mysore Pak (250g),Sweets,Hubballi,Kittur Distributors Hubballi,116,160,18560,Retail,Cash
19-09-2024,Nandini Shubham Milk (1L),Milk,Mysuru,Chamundi Agencies Mysuru,141,50,7050,Retail,Net Banking
19-09-2024,Nandini Kulfi (50ml),Frozen,Ballari,Tungabhadra Dairy Logistics Ballari,229,25,5725,Supermarket,Net Banking
20-09-2024,Nandini Cassata Ice Cream (150ml),Frozen,Bengaluru,Apex Dairy Supplies Bengaluru,112,55,6160,Retail,Distributor Credit
20-09-2024,Nandini Shubham Milk (1L),Milk,Tumakuru,Siddaganga Milk Express Tumakuru,351,50,17550,Institution,Cash
20-09-2024,Nandini Homogenised Cow Milk (1L),Milk,Bengaluru,Apex Dairy Supplies Bengaluru,613,46,28198,Retail,UPI
20-09-2024,Nandini Shubham Milk (1L),Milk,Bengaluru,Apex Dairy Supplies Bengaluru,397,50,19850,Retail,UPI
20-09-2024,Nandini Shubham Milk (1L),Milk,Hubballi,Kittur Distributors Hubballi,212,50,10600,Hotel / Restaurant,UPI
20-09-2024,Nandini Sweet Lassi (200ml),Beverages,Bengaluru,Apex Dairy Supplies Bengaluru,467,20,9340,Hotel / Restaurant,UPI
20-09-2024,Nandini Fresh Paneer (200g),Fresh Dairy,Bengaluru,Apex Dairy Supplies Bengaluru,154,95,14630,Wholesale,Cash
20-09-2024,Nandini Kulfi (50ml),Frozen,Shivamogga,Malnad Dairy Network Shivamogga,304,25,7600,Hotel / Restaurant,UPI
20-09-2024,Nandini Gulab Jamun (1kg),Sweets,Bengaluru,Apex Dairy Supplies Bengaluru,89,260,23140,Retail,UPI
20-09-2024,Nandini Kulfi (50ml),Frozen,Bengaluru,Apex Dairy Supplies Bengaluru,119,25,2975,Retail,Net Banking
20-09-2024,Nandini Unsalted Butter (500g),Ghee & Butter,Mangaluru,Coastal Cool Logistics Mangaluru,48,280,13440,Retail,UPI
20-09-2024,Nandini Spiced Buttermilk (200ml),Beverages,Bengaluru,Apex Dairy Supplies Bengaluru,1147,12,13764,Retail,UPI
20-09-2024,Nandini Shubham Milk (1L),Milk,Bengaluru,Apex Dairy Supplies Bengaluru,436,50,21800,Retail,UPI
21-09-2024,Nandini Gulab Jamun (1kg),Sweets,Bengaluru,Apex Dairy Supplies Bengaluru,171,260,44460,Supermarket,Cash
21-09-2024,Nandini Samrudhi Milk (1L),Milk,Mangaluru,Coastal Cool Logistics Mangaluru,248,54,13392,Wholesale,UPI
21-09-2024,Nandini Kulfi (50ml),Frozen,Davanagere,Central Karnataka Traders Davanagere,189,25,4725,Retail,Distributor Credit
21-09-2024,Nandini Pure Ghee (1L),Ghee & Butter,Hubballi,Kittur Distributors Hubballi,129,610,78690,Retail,Cash
21-09-2024,Nandini Set Curd (400g),Fresh Dairy,Bengaluru,Apex Dairy Supplies Bengaluru,188,40,7520,Wholesale,UPI
21-09-2024,Nandini Shubham Milk (1L),Milk,Bengaluru,Apex Dairy Supplies Bengaluru,541,50,27050,Retail,Net Banking
21-09-2024,Nandini Mysore Pak (250g),Sweets,Tumakuru,Siddaganga Milk Express Tumakuru,327,160,52320,Institution,UPI
21-09-2024,Nandini Mysore Pak (250g),Sweets,Davanagere,Central Karnataka Traders Davanagere,229,160,36640,Supermarket,UPI
21-09-2024,Nandini Shubham Milk (1L),Milk,Bengaluru,Apex Dairy Supplies Bengaluru,318,50,15900,Retail,Cash
21-09-2024,Nandini Milk Peda (250g),Sweets,Belagavi,North Karnataka Milk Center Belagavi,145,140,20300,Retail,UPI
21-09-2024,Nandini Flavoured Milk Badam (200ml),Beverages,Belagavi,North Karnataka Milk Center Belagavi,240,35,8400,Supermarket,UPI
22-09-2024,Nandini Spiced Buttermilk (200ml),Beverages,Mangaluru,Coastal Cool Logistics Mangaluru,808,12,9696,Institution,UPI
22-09-2024,Nandini Special Milk (1L),Milk,Bengaluru,Apex Dairy Supplies Bengaluru,496,48,23808,Retail,Net Banking
22-09-2024,Nandini Pure Ghee (1L),Ghee & Butter,Shivamogga,Malnad Dairy Network Shivamogga,112,610,68320,Supermarket,UPI
22-09-2024,Nandini Mysore Pak (250g),Sweets,Bengaluru,Apex Dairy Supplies Bengaluru,235,160,37600,Retail,Credit Card
22-09-2024,Nandini Sweet Lassi (200ml),Beverages,Shivamogga,Malnad Dairy Network Shivamogga,401,20,8020,Retail,Net Banking
22-09-2024,Nandini Pure Ghee (500ml),Ghee & Butter,Bengaluru,Apex Dairy Supplies Bengaluru,353,315,111195,Wholesale,Credit Card
22-09-2024,Nandini Spiced Buttermilk (200ml),Beverages,Bengaluru,Apex Dairy Supplies Bengaluru,1522,12,18264,Wholesale,UPI
22-09-2024,Nandini Samrudhi Milk (1L),Milk,Bengaluru,Apex Dairy Supplies Bengaluru,257,54,13878,Wholesale,Cash
22-09-2024,Nandini Sweet Lassi (200ml),Beverages,Bengaluru,Apex Dairy Supplies Bengaluru,1284,20,25680,Wholesale,UPI
22-09-2024,Nandini Samrudhi Milk (1L),Milk,Bengaluru,Apex Dairy Supplies Bengaluru,177,54,9558,Retail,UPI
22-09-2024,Nandini Samrudhi Milk (1L),Milk,Bengaluru,Apex Dairy Supplies Bengaluru,173,54,9342,Hotel / Restaurant,Cash
23-09-2024,Nandini Pure Ghee (1L),Ghee & Butter,Mysuru,Chamundi Agencies Mysuru,259,610,157990,Institution,UPI
23-09-2024,Nandini Flavoured Milk Badam (200ml),Beverages,Bengaluru,Apex Dairy Supplies Bengaluru,325,35,11375,Supermarket,UPI
23-09-2024,Nandini Unsalted Butter (500g),Ghee & Butter,Belagavi,North Karnataka Milk Center Belagavi,63,280,17640,Retail,Net Banking
23-09-2024,Nandini Salted Butter (500g),Ghee & Butter,Ballari,Tungabhadra Dairy Logistics Ballari,181,275,49775,Hotel / Restaurant,Cash
23-09-2024,Nandini Toned Milk (1L),Milk,Bengaluru,Apex Dairy Supplies Bengaluru,1144,42,48048,Hotel / Restaurant,Net Banking
23-09-2024,Nandini Cassata Ice Cream (150ml),Frozen,Bengaluru,Apex Dairy Supplies Bengaluru,284,55,15620,Wholesale,Cash
23-09-2024,Nandini Milk Peda (250g),Sweets,Bengaluru,Apex Dairy Supplies Bengaluru,315,140,44100,Retail,Net Banking
23-09-2024,Nandini Spiced Buttermilk (200ml),Beverages,Bengaluru,Apex Dairy Supplies Bengaluru,696,12,8352,Retail,Cash
23-09-2024,Nandini Kulfi (50ml),Frozen,Mangaluru,Coastal Cool Logistics Mangaluru,255,25,6375,Hotel / Restaurant,Net Banking
23-09-2024,Nandini Gulab Jamun (1kg),Sweets,Bengaluru,Apex Dairy Supplies Bengaluru,180,260,46800,Hotel / Restaurant,Credit Card
24-09-2024,Nandini Spiced Buttermilk (200ml),Beverages,Ballari,Tungabhadra Dairy Logistics Ballari,1555,12,18660,Wholesale,UPI
24-09-2024,Nandini Kulfi (50ml),Frozen,Belagavi,North Karnataka Milk Center Belagavi,139,25,3475,Retail,Net Banking
24-09-2024,Nandini Kulfi (50ml),Frozen,Davanagere,Central Karnataka Traders Davanagere,446,25,11150,Wholesale,UPI
24-09-2024,Nandini Pure Ghee (1L),Ghee & Butter,Hubballi,Kittur Distributors Hubballi,294,610,179340,Wholesale,UPI
24-09-2024,Nandini Curd (500g),Fresh Dairy,Hubballi,Kittur Distributors Hubballi,198,26,5148,Retail,Credit Card
24-09-2024,Nandini Spiced Buttermilk (200ml),Beverages,Hubballi,Kittur Distributors Hubballi,451,12,5412,Retail,UPI
24-09-2024,Nandini Special Milk (1L),Milk,Bengaluru,Apex Dairy Supplies Bengaluru,314,48,15072,Retail,Credit Card
24-09-2024,Nandini Fresh Paneer (200g),Fresh Dairy,Bengaluru,Apex Dairy Supplies Bengaluru,237,95,22515,Retail,Cash
24-09-2024,Nandini Spiced Buttermilk (200ml),Beverages,Ballari,Tungabhadra Dairy Logistics Ballari,615,12,7380,Retail,UPI
24-09-2024,Nandini Samrudhi Milk (1L),Milk,Belagavi,North Karnataka Milk Center Belagavi,235,54,12690,Retail,Net Banking
24-09-2024,Nandini Special Milk (1L),Milk,Bengaluru,Apex Dairy Supplies Bengaluru,568,48,27264,Institution,Net Banking
25-09-2024,Nandini Shubham Milk (1L),Milk,Hubballi,Kittur Distributors Hubballi,228,50,11400,Retail,UPI
25-09-2024,Nandini Special Milk (1L),Milk,Belagavi,North Karnataka Milk Center Belagavi,227,48,10896,Retail,UPI
25-09-2024,Nandini Salted Butter (500g),Ghee & Butter,Shivamogga,Malnad Dairy Network Shivamogga,74,275,20350,Supermarket,Net Banking
25-09-2024,Nandini Flavoured Milk Badam (200ml),Beverages,Bengaluru,Apex Dairy Supplies Bengaluru,270,35,9450,Wholesale,UPI
25-09-2024,Nandini Salted Butter (500g),Ghee & Butter,Hubballi,Kittur Distributors Hubballi,101,275,27775,Retail,UPI
25-09-2024,Nandini Kulfi (50ml),Frozen,Bengaluru,Apex Dairy Supplies Bengaluru,137,25,3425,Retail,UPI
25-09-2024,Nandini Homogenised Cow Milk (1L),Milk,Hubballi,Kittur Distributors Hubballi,271,46,12466,Retail,UPI
25-09-2024,Nandini Cassata Ice Cream (150ml),Frozen,Bengaluru,Apex Dairy Supplies Bengaluru,126,55,6930,Retail,UPI
25-09-2024,Nandini Set Curd (400g),Fresh Dairy,Shivamogga,Malnad Dairy Network Shivamogga,156,40,6240,Retail,Net Banking
25-09-2024,Nandini Kulfi (50ml),Frozen,Mysuru,Chamundi Agencies Mysuru,198,25,4950,Retail,UPI
25-09-2024,Nandini Cassata Ice Cream (150ml),Frozen,Ballari,Tungabhadra Dairy Logistics Ballari,138,55,7590,Retail,UPI
25-09-2024,Nandini Curd (500g),Fresh Dairy,Mysuru,Chamundi Agencies Mysuru,517,26,13442,Supermarket,UPI
25-09-2024,Nandini Milk Peda (250g),Sweets,Mysuru,Chamundi Agencies Mysuru,307,140,42980,Wholesale,Credit Card
25-09-2024,Nandini Kulfi (50ml),Frozen,Belagavi,North Karnataka Milk Center Belagavi,448,25,11200,Wholesale,Cash
25-09-2024,Nandini Fresh Paneer (200g),Fresh Dairy,Davanagere,Central Karnataka Traders Davanagere,231,95,21945,Wholesale,UPI
25-09-2024,Nandini Unsalted Butter (500g),Ghee & Butter,Bengaluru,Apex Dairy Supplies Bengaluru,60,280,16800,Retail,Net Banking
26-09-2024,Nandini Homogenised Cow Milk (1L),Milk,Mangaluru,Coastal Cool Logistics Mangaluru,326,46,14996,Retail,Net Banking
26-09-2024,Nandini Unsalted Butter (500g),Ghee & Butter,Mysuru,Chamundi Agencies Mysuru,143,280,40040,Retail,Cash
26-09-2024,Nandini Set Curd (400g),Fresh Dairy,Hubballi,Kittur Distributors Hubballi,72,40,2880,Retail,UPI
26-09-2024,Nandini Pure Ghee (1L),Ghee & Butter,Bengaluru,Apex Dairy Supplies Bengaluru,134,610,81740,Retail,UPI
26-09-2024,Nandini Samrudhi Milk (1L),Milk,Hubballi,Kittur Distributors Hubballi,306,54,16524,Hotel / Restaurant,Net Banking
26-09-2024,Nandini Kulfi (50ml),Frozen,Mysuru,Chamundi Agencies Mysuru,107,25,2675,Retail,Net Banking
26-09-2024,Nandini Flavoured Milk Badam (200ml),Beverages,Bengaluru,Apex Dairy Supplies Bengaluru,120,35,4200,Supermarket,UPI
26-09-2024,Nandini Cassata Ice Cream (150ml),Frozen,Bengaluru,Apex Dairy Supplies Bengaluru,140,55,7700,Supermarket,UPI
26-09-2024,Nandini Cassata Ice Cream (150ml),Frozen,Mysuru,Chamundi Agencies Mysuru,159,55,8745,Wholesale,Net Banking
26-09-2024,Nandini Pure Ghee (1L),Ghee & Butter,Belagavi,North Karnataka Milk Center Belagavi,129,610,78690,Wholesale,Net Banking
26-09-2024,Nandini Gulab Jamun (1kg),Sweets,Shivamogga,Malnad Dairy Network Shivamogga,126,260,32760,Retail,Cash
26-09-2024,Nandini Set Curd (400g),Fresh Dairy,Bengaluru,Apex Dairy Supplies Bengaluru,197,40,7880,Retail,UPI
27-09-2024,Nandini Sweet Lassi (200ml),Beverages,Mysuru,Chamundi Agencies Mysuru,303,20,6060,Retail,UPI
27-09-2024,Nandini Mysore Pak (250g),Sweets,Tumakuru,Siddaganga Milk Express Tumakuru,217,160,34720,Supermarket,Cash
27-09-2024,Nandini Samrudhi Milk (1L),Milk,Hubballi,Kittur Distributors Hubballi,182,54,9828,Retail,UPI
27-09-2024,  nandini fresh paneer (200g)  ,Fresh Dairy,Bengaluru,Apex Dairy Supplies Bengaluru,251,95,23845,Supermarket,Cash
27-09-2024,Nandini Sweet Lassi (200ml),Beverages,Belagavi,North Karnataka Milk Center Belagavi,462,20,9240,Wholesale,Net Banking
27-09-2024,Nandini Mysore Pak (250g),Sweets,Bengaluru,Apex Dairy Supplies Bengaluru,257,160,41120,Supermarket,UPI
27-09-2024,Nandini Cassata Ice Cream (150ml),Frozen,Kalaburagi,Kalyana Karnataka Foods Kalaburagi,87,55,4785,Supermarket,Net Banking
27-09-2024,Nandini Salted Butter (500g),Ghee & Butter,Belagavi,North Karnataka Milk Center Belagavi,51,275,14025,Retail,UPI
27-09-2024,Nandini Samrudhi Milk (1L),Milk,Bengaluru,Apex Dairy Supplies Bengaluru,510,54,27540,Institution,UPI
27-09-2024,Nandini Salted Butter (500g),Ghee & Butter,Bengaluru,Apex Dairy Supplies Bengaluru,227,275,62425,Supermarket,Credit Card
27-09-2024,Nandini Set Curd (400g),Fresh Dairy,Mysuru,Chamundi Agencies Mysuru,176,40,7040,Retail,Cash
27-09-2024,Nandini Cassata Ice Cream (150ml),Frozen,Belagavi,North Karnataka Milk Center Belagavi,47,55,2585,Retail,UPI
27-09-2024,Nandini Milk Peda (250g),Sweets,Kalaburagi,Kalyana Karnataka Foods Kalaburagi,70,140,9800,Retail,Cash
28-09-2024,Nandini Salted Butter (500g),Ghee & Butter,Bengaluru,Apex Dairy Supplies Bengaluru,184,275,50600,Retail,UPI
28-09-2024,Nandini Cassata Ice Cream (150ml),Frozen,Hubballi,Kittur Distributors Hubballi,174,55,9570,Retail,UPI
28-09-2024,Nandini Toned Milk (1L),Milk,Bengaluru,Apex Dairy Supplies Bengaluru,855,42,35910,Retail,Credit Card
28-09-2024,Nandini Sweet Lassi (200ml),Beverages,Bengaluru,Apex Dairy Supplies Bengaluru,370,20,7400,Supermarket,UPI
28-09-2024,Nandini Cassata Ice Cream (150ml),Frozen,Tumakuru,Siddaganga Milk Express Tumakuru,151,55,8305,Hotel / Restaurant,Distributor Credit
28-09-2024,Nandini Salted Butter (500g),Ghee & Butter,Bengaluru,Apex Dairy Supplies Bengaluru,258,275,70950,Wholesale,Net Banking
28-09-2024,Nandini Spiced Buttermilk (200ml),Beverages,Mysuru,Chamundi Agencies Mysuru,446,12,5352,Retail,Distributor Credit
28-09-2024,Nandini Set Curd (400g),Fresh Dairy,Mysuru,Chamundi Agencies Mysuru,173,40,6920,Wholesale,UPI
28-09-2024,Nandini Milk Peda (250g),Sweets,Mysuru,Chamundi Agencies Mysuru,260,140,36400,Supermarket,Cash
28-09-2024,Nandini Curd (500g),Fresh Dairy,Bengaluru,Apex Dairy Supplies Bengaluru,791,26,20566,Retail,Credit Card
28-09-2024,Nandini Toned Milk (1L),Milk,Bengaluru,Apex Dairy Supplies Bengaluru,655,42,27510,Retail,UPI
28-09-2024,Nandini Toned Milk (1L),Milk,Kalaburagi,Kalyana Karnataka Foods Kalaburagi,906,42,38052,Wholesale,UPI
28-09-2024,Nandini Fresh Paneer (200g),Fresh Dairy,Bengaluru,Apex Dairy Supplies Bengaluru,180,95,17100,Supermarket,Distributor Credit
28-09-2024,Nandini Mysore Pak (250g),Sweets,Shivamogga,Malnad Dairy Network Shivamogga,181,160,28960,Retail,Distributor Credit
28-09-2024,Nandini Gulab Jamun (1kg),Sweets,Davanagere,Central Karnataka Traders Davanagere,127,260,33020,Retail,UPI
28-09-2024,Nandini Sweet Lassi (200ml),Beverages,Mangaluru,Coastal Cool Logistics Mangaluru,378,20,7560,Retail,Cash
28-09-2024,Nandini Samrudhi Milk (1L),Milk,Hubballi,Kittur Distributors Hubballi,167,54,9018,Supermarket,Net Banking
28-09-2024,Nandini Homogenised Cow Milk (1L),Milk,Mangaluru,Coastal Cool Logistics Mangaluru,714,46,32844,Hotel / Restaurant,UPI
28-09-2024,Nandini Milk Peda (250g),Sweets,Shivamogga,Malnad Dairy Network Shivamogga,84,140,11760,Retail,UPI
29-09-2024,Nandini Set Curd (400g),Fresh Dairy,Bengaluru,Apex Dairy Supplies Bengaluru,154,40,6160,Supermarket,UPI
29-09-2024,Nandini Salted Butter (500g),Ghee & Butter,Mangaluru,Coastal Cool Logistics Mangaluru,254,275,69850,Hotel / Restaurant,Credit Card
29-09-2024,Nandini Toned Milk (1L),Milk,Bengaluru,Apex Dairy Supplies Bengaluru,1397,42,58674,Wholesale,UPI
29-09-2024,Nandini Special Milk (1L),Milk,Belagavi,North Karnataka Milk Center Belagavi,250,48,12000,Retail,Distributor Credit
29-09-2024,Nandini Set Curd (400g),Fresh Dairy,Bengaluru,Apex Dairy Supplies Bengaluru,129,40,5160,Retail,UPI
29-09-2024,Nandini Special Milk (1L),Milk,Mysuru,Chamundi Agencies Mysuru,335,48,16080,Supermarket,Distributor Credit
29-09-2024,Nandini Gulab Jamun (1kg),Sweets,Bengaluru,Apex Dairy Supplies Bengaluru,178,260,46280,Institution,Net Banking
29-09-2024,Nandini Gulab Jamun (1kg),Sweets,Bengaluru,Apex Dairy Supplies Bengaluru,200,260,52000,Retail,UPI
29-09-2024,Nandini Pure Ghee (500ml),Ghee & Butter,Bengaluru,Apex Dairy Supplies Bengaluru,563,315,177345,Wholesale,UPI
29-09-2024,Nandini Toned Milk (1L),Milk,Mangaluru,Coastal Cool Logistics Mangaluru,1536,42,64512,Wholesale,UPI
29-09-2024,Nandini Set Curd (400g),Fresh Dairy,Tumakuru,Siddaganga Milk Express Tumakuru,170,40,6800,Supermarket,UPI
29-09-2024,Nandini Sweet Lassi (200ml),Beverages,Mysuru,Chamundi Agencies Mysuru,401,20,8020,Supermarket,UPI
29-09-2024,Nandini Shubham Milk (1L),Milk,Mysuru,Chamundi Agencies Mysuru,355,50,17750,Supermarket,UPI
30-09-2024,Nandini Sweet Lassi (200ml),Beverages,Mangaluru,Coastal Cool Logistics Mangaluru,275,20,5500,Retail,Credit Card
30-09-2024,Nandini Unsalted Butter (500g),Ghee & Butter,Bengaluru,Apex Dairy Supplies Bengaluru,77,280,21560,Retail,Cash
30-09-2024,Nandini Mysore Pak (250g),Sweets,Mysuru,Chamundi Agencies Mysuru,85,160,13600,Retail,Distributor Credit
30-09-2024,Nandini Unsalted Butter (500g),Ghee & Butter,Shivamogga,Malnad Dairy Network Shivamogga,42,280,11760,Retail,Cash
30-09-2024,Nandini Pure Ghee (500ml),Ghee & Butter,Mysuru,Chamundi Agencies Mysuru,114,315,35910,Institution,Cash
30-09-2024,Nandini Samrudhi Milk (1L),Milk,Bengaluru,Apex Dairy Supplies Bengaluru,329,54,17766,Supermarket,Credit Card
30-09-2024,Nandini Unsalted Butter (500g),Ghee & Butter,Mangaluru,Coastal Cool Logistics Mangaluru,167,280,46760,Hotel / Restaurant,UPI
30-09-2024,Nandini Gulab Jamun (1kg),Sweets,Kalaburagi,Kalyana Karnataka Foods Kalaburagi,120,260,31200,Retail,Cash
30-09-2024,Nandini Homogenised Cow Milk (1L),Milk,Hubballi,Kittur Distributors Hubballi,641,46,29486,Retail,UPI
30-09-2024,Nandini Shubham Milk (1L),Milk,Mysuru,Chamundi Agencies Mysuru,419,50,20950,Supermarket,UPI
30-09-2024,Nandini Homogenised Cow Milk (1L),Milk,Mysuru,Chamundi Agencies Mysuru,1064,46,48944,Hotel / Restaurant,Cash
30-09-2024,Nandini Cassata Ice Cream (150ml),Frozen,Belagavi,North Karnataka Milk Center Belagavi,129,55,7095,Supermarket,Cash
30-09-2024,Nandini Pure Ghee (500ml),Ghee & Butter,Bengaluru,Apex Dairy Supplies Bengaluru,330,315,103950,Wholesale,Net Banking
30-09-2024,Nandini Pure Ghee (1L),Ghee & Butter,Kalaburagi,Kalyana Karnataka Foods Kalaburagi,152,610,92720,Retail,UPI
30-09-2024,Nandini Samrudhi Milk (1L),Milk,Bengaluru,Apex Dairy Supplies Bengaluru,248,54,13392,Supermarket,Net Banking
30-09-2024,Nandini Samrudhi Milk (1L),Milk,Davanagere,Central Karnataka Traders Davanagere,107,54,5778,Retail,Cash
30-09-2024,Nandini Toned Milk (1L),Milk,Mangaluru,Coastal Cool Logistics Mangaluru,770,42,32340,Retail,UPI
01-10-2024,Nandini Toned Milk (1L),Milk,Tumakuru,Siddaganga Milk Express Tumakuru,1541,42,64722,Wholesale,Net Banking
01-10-2024,Nandini Samrudhi Milk (1L),Milk,Kalaburagi,Kalyana Karnataka Foods Kalaburagi,229,54,12366,Retail,Distributor Credit
01-10-2024,Nandini Unsalted Butter (500g),Ghee & Butter,Davanagere,Central Karnataka Traders Davanagere,158,280,44240,Hotel / Restaurant,UPI
01-10-2024,Nandini Kulfi (50ml),Frozen,Kalaburagi,Kalyana Karnataka Foods Kalaburagi,109,25,2725,Retail,UPI
01-10-2024,Nandini Toned Milk (1L),Milk,Hubballi,Kittur Distributors Hubballi,1078,42,45276,Wholesale,UPI
01-10-2024,Nandini Kulfi (50ml),Frozen,Belagavi,North Karnataka Milk Center Belagavi,180,25,4500,Supermarket,Net Banking
01-10-2024,Nandini Unsalted Butter (500g),Ghee & Butter,Davanagere,Central Karnataka Traders Davanagere,101,280,28280,Wholesale,UPI
01-10-2024,Nandini Set Curd (400g),Fresh Dairy,Mangaluru,Coastal Cool Logistics Mangaluru,131,40,5240,Supermarket,Cash
01-10-2024,Nandini Special Milk (1L),Milk,Hubballi,Kittur Distributors Hubballi,478,48,22944,Wholesale,Net Banking
01-10-2024,Nandini Set Curd (400g),Fresh Dairy,Bengaluru,Apex Dairy Supplies Bengaluru,252,40,10080,Hotel / Restaurant,UPI
01-10-2024,Nandini Mysore Pak (250g),Sweets,Shivamogga,Malnad Dairy Network Shivamogga,74,160,11840,Supermarket,UPI
01-10-2024,Nandini Set Curd (400g),Fresh Dairy,Mysuru,Chamundi Agencies Mysuru,179,40,7160,Wholesale,UPI
01-10-2024,Nandini Set Curd (400g),Fresh Dairy,Mysuru,Chamundi Agencies Mysuru,92,40,3680,Retail,Net Banking
01-10-2024,Nandini Fresh Paneer (200g),Fresh Dairy,Bengaluru,Apex Dairy Supplies Bengaluru,157,95,14915,Retail,Net Banking
01-10-2024,Nandini Toned Milk (1L),Milk,Bengaluru,Apex Dairy Supplies Bengaluru,939,42,39438,Retail,UPI
01-10-2024,Nandini Curd (500g),Fresh Dairy,Mangaluru,Coastal Cool Logistics Mangaluru,707,26,18382,Wholesale,UPI
02-10-2024,Nandini Flavoured Milk Badam (200ml),Beverages,Mysuru,Chamundi Agencies Mysuru,465,35,16275,Wholesale,UPI
02-10-2024,Nandini Unsalted Butter (500g),Ghee & Butter,Bengaluru,Apex Dairy Supplies Bengaluru,255,280,71400,Wholesale,Cash
02-10-2024,Nandini Gulab Jamun (1kg),Sweets,Bengaluru,Apex Dairy Supplies Bengaluru,137,260,35620,Retail,UPI
02-10-2024,Nandini Sweet Lassi (200ml),Beverages,Bengaluru,Apex Dairy Supplies Bengaluru,396,20,7920,Supermarket,Distributor Credit
02-10-2024,Nandini Special Milk (1L),Milk,Hubballi,Kittur Distributors Hubballi,528,48,25344,Wholesale,Cash
02-10-2024,Nandini Kulfi (50ml),Frozen,Kalaburagi,Kalyana Karnataka Foods Kalaburagi,240,25,6000,Wholesale,Distributor Credit
02-10-2024,Nandini Toned Milk (1L),Milk,Bengaluru,Apex Dairy Supplies Bengaluru,1118,42,46956,Supermarket,UPI
02-10-2024,Nandini Unsalted Butter (500g),Ghee & Butter,Bengaluru,Apex Dairy Supplies Bengaluru,158,280,44240,Supermarket,Credit Card
02-10-2024,Nandini Flavoured Milk Badam (200ml),Beverages,Davanagere,Central Karnataka Traders Davanagere,207,35,7245,Wholesale,UPI
02-10-2024,Nandini Toned Milk (1L),Milk,Bengaluru,Apex Dairy Supplies Bengaluru,1086,42,45612,Supermarket,Net Banking
02-10-2024,Nandini Salted Butter (500g),Ghee & Butter,Bengaluru,Apex Dairy Supplies Bengaluru,214,275,58850,Supermarket,UPI
02-10-2024,Nandini Salted Butter (500g),Ghee & Butter,Belagavi,North Karnataka Milk Center Belagavi,174,275,47850,Supermarket,UPI
02-10-2024,Nandini Homogenised Cow Milk (1L),Milk,Mangaluru,Coastal Cool Logistics Mangaluru,622,46,28612,Supermarket,Distributor Credit
02-10-2024,Nandini Kulfi (50ml),Frozen,Mysuru,Chamundi Agencies Mysuru,236,25,5900,Hotel / Restaurant,Net Banking
02-10-2024,Nandini Gulab Jamun (1kg),Sweets,Hubballi,Kittur Distributors Hubballi,96,260,24960,Retail,Net Banking
02-10-2024,Nandini Spiced Buttermilk (200ml),Beverages,Hubballi,Kittur Distributors Hubballi,1023,12,12276,Wholesale,Net Banking
02-10-2024,Nandini Kulfi (50ml),Frozen,Bengaluru,Apex Dairy Supplies Bengaluru,259,25,6475,Supermarket,UPI
02-10-2024,Nandini Samrudhi Milk (1L),Milk,Hubballi,Kittur Distributors Hubballi,276,54,14904,Wholesale,UPI
02-10-2024,Nandini Set Curd (400g),Fresh Dairy,Hubballi,Kittur Distributors Hubballi,131,40,5240,Retail,UPI
02-10-2024,Nandini Spiced Buttermilk (200ml),Beverages,Mangaluru,Coastal Cool Logistics Mangaluru,680,12,8160,Institution,UPI
03-10-2024,Nandini Pure Ghee (1L),Ghee & Butter,Davanagere,Central Karnataka Traders Davanagere,145,610,88450,Supermarket,UPI
03-10-2024,Nandini Samrudhi Milk (1L),Milk,Mysuru,Chamundi Agencies Mysuru,213,54,11502,Supermarket,Cash
03-10-2024,Nandini Samrudhi Milk (1L),Milk,Mysuru,Chamundi Agencies Mysuru,223,54,12042,Retail,Credit Card
03-10-2024,Nandini Salted Butter (500g),Ghee & Butter,Kalaburagi,Kalyana Karnataka Foods Kalaburagi,165,275,45375,Retail,Credit Card
03-10-2024,Nandini Flavoured Milk Badam (200ml),Beverages,Hubballi,Kittur Distributors Hubballi,366,35,12810,Wholesale,UPI
03-10-2024,Nandini Unsalted Butter (500g),Ghee & Butter,Bengaluru,Apex Dairy Supplies Bengaluru,110,280,30800,Supermarket,Credit Card
03-10-2024,Nandini Kulfi (50ml),Frozen,Tumakuru,Siddaganga Milk Express Tumakuru,215,25,5375,Hotel / Restaurant,Distributor Credit
03-10-2024,Nandini Shubham Milk (1L),Milk,Bengaluru,Apex Dairy Supplies Bengaluru,288,-50,14400,Supermarket,Distributor Credit
03-10-2024,Nandini Curd (500g),Fresh Dairy,Bengaluru,Apex Dairy Supplies Bengaluru,358,26,9308,Retail,UPI
03-10-2024,Nandini Curd (500g),Fresh Dairy,Belagavi,North Karnataka Milk Center Belagavi,310,26,8060,Hotel / Restaurant,UPI
03-10-2024,Nandini Salted Butter (500g),Ghee & Butter,Hubballi,Kittur Distributors Hubballi,150,275,41250,Retail,UPI
03-10-2024,Nandini Curd (500g),Fresh Dairy,Davanagere,Central Karnataka Traders Davanagere,487,26,12662,Retail,UPI
03-10-2024,Nandini Pure Ghee (500ml),Ghee & Butter,Hubballi,Kittur Distributors Hubballi,342,315,107730,Wholesale,UPI
03-10-2024,Nandini Kulfi (50ml),Frozen,Bengaluru,Apex Dairy Supplies Bengaluru,186,25,4650,Retail,Distributor Credit
04-10-2024,Nandini Homogenised Cow Milk (1L),Milk,Mysuru,Chamundi Agencies Mysuru,404,46,18584,Supermarket,Net Banking
04-10-2024,Nandini Flavoured Milk Badam (200ml),Beverages,Mangaluru,Coastal Cool Logistics Mangaluru,267,35,9345,Retail,UPI
04-10-2024,Nandini Fresh Paneer (200g),Fresh Dairy,Mangaluru,Coastal Cool Logistics Mangaluru,194,95,18430,Retail,UPI
04-10-2024,Nandini Flavoured Milk Badam (200ml),Beverages,Mysuru,Chamundi Agencies Mysuru,189,35,6615,Hotel / Restaurant,UPI
04-10-2024,Nandini Toned Milk (1L),Milk,Belagavi,North Karnataka Milk Center Belagavi,1000,42,42000,Hotel / Restaurant,Credit Card
04-10-2024,Nandini Kulfi (50ml),Frozen,Bengaluru,Apex Dairy Supplies Bengaluru,237,25,5925,Retail,UPI
04-10-2024,Nandini Sweet Lassi (200ml),Beverages,Mangaluru,Coastal Cool Logistics Mangaluru,494,20,9880,Retail,UPI
04-10-2024,Nandini Flavoured Milk Badam (200ml),Beverages,Bengaluru,Apex Dairy Supplies Bengaluru,234,35,8190,Retail,UPI
04-10-2024,Nandini Pure Ghee (1L),Ghee & Butter,Shivamogga,Malnad Dairy Network Shivamogga,32,610,19520,Supermarket,UPI
04-10-2024,Nandini Special Milk (1L),Milk,Kalaburagi,Kalyana Karnataka Foods Kalaburagi,464,48,22272,Retail,UPI
04-10-2024,Nandini Cassata Ice Cream (150ml),Frozen,Bengaluru,Apex Dairy Supplies Bengaluru,72,55,3960,Retail,UPI
04-10-2024,Nandini Milk Peda (250g),Sweets,Davanagere,Central Karnataka Traders Davanagere,65,140,9100,Retail,UPI
04-10-2024,Nandini Homogenised Cow Milk (1L),Milk,Hubballi,Kittur Distributors Hubballi,538,46,24748,Retail,Credit Card
04-10-2024,Nandini Salted Butter (500g),Ghee & Butter,Mangaluru,Coastal Cool Logistics Mangaluru,102,275,28050,Retail,Net Banking
04-10-2024,Nandini Flavoured Milk Badam (200ml),Beverages,Bengaluru,Apex Dairy Supplies Bengaluru,318,35,11130,Retail,Cash
04-10-2024,Nandini Curd (500g),Fresh Dairy,Shivamogga,Malnad Dairy Network Shivamogga,238,26,6188,Retail,UPI
04-10-2024,Nandini Fresh Paneer (200g),Fresh Dairy,Shivamogga,Malnad Dairy Network Shivamogga,142,95,13490,Supermarket,UPI
04-10-2024,Nandini Fresh Paneer (200g),Fresh Dairy,Belagavi,North Karnataka Milk Center Belagavi,396,95,37620,Wholesale,Cash
05-10-2024,Nandini Flavoured Milk Badam (200ml),Beverages,Bengaluru,Apex Dairy Supplies Bengaluru,582,35,20370,Wholesale,UPI
05-10-2024,Nandini Cassata Ice Cream (150ml),Frozen,Hubballi,Kittur Distributors Hubballi,158,55,8690,Retail,UPI
05-10-2024,Nandini Toned Milk (1L),Milk,Shivamogga,Malnad Dairy Network Shivamogga,635,42,26670,Retail,UPI
05-10-2024,Nandini Fresh Paneer (200g),Fresh Dairy,Bengaluru,Apex Dairy Supplies Bengaluru,187,95,17765,Supermarket,Net Banking
05-10-2024,Nandini Mysore Pak (250g),Sweets,Mysuru,Chamundi Agencies Mysuru,290,160,46400,Retail,UPI
05-10-2024,Nandini Toned Milk (1L),Milk,Hubballi,Kittur Distributors Hubballi,697,42,29274,Supermarket,Net Banking
05-10-2024,Nandini Sweet Lassi (200ml),Beverages,Bengaluru,Apex Dairy Supplies Bengaluru,529,20,10580,Hotel / Restaurant,UPI
05-10-2024,Nandini Homogenised Cow Milk (1L),Milk,Hubballi,Kittur Distributors Hubballi,673,46,30958,Supermarket,UPI
05-10-2024,Nandini Fresh Paneer (200g),Fresh Dairy,Bengaluru,Apex Dairy Supplies Bengaluru,429,95,40755,Hotel / Restaurant,Net Banking
06-10-2024,Nandini Homogenised Cow Milk (1L),Milk,Hubballi,Kittur Distributors Hubballi,297,46,13662,Supermarket,Cash
06-10-2024,Nandini Mysore Pak (250g),Sweets,Bengaluru,Apex Dairy Supplies Bengaluru,164,160,26240,Retail,UPI
06-10-2024,Nandini Salted Butter (500g),Ghee & Butter,Bengaluru,Apex Dairy Supplies Bengaluru,89,275,24475,Retail,UPI
06-10-2024,Nandini Toned Milk (1L),Milk,Ballari,Tungabhadra Dairy Logistics Ballari,804,42,33768,Institution,UPI
06-10-2024,Nandini Special Milk (1L),Milk,Ballari,Tungabhadra Dairy Logistics Ballari,298,48,14304,Retail,Cash
06-10-2024,Nandini Unsalted Butter (500g),Ghee & Butter,Davanagere,Central Karnataka Traders Davanagere,30,280,8400,Retail,UPI
07-10-2024,Nandini Salted Butter (500g),Ghee & Butter,Bengaluru,Apex Dairy Supplies Bengaluru,210,275,57750,Retail,UPI
07-10-2024,Nandini Sweet Lassi (200ml),Beverages,Mysuru,Chamundi Agencies Mysuru,578,20,11560,Retail,Cash
07-10-2024,Nandini Unsalted Butter (500g),Ghee & Butter,Belagavi,North Karnataka Milk Center Belagavi,63,280,17640,Wholesale,Net Banking
07-10-2024,Nandini Unsalted Butter (500g),Ghee & Butter,Tumakuru,Siddaganga Milk Express Tumakuru,87,280,24360,Hotel / Restaurant,Distributor Credit
07-10-2024,Nandini Special Milk (1L),Milk,Davanagere,Central Karnataka Traders Davanagere,463,48,22224,Retail,UPI
07-10-2024,Nandini Salted Butter (500g),Ghee & Butter,Bengaluru,Apex Dairy Supplies Bengaluru,111,275,30525,Supermarket,UPI
07-10-2024,Nandini Gulab Jamun (1kg),Sweets,Bengaluru,Apex Dairy Supplies Bengaluru,56,260,14560,Retail,Cash
07-10-2024,Nandini Curd (500g),Fresh Dairy,Bengaluru,Apex Dairy Supplies Bengaluru,951,26,24726,Wholesale,UPI
07-10-2024,Nandini Gulab Jamun (1kg),Sweets,Bengaluru,Apex Dairy Supplies Bengaluru,143,260,37180,Wholesale,UPI
07-10-2024,Nandini Pure Ghee (500ml),Ghee & Butter,Ballari,Tungabhadra Dairy Logistics Ballari,145,315,45675,Retail,UPI
07-10-2024,Nandini Flavoured Milk Badam (200ml),Beverages,Bengaluru,Apex Dairy Supplies Bengaluru,321,35,11235,Supermarket,UPI
07-10-2024,Nandini Gulab Jamun (1kg),Sweets,Hubballi,Kittur Distributors Hubballi,109,260,28340,Supermarket,Net Banking
07-10-2024,Nandini Cassata Ice Cream (150ml),Frozen,Bengaluru,Apex Dairy Supplies Bengaluru,188,55,10340,Retail,UPI
07-10-2024,Nandini Curd (500g),Fresh Dairy,Bengaluru,Apex Dairy Supplies Bengaluru,1380,26,35880,Wholesale,UPI
07-10-2024,Nandini Homogenised Cow Milk (1L),Milk,Mysuru,Chamundi Agencies Mysuru,1242,46,57132,Wholesale,Net Banking
08-10-2024,Nandini Cassata Ice Cream (150ml),Frozen,Bengaluru,Apex Dairy Supplies Bengaluru,161,55,8855,Supermarket,UPI
08-10-2024,Nandini Special Milk (1L),Milk,Bengaluru,Apex Dairy Supplies Bengaluru,1040,48,49920,Institution,Net Banking
08-10-2024,Nandini Gulab Jamun (1kg),Sweets,Mysuru,Chamundi Agencies Mysuru,53,260,13780,Retail,UPI
08-10-2024,Nandini Spiced Buttermilk (200ml),Beverages,Hubballi,Kittur Distributors Hubballi,908,12,10896,Supermarket,UPI
08-10-2024,Nandini Flavoured Milk Badam (200ml),Beverages,Tumakuru,Siddaganga Milk Express Tumakuru,174,35,6090,Retail,Net Banking
08-10-2024,Nandini Fresh Paneer (200g),Fresh Dairy,Kalaburagi,Kalyana Karnataka Foods Kalaburagi,116,95,11020,Supermarket,UPI
08-10-2024,Nandini Unsalted Butter (500g),Ghee & Butter,Bengaluru,Apex Dairy Supplies Bengaluru,93,280,26040,Hotel / Restaurant,Distributor Credit
08-10-2024,Nandini Fresh Paneer (200g),Fresh Dairy,Bengaluru,Apex Dairy Supplies Bengaluru,229,95,21755,Supermarket,Net Banking
08-10-2024,Nandini Spiced Buttermilk (200ml),Beverages,Hubballi,Kittur Distributors Hubballi,768,12,9216,Supermarket,UPI
08-10-2024,Nandini Samrudhi Milk (1L),Milk,Kalaburagi,Kalyana Karnataka Foods Kalaburagi,197,54,10638,Supermarket,UPI
08-10-2024,Nandini Fresh Paneer (200g),Fresh Dairy,Mangaluru,Coastal Cool Logistics Mangaluru,136,95,12920,Retail,Credit Card
08-10-2024,Nandini Pure Ghee (1L),Ghee & Butter,Bengaluru,Apex Dairy Supplies Bengaluru,414,610,252540,Wholesale,Net Banking
08-10-2024,Nandini Fresh Paneer (200g),Fresh Dairy,Bengaluru,Apex Dairy Supplies Bengaluru,261,95,24795,Hotel / Restaurant,UPI
08-10-2024,Nandini Special Milk (1L),Milk,Mysuru,Chamundi Agencies Mysuru,547,48,26256,Supermarket,Net Banking
08-10-2024,Nandini Salted Butter (500g),Ghee & Butter,Mysuru,Chamundi Agencies Mysuru,165,275,45375,Supermarket,Credit Card
08-10-2024,Nandini Samrudhi Milk (1L),Milk,Mysuru,Chamundi Agencies Mysuru,155,54,8370,Supermarket,Net Banking
08-10-2024,Nandini Special Milk (1L),Milk,Bengaluru,Apex Dairy Supplies Bengaluru,713,48,34224,Supermarket,Net Banking
08-10-2024,Nandini Special Milk (1L),Milk,Belagavi,North Karnataka Milk Center Belagavi,406,48,19488,Supermarket,Cash
08-10-2024,Nandini Kulfi (50ml),Frozen,Belagavi,North Karnataka Milk Center Belagavi,181,25,4525,Retail,Net Banking
09-10-2024,Nandini Salted Butter (500g),Ghee & Butter,Ballari,Tungabhadra Dairy Logistics Ballari,91,275,25025,Retail,UPI
09-10-2024,Nandini Set Curd (400g),Fresh Dairy,Bengaluru,Apex Dairy Supplies Bengaluru,161,40,6440,Retail,Net Banking
09-10-2024,Nandini Flavoured Milk Badam (200ml),Beverages,Hubballi,Kittur Distributors Hubballi,315,35,11025,Supermarket,UPI
09-10-2024,Nandini Set Curd (400g),Fresh Dairy,Bengaluru,Apex Dairy Supplies Bengaluru,118,40,4720,Retail,Net Banking
09-10-2024,Nandini Flavoured Milk Badam (200ml),Beverages,Belagavi,North Karnataka Milk Center Belagavi,111,35,3885,Supermarket,UPI
09-10-2024,Nandini Samrudhi Milk (1L),Milk,Mysuru,Chamundi Agencies Mysuru,139,54,7506,Retail,UPI
09-10-2024,Nandini Homogenised Cow Milk (1L),Milk,Mangaluru,Coastal Cool Logistics Mangaluru,530,46,24380,Supermarket,Net Banking
09-10-2024,Nandini Shubham Milk (1L),Milk,Ballari,Tungabhadra Dairy Logistics Ballari,126,50,6300,Retail,Cash
09-10-2024,Nandini Special Milk (1L),Milk,Hubballi,Kittur Distributors Hubballi,296,48,14208,Supermarket,Cash
09-10-2024,Nandini Curd (500g),Fresh Dairy,Bengaluru,Apex Dairy Supplies Bengaluru,418,26,10868,Retail,Cash
10-10-2024,Nandini Samrudhi Milk (1L),Milk,Bengaluru,Apex Dairy Supplies Bengaluru,452,54,24408,Hotel / Restaurant,Net Banking
10-10-2024,Nandini Fresh Paneer (200g),Fresh Dairy,Bengaluru,Apex Dairy Supplies Bengaluru,162,95,15390,Retail,UPI
10-10-2024,Nandini Cassata Ice Cream (150ml),Frozen,Bengaluru,Apex Dairy Supplies Bengaluru,201,55,11055,Retail,UPI
10-10-2024,Nandini Fresh Paneer (200g),Fresh Dairy,Mangaluru,Coastal Cool Logistics Mangaluru,110,95,10450,Supermarket,UPI
10-10-2024,Nandini Fresh Paneer (200g),Fresh Dairy,Bengaluru,Apex Dairy Supplies Bengaluru,77,95,7315,Retail,UPI
10-10-2024,Nandini Flavoured Milk Badam (200ml),Beverages,Bengaluru,Apex Dairy Supplies Bengaluru,196,35,6860,Retail,UPI
10-10-2024,Nandini Homogenised Cow Milk (1L),Milk,Bengaluru,Apex Dairy Supplies Bengaluru,704,46,32384,Retail,Net Banking
10-10-2024,Nandini Unsalted Butter (500g),Ghee & Butter,Mysuru,Chamundi Agencies Mysuru,228,280,63840,Supermarket,Net Banking
10-10-2024,Nandini Flavoured Milk Badam (200ml),Beverages,Hubballi,Kittur Distributors Hubballi,268,35,9380,,UPI
10-10-2024,Nandini Kulfi (50ml),Frozen,Davanagere,Central Karnataka Traders Davanagere,241,25,6025,Hotel / Restaurant,Distributor Credit
10-10-2024,Nandini Sweet Lassi (200ml),Beverages,Bengaluru,Apex Dairy Supplies Bengaluru,407,20,8140,Supermarket,Cash
10-10-2024,Nandini Cassata Ice Cream (150ml),Frozen,Mysuru,Chamundi Agencies Mysuru,56,55,3080,Supermarket,Credit Card
10-10-2024,Nandini Homogenised Cow Milk (1L),Milk,Hubballi,Kittur Distributors Hubballi,397,46,18262,Hotel / Restaurant,UPI
10-10-2024,Nandini Shubham Milk (1L),Milk,Ballari,Tungabhadra Dairy Logistics Ballari,327,50,16350,Wholesale,Cash
10-10-2024,Nandini Pure Ghee (1L),Ghee & Butter,Bengaluru,Apex Dairy Supplies Bengaluru,133,610,81130,Hotel / Restaurant,Cash
10-10-2024,Nandini Sweet Lassi (200ml),Beverages,Kalaburagi,Kalyana Karnataka Foods Kalaburagi,280,20,5600,Supermarket,Cash
10-10-2024,Nandini Homogenised Cow Milk (1L),Milk,Bengaluru,Apex Dairy Supplies Bengaluru,572,46,26312,Retail,UPI
10-10-2024,Nandini Toned Milk (1L),Milk,Shivamogga,Malnad Dairy Network Shivamogga,1253,42,52626,Hotel / Restaurant,UPI
10-10-2024,Nandini Spiced Buttermilk (200ml),Beverages,Davanagere,Central Karnataka Traders Davanagere,446,12,5352,Supermarket,Net Banking
11-10-2024,Nandini Set Curd (400g),Fresh Dairy,Belagavi,North Karnataka Milk Center Belagavi,71,40,2840,Supermarket,Cash
11-10-2024,Nandini Unsalted Butter (500g),Ghee & Butter,Bengaluru,Apex Dairy Supplies Bengaluru,88,280,24640,Retail,UPI
11-10-2024,Nandini Mysore Pak (250g),Sweets,Belagavi,North Karnataka Milk Center Belagavi,166,160,26560,Retail,UPI
11-10-2024,Nandini Toned Milk (1L),Milk,Shivamogga,Malnad Dairy Network Shivamogga,623,42,26166,Supermarket,UPI
11-10-2024,Nandini Shubham Milk (1L),Milk,Belagavi,North Karnataka Milk Center Belagavi,510,50,25500,Hotel / Restaurant,Distributor Credit
11-10-2024,Nandini Curd (500g),Fresh Dairy,Hubballi,Kittur Distributors Hubballi,289,26,7514,Hotel / Restaurant,UPI
11-10-2024,Nandini Kulfi (50ml),Frozen,Davanagere,Central Karnataka Traders Davanagere,201,25,5025,Retail,Net Banking
11-10-2024,Nandini Curd (500g),Fresh Dairy,Bengaluru,Apex Dairy Supplies Bengaluru,519,26,13494,Retail,UPI
12-10-2024,Nandini Sweet Lassi (200ml),Beverages,Bengaluru,Apex Dairy Supplies Bengaluru,686,20,13720,Wholesale,Cash
12-10-2024,Nandini Curd (500g),Fresh Dairy,Ballari,Tungabhadra Dairy Logistics Ballari,893,26,23218,Wholesale,Net Banking
12-10-2024,Nandini Pure Ghee (1L),Ghee & Butter,Mysuru,Chamundi Agencies Mysuru,276,610,168360,Supermarket,UPI
12-10-2024,Nandini Salted Butter (500g),Ghee & Butter,Belagavi,North Karnataka Milk Center Belagavi,224,275,61600,Wholesale,UPI
12-10-2024,Nandini Set Curd (400g),Fresh Dairy,Mangaluru,Coastal Cool Logistics Mangaluru,126,40,5040,Institution,UPI
12-10-2024,Nandini Fresh Paneer (200g),Fresh Dairy,Hubballi,Kittur Distributors Hubballi,153,95,14535,Supermarket,UPI
12-10-2024,Nandini Set Curd (400g),Fresh Dairy,Bengaluru,Apex Dairy Supplies Bengaluru,242,40,9680,Retail,UPI
12-10-2024,Nandini Salted Butter (500g),Ghee & Butter,Hubballi,Kittur Distributors Hubballi,138,275,37950,Retail,UPI
12-10-2024,Nandini Set Curd (400g),Fresh Dairy,Mangaluru,Coastal Cool Logistics Mangaluru,178,40,7120,Retail,UPI
12-10-2024,Nandini Curd (500g),Fresh Dairy,Bengaluru,Apex Dairy Supplies Bengaluru,554,-26,14404,Supermarket,UPI
12-10-2024,Nandini Kulfi (50ml),Frozen,Tumakuru,Siddaganga Milk Express Tumakuru,97,25,2425,Supermarket,Net Banking
12-10-2024,Nandini Samrudhi Milk (1L),Milk,Bengaluru,Apex Dairy Supplies Bengaluru,127,54,6858,Retail,UPI
12-10-2024,Nandini Sweet Lassi (200ml),Beverages,Ballari,Tungabhadra Dairy Logistics Ballari,433,20,8660,Hotel / Restaurant,UPI
12-10-2024,Nandini Pure Ghee (1L),Ghee & Butter,Hubballi,Kittur Distributors Hubballi,259,610,157990,Institution,Cash
12-10-2024,NANDINI SHUBHAM MILK (1L),Milk,Hubballi,Kittur Distributors Hubballi,311,50,15550,Retail,UPI
13-10-2024,Nandini Milk Peda (250g),Sweets,Hubballi,Kittur Distributors Hubballi,450,140,63000,Wholesale,Cash
13-10-2024,Nandini Shubham Milk (1L),Milk,Bengaluru,Apex Dairy Supplies Bengaluru,404,50,20200,Retail,UPI
13-10-2024,Nandini Salted Butter (500g),Ghee & Butter,Davanagere,Central Karnataka Traders Davanagere,117,275,32175,Retail,UPI
13-10-2024,Nandini Special Milk (1L),Milk,Hubballi,Kittur Distributors Hubballi,415,48,19920,Supermarket,Net Banking
13-10-2024,Nandini Cassata Ice Cream (150ml),Frozen,Bengaluru,Apex Dairy Supplies Bengaluru,246,55,13530,Wholesale,Cash
13-10-2024,Nandini Spiced Buttermilk (200ml),Beverages,Hubballi,Kittur Distributors Hubballi,312,12,3744,Retail,Net Banking
13-10-2024,Nandini Curd (500g),Fresh Dairy,Mangaluru,Coastal Cool Logistics Mangaluru,563,26,14638,Retail,Credit Card
13-10-2024,Nandini Spiced Buttermilk (200ml),Beverages,Hubballi,Kittur Distributors Hubballi,805,12,9660,Retail,Net Banking
13-10-2024,Nandini Toned Milk (1L),Milk,Mangaluru,Coastal Cool Logistics Mangaluru,553,42,23226,Supermarket,Net Banking
13-10-2024,Nandini Fresh Paneer (200g),Fresh Dairy,Hubballi,Kittur Distributors Hubballi,285,95,27075,Retail,UPI
13-10-2024,Nandini Milk Peda (250g),Sweets,Mangaluru,Coastal Cool Logistics Mangaluru,467,140,65380,Institution,Net Banking
14-10-2024,Nandini Kulfi (50ml),Frozen,Hubballi,Kittur Distributors Hubballi,235,25,5875,Hotel / Restaurant,UPI
14-10-2024,Nandini Gulab Jamun (1kg),Sweets,Bengaluru,Apex Dairy Supplies Bengaluru,85,260,22100,Retail,Net Banking
14-10-2024,Nandini Cassata Ice Cream (150ml),Frozen,Mangaluru,Coastal Cool Logistics Mangaluru,150,55,8250,Retail,Net Banking
14-10-2024,Nandini Fresh Paneer (200g),Fresh Dairy,Mangaluru,Coastal Cool Logistics Mangaluru,182,95,17290,Institution,UPI
14-10-2024,Nandini Shubham Milk (1L),Milk,Bengaluru,Apex Dairy Supplies Bengaluru,355,50,17750,Retail,Net Banking
14-10-2024,Nandini Special Milk (1L),Milk,Bengaluru,Apex Dairy Supplies Bengaluru,412,48,19776,Retail,Cash
14-10-2024,Nandini Kulfi (50ml),Frozen,Belagavi,North Karnataka Milk Center Belagavi,110,25,2750,Supermarket,Net Banking
14-10-2024,Nandini Set Curd (400g),Fresh Dairy,Davanagere,Central Karnataka Traders Davanagere,67,40,2680,Retail,UPI
14-10-2024,Nandini Samrudhi Milk (1L),Milk,Mangaluru,Coastal Cool Logistics Mangaluru,231,54,12474,Retail,Net Banking
14-10-2024,Nandini Samrudhi Milk (1L),Milk,Bengaluru,Apex Dairy Supplies Bengaluru,234,54,12636,Retail,UPI
14-10-2024,Nandini Flavoured Milk Badam (200ml),Beverages,Shivamogga,Malnad Dairy Network Shivamogga,250,35,8750,Wholesale,Cash
14-10-2024,Nandini Special Milk (1L),Milk,Mysuru,Chamundi Agencies Mysuru,722,48,34656,Hotel / Restaurant,UPI
14-10-2024,Nandini Cassata Ice Cream (150ml),Frozen,Tumakuru,Siddaganga Milk Express Tumakuru,159,55,8745,Hotel / Restaurant,Cash
14-10-2024,Nandini Toned Milk (1L),Milk,Hubballi,Kittur Distributors Hubballi,1292,42,54264,Hotel / Restaurant,UPI
14-10-2024,Nandini Sweet Lassi (200ml),Beverages,Bengaluru,Apex Dairy Supplies Bengaluru,249,20,4980,Supermarket,Cash
15-10-2024,Nandini Set Curd (400g),Fresh Dairy,Mysuru,Chamundi Agencies Mysuru,253,40,10120,Institution,UPI
15-10-2024,Nandini Mysore Pak (250g),Sweets,Bengaluru,Apex Dairy Supplies Bengaluru,230,160,36800,Retail,UPI
15-10-2024,Nandini Special Milk (1L),Milk,Hubballi,Kittur Distributors Hubballi,811,48,38928,Wholesale,Net Banking
15-10-2024,Nandini Kulfi (50ml),Frozen,Mysuru,Chamundi Agencies Mysuru,185,25,4625,Retail,Net Banking
15-10-2024,Nandini Homogenised Cow Milk (1L),Milk,Shivamogga,Malnad Dairy Network Shivamogga,775,46,35650,Institution,Distributor Credit
15-10-2024,Nandini Toned Milk (1L),Milk,Mysuru,Chamundi Agencies Mysuru,737,42,30954,Supermarket,UPI
15-10-2024,Nandini Mysore Pak (250g),Sweets,Bengaluru,Apex Dairy Supplies Bengaluru,300,160,48000,Wholesale,UPI
15-10-2024,Nandini Pure Ghee (500ml),Ghee & Butter,Bengaluru,Apex Dairy Supplies Bengaluru,223,315,70245,Supermarket,Credit Card
15-10-2024,Nandini Salted Butter (500g),Ghee & Butter,Bengaluru,Apex Dairy Supplies Bengaluru,181,275,49775,Wholesale,Net Banking
15-10-2024,Nandini Gulab Jamun (1kg),Sweets,Hubballi,Kittur Distributors Hubballi,78,260,20280,Retail,
15-10-2024,Nandini Toned Milk (1L),Milk,Ballari,Tungabhadra Dairy Logistics Ballari,829,42,34818,Retail,UPI
15-10-2024,Nandini Gulab Jamun (1kg),Sweets,Belagavi,North Karnataka Milk Center Belagavi,92,260,23920,Retail,UPI
15-10-2024,Nandini Sweet Lassi (200ml),Beverages,Bengaluru,Apex Dairy Supplies Bengaluru,296,20,5920,Retail,Net Banking
15-10-2024,Nandini Shubham Milk (1L),Milk,Mangaluru,Coastal Cool Logistics Mangaluru,383,50,19150,Retail,Net Banking
16-10-2024,Nandini Spiced Buttermilk (200ml),Beverages,Hubballi,Kittur Distributors Hubballi,541,12,6492,Supermarket,UPI
16-10-2024,Nandini Pure Ghee (500ml),Ghee & Butter,Mysuru,Chamundi Agencies Mysuru,203,315,63945,Retail,UPI
16-10-2024,Nandini Samrudhi Milk (1L),Milk,Mangaluru,Coastal Cool Logistics Mangaluru,298,54,16092,Hotel / Restaurant,UPI
16-10-2024,Nandini Samrudhi Milk (1L),Milk,Davanagere,Central Karnataka Traders Davanagere,177,54,9558,Hotel / Restaurant,UPI
16-10-2024,Nandini Salted Butter (500g),Ghee & Butter,Bengaluru,Apex Dairy Supplies Bengaluru,246,275,67650,Retail,UPI
16-10-2024,Nandini Samrudhi Milk (1L),Milk,Mysuru,Chamundi Agencies Mysuru,217,54,11718,Retail,Cash
16-10-2024,Nandini Set Curd (400g),Fresh Dairy,Davanagere,Central Karnataka Traders Davanagere,237,40,9480,Hotel / Restaurant,UPI
16-10-2024,Nandini Special Milk (1L),Milk,Hubballi,Kittur Distributors Hubballi,317,48,15216,Retail,UPI
16-10-2024,Nandini Curd (500g),Fresh Dairy,Hubballi,Kittur Distributors Hubballi,421,26,10946,Supermarket,Cash
16-10-2024,Nandini Milk Peda (250g),Sweets,Bengaluru,Apex Dairy Supplies Bengaluru,261,140,36540,Supermarket,Net Banking
16-10-2024,Nandini Curd (500g),Fresh Dairy,Bengaluru,Apex Dairy Supplies Bengaluru,631,26,16406,Wholesale,UPI
16-10-2024,Nandini Curd (500g),Fresh Dairy,Davanagere,Central Karnataka Traders Davanagere,353,26,9178,Retail,Net Banking
16-10-2024,Nandini Unsalted Butter (500g),Ghee & Butter,Bengaluru,Apex Dairy Supplies Bengaluru,116,280,32480,Retail,UPI
16-10-2024,Nandini Pure Ghee (500ml),Ghee & Butter,Tumakuru,Siddaganga Milk Express Tumakuru,132,315,41580,Retail,UPI
16-10-2024,Nandini Shubham Milk (1L),Milk,Tumakuru,Siddaganga Milk Express Tumakuru,546,50,27300,Hotel / Restaurant,Credit Card
17-10-2024,Nandini Fresh Paneer (200g),Fresh Dairy,Mangaluru,Coastal Cool Logistics Mangaluru,103,95,9785,Supermarket,Net Banking
17-10-2024,Nandini Curd (500g),Fresh Dairy,Bengaluru,Apex Dairy Supplies Bengaluru,826,26,21476,Wholesale,Credit Card
17-10-2024,Nandini Kulfi (50ml),Frozen,Hubballi,Kittur Distributors Hubballi,160,25,4000,Hotel / Restaurant,Cash
17-10-2024,Nandini Shubham Milk (1L),Milk,Hubballi,Kittur Distributors Hubballi,171,50,8550,Supermarket,UPI
17-10-2024,Nandini Set Curd (400g),Fresh Dairy,Bengaluru,Apex Dairy Supplies Bengaluru,77,40,3080,Supermarket,UPI
17-10-2024,Nandini Special Milk (1L),Milk,Bengaluru,Apex Dairy Supplies Bengaluru,383,48,18384,Retail,Net Banking
17-10-2024,Nandini Kulfi (50ml),Frozen,Hubballi,Kittur Distributors Hubballi,200,25,5000,Supermarket,UPI
17-10-2024,Nandini Salted Butter (500g),Ghee & Butter,Hubballi,Kittur Distributors Hubballi,187,275,51425,Supermarket,UPI
17-10-2024,Nandini Fresh Paneer (200g),Fresh Dairy,Bengaluru,Apex Dairy Supplies Bengaluru,133,95,12635,Retail,UPI
18-10-2024,Nandini Fresh Paneer (200g),Fresh Dairy,Bengaluru,Apex Dairy Supplies Bengaluru,200,95,19000,Hotel / Restaurant,UPI
18-10-2024,Nandini Homogenised Cow Milk (1L),Milk,Bengaluru,Apex Dairy Supplies Bengaluru,949,46,43654,Supermarket,UPI
18-10-2024,Nandini Mysore Pak (250g),Sweets,Hubballi,Kittur Distributors Hubballi,228,160,36480,Hotel / Restaurant,UPI
18-10-2024,Nandini Unsalted Butter (500g),Ghee & Butter,Davanagere,Central Karnataka Traders Davanagere,128,280,35840,Supermarket,Cash
18-10-2024,Nandini Salted Butter (500g),Ghee & Butter,Kalaburagi,Kalyana Karnataka Foods Kalaburagi,138,275,37950,Wholesale,UPI
18-10-2024,Nandini Special Milk (1L),Milk,Hubballi,Kittur Distributors Hubballi,401,48,19248,Retail,Net Banking
18-10-2024,Nandini Salted Butter (500g),Ghee & Butter,Bengaluru,Apex Dairy Supplies Bengaluru,157,275,43175,Wholesale,UPI
18-10-2024,Nandini Shubham Milk (1L),Milk,Bengaluru,Apex Dairy Supplies Bengaluru,649,50,32450,Hotel / Restaurant,Credit Card
18-10-2024,Nandini Milk Peda (250g),Sweets,Bengaluru,Apex Dairy Supplies Bengaluru,171,140,23940,Wholesale,Cash
18-10-2024,Nandini Shubham Milk (1L),Milk,Mangaluru,Coastal Cool Logistics Mangaluru,128,50,6400,Supermarket,Cash
18-10-2024,Nandini Toned Milk (1L),Milk,Ballari,Tungabhadra Dairy Logistics Ballari,374,42,15708,Retail,UPI
18-10-2024,Nandini Mysore Pak (250g),Sweets,Shivamogga,Malnad Dairy Network Shivamogga,152,160,24320,Supermarket,Net Banking
18-10-2024,Nandini Milk Peda (250g),Sweets,Bengaluru,Apex Dairy Supplies Bengaluru,409,140,57260,Wholesale,UPI
18-10-2024,Nandini Homogenised Cow Milk (1L),Milk,Mysuru,Chamundi Agencies Mysuru,423,46,19458,Supermarket,Net Banking
18-10-2024,Nandini Gulab Jamun (1kg),Sweets,Ballari,Tungabhadra Dairy Logistics Ballari,211,260,54860,Institution,Cash
18-10-2024,Nandini Kulfi (50ml),Frozen,Bengaluru,Apex Dairy Supplies Bengaluru,605,25,15125,Wholesale,Net Banking
19-10-2024,Nandini Pure Ghee (500ml),Ghee & Butter,Hubballi,Kittur Distributors Hubballi,88,315,27720,Retail,UPI
19-10-2024,Nandini Cassata Ice Cream (150ml),Frozen,Mangaluru,Coastal Cool Logistics Mangaluru,75,55,4125,Retail,Cash
19-10-2024,Nandini Homogenised Cow Milk (1L),Milk,Hubballi,Kittur Distributors Hubballi,328,46,15088,Retail,UPI
19-10-2024,Nandini Fresh Paneer (200g),Fresh Dairy,Belagavi,North Karnataka Milk Center Belagavi,150,95,14250,Supermarket,Net Banking
19-10-2024,Nandini Gulab Jamun (1kg),Sweets,Mysuru,Chamundi Agencies Mysuru,264,260,68640,Retail,UPI
19-10-2024,Nandini Kulfi (50ml),Frozen,Mysuru,Chamundi Agencies Mysuru,199,25,4975,Wholesale,UPI
19-10-2024,Nandini Sweet Lassi (200ml),Beverages,Bengaluru,Apex Dairy Supplies Bengaluru,657,20,13140,Supermarket,Credit Card
19-10-2024,Nandini Set Curd (400g),Fresh Dairy,Bengaluru,Apex Dairy Supplies Bengaluru,185,40,7400,Wholesale,UPI
19-10-2024,Nandini Kulfi (50ml),Frozen,Bengaluru,Apex Dairy Supplies Bengaluru,404,25,10100,Institution,Cash
19-10-2024,Nandini Milk Peda (250g),Sweets,Tumakuru,Siddaganga Milk Express Tumakuru,183,140,25620,Retail,UPI
19-10-2024,Nandini Salted Butter (500g),Ghee & Butter,Bengaluru,Apex Dairy Supplies Bengaluru,245,275,67375,Retail,Net Banking
19-10-2024,Nandini Spiced Buttermilk (200ml),Beverages,Bengaluru,Apex Dairy Supplies Bengaluru,815,12,9780,Institution,UPI
19-10-2024,Nandini Spiced Buttermilk (200ml),Beverages,Mysuru,Chamundi Agencies Mysuru,1011,12,12132,Hotel / Restaurant,Net Banking
19-10-2024,Nandini Kulfi (50ml),Frozen,Mangaluru,Coastal Cool Logistics Mangaluru,400,25,10000,Wholesale,Credit Card
19-10-2024,Nandini Pure Ghee (500ml),Ghee & Butter,Bengaluru,Apex Dairy Supplies Bengaluru,521,315,164115,Wholesale,Net Banking
19-10-2024,Nandini Special Milk (1L),Milk,Belagavi,North Karnataka Milk Center Belagavi,392,48,18816,Wholesale,Cash
20-10-2024,Nandini Pure Ghee (1L),Ghee & Butter,Bengaluru,Apex Dairy Supplies Bengaluru,155,610,94550,Retail,UPI
20-10-2024,Nandini Shubham Milk (1L),Milk,Ballari,Tungabhadra Dairy Logistics Ballari,229,50,11450,Retail,UPI
20-10-2024,Nandini Kulfi (50ml),Frozen,Mangaluru,Coastal Cool Logistics Mangaluru,364,25,9100,Hotel / Restaurant,UPI
20-10-2024,Nandini Set Curd (400g),Fresh Dairy,Mysuru,Chamundi Agencies Mysuru,152,40,6080,Wholesale,Net Banking
20-10-2024,Nandini Pure Ghee (500ml),Ghee & Butter,Mangaluru,Coastal Cool Logistics Mangaluru,303,315,95445,Wholesale,UPI
20-10-2024,Nandini Shubham Milk (1L),Milk,Mysuru,Chamundi Agencies Mysuru,231,50,11550,Retail,Distributor Credit
20-10-2024,Nandini Flavoured Milk Badam (200ml),Beverages,Bengaluru,Apex Dairy Supplies Bengaluru,254,35,8890,Wholesale,Distributor Credit
20-10-2024,Nandini Sweet Lassi (200ml),Beverages,Kalaburagi,Kalyana Karnataka Foods Kalaburagi,403,20,8060,Supermarket,Cash
20-10-2024,Nandini Pure Ghee (500ml),Ghee & Butter,Tumakuru,Siddaganga Milk Express Tumakuru,86,315,27090,Retail,UPI
20-10-2024,Nandini Flavoured Milk Badam (200ml),Beverages,Shivamogga,Malnad Dairy Network Shivamogga,192,35,6720,Retail,UPI
20-10-2024,Nandini Set Curd (400g),Fresh Dairy,Hubballi,Kittur Distributors Hubballi,75,40,3000,Retail,Net Banking
20-10-2024,Nandini Unsalted Butter (500g),Ghee & Butter,Bengaluru,Apex Dairy Supplies Bengaluru,75,280,21000,Retail,UPI
20-10-2024,Nandini Special Milk (1L),Milk,Shivamogga,Malnad Dairy Network Shivamogga,717,48,34416,Hotel / Restaurant,Net Banking
20-10-2024,Nandini Salted Butter (500g),Ghee & Butter,Bengaluru,Apex Dairy Supplies Bengaluru,189,275,51975,Hotel / Restaurant,Credit Card
20-10-2024,Nandini Mysore Pak (250g),Sweets,Bengaluru,Apex Dairy Supplies Bengaluru,286,160,45760,Institution,UPI
21-10-2024,Nandini Toned Milk (1L),Milk,Mysuru,Chamundi Agencies Mysuru,863,42,36246,Retail,UPI
21-10-2024,Nandini Flavoured Milk Badam (200ml),Beverages,Bengaluru,Apex Dairy Supplies Bengaluru,318,35,11130,Retail,UPI
21-10-2024,Nandini Cassata Ice Cream (150ml),Frozen,Bengaluru,Apex Dairy Supplies Bengaluru,292,55,16060,Wholesale,UPI
21-10-2024,Nandini Spiced Buttermilk (200ml),Beverages,Kalaburagi,Kalyana Karnataka Foods Kalaburagi,723,12,8676,Retail,Net Banking
21-10-2024,Nandini Mysore Pak (250g),Sweets,Davanagere,Central Karnataka Traders Davanagere,162,160,25920,Institution,Credit Card
21-10-2024,Nandini Shubham Milk (1L),Milk,Mangaluru,Coastal Cool Logistics Mangaluru,451,50,22550,Wholesale,Net Banking
21-10-2024,Nandini Mysore Pak (250g),Sweets,Bengaluru,Apex Dairy Supplies Bengaluru,226,160,36160,Retail,Credit Card
21-10-2024,Nandini Special Milk (1L),Milk,Kalaburagi,Kalyana Karnataka Foods Kalaburagi,574,48,27552,Hotel / Restaurant,Cash
21-10-2024,Nandini Spiced Buttermilk (200ml),Beverages,Bengaluru,Apex Dairy Supplies Bengaluru,587,12,7044,Supermarket,UPI
21-10-2024,Nandini Samrudhi Milk (1L),Milk,Bengaluru,Apex Dairy Supplies Bengaluru,417,54,22518,Institution,UPI
21-10-2024,Nandini Unsalted Butter (500g),Ghee & Butter,Kalaburagi,Kalyana Karnataka Foods Kalaburagi,126,280,35280,Supermarket,UPI
21-10-2024,Nandini Spiced Buttermilk (200ml),Beverages,Hubballi,Kittur Distributors Hubballi,557,12,6684,Supermarket,Cash
21-10-2024,Nandini Samrudhi Milk (1L),Milk,Mysuru,Chamundi Agencies Mysuru,355,54,19170,Hotel / Restaurant,UPI
21-10-2024,Nandini Curd (500g),Fresh Dairy,Bengaluru,Apex Dairy Supplies Bengaluru,528,26,13728,Retail,Credit Card
21-10-2024,NANDINI SWEET LASSI (200ML),Beverages,Bengaluru,Apex Dairy Supplies Bengaluru,562,20,11240,Retail,Net Banking
22-10-2024,Nandini Special Milk (1L),Milk,Bengaluru,Apex Dairy Supplies Bengaluru,266,48,12768,Supermarket,Cash
22-10-2024,Nandini Samrudhi Milk (1L),Milk,Mysuru,Chamundi Agencies Mysuru,313,54,16902,Supermarket,Credit Card
22-10-2024,Nandini Mysore Pak (250g),Sweets,Hubballi,Kittur Distributors Hubballi,156,160,24960,Supermarket,UPI
22-10-2024,Nandini Set Curd (400g),Fresh Dairy,Mangaluru,Coastal Cool Logistics Mangaluru,89,40,3560,Supermarket,Cash
22-10-2024,Nandini Set Curd (400g),Fresh Dairy,Belagavi,North Karnataka Milk Center Belagavi,131,40,5240,Supermarket,Cash
22-10-2024,Nandini Toned Milk (1L),Milk,Bengaluru,Apex Dairy Supplies Bengaluru,2273,42,95466,Institution,Credit Card
22-10-2024,Nandini Samrudhi Milk (1L),Milk,Bengaluru,Apex Dairy Supplies Bengaluru,200,54,10800,Retail,UPI
22-10-2024,Nandini Fresh Paneer (200g),Fresh Dairy,Mysuru,Chamundi Agencies Mysuru,206,95,19570,Supermarket,Net Banking
22-10-2024,Nandini Salted Butter (500g),Ghee & Butter,Bengaluru,Apex Dairy Supplies Bengaluru,75,275,20625,Retail,Net Banking
22-10-2024,Nandini Homogenised Cow Milk (1L),Milk,Bengaluru,Apex Dairy Supplies Bengaluru,1337,46,61502,Wholesale,Net Banking
22-10-2024,Nandini Kulfi (50ml),Frozen,Bengaluru,Apex Dairy Supplies Bengaluru,212,25,5300,Supermarket,UPI
22-10-2024,Nandini Curd (500g),Fresh Dairy,Hubballi,Kittur Distributors Hubballi,415,26,10790,Retail,Distributor Credit
22-10-2024,Nandini Shubham Milk (1L),Milk,Bengaluru,Apex Dairy Supplies Bengaluru,498,50,24900,Retail,UPI
22-10-2024,Nandini Fresh Paneer (200g),Fresh Dairy,Hubballi,Kittur Distributors Hubballi,197,95,18715,Retail,UPI
23-10-2024,Nandini Homogenised Cow Milk (1L),Milk,Hubballi,Kittur Distributors Hubballi,550,46,25300,Supermarket,Net Banking
23-10-2024,Nandini Salted Butter (500g),Ghee & Butter,Bengaluru,Apex Dairy Supplies Bengaluru,293,275,80575,Wholesale,Net Banking
23-10-2024,Nandini Curd (500g),Fresh Dairy,Bengaluru,Apex Dairy Supplies Bengaluru,1176,26,30576,Wholesale,Net Banking
23-10-2024,Nandini Shubham Milk (1L),Milk,Belagavi,North Karnataka Milk Center Belagavi,202,50,10100,Retail,Net Banking
23-10-2024,Nandini Set Curd (400g),Fresh Dairy,Bengaluru,Apex Dairy Supplies Bengaluru,220,40,8800,Wholesale,UPI
23-10-2024,Nandini Curd (500g),Fresh Dairy,Mangaluru,Coastal Cool Logistics Mangaluru,303,26,7878,Retail,UPI
23-10-2024,Nandini Toned Milk (1L),Milk,Davanagere,Central Karnataka Traders Davanagere,776,42,32592,Retail,UPI
23-10-2024,Nandini Kulfi (50ml),Frozen,Bengaluru,Apex Dairy Supplies Bengaluru,151,25,3775,Retail,Credit Card
23-10-2024,Nandini Samrudhi Milk (1L),Milk,Bengaluru,Apex Dairy Supplies Bengaluru,171,54,9234,Retail,Net Banking
23-10-2024,Nandini Kulfi (50ml),Frozen,Mangaluru,Coastal Cool Logistics Mangaluru,232,25,5800,Supermarket,Cash
23-10-2024,Nandini Gulab Jamun (1kg),Sweets,Bengaluru,Apex Dairy Supplies Bengaluru,111,260,28860,Retail,Net Banking
23-10-2024,Nandini Samrudhi Milk (1L),Milk,Hubballi,Kittur Distributors Hubballi,229,54,12366,Retail,Cash
23-10-2024,Nandini Toned Milk (1L),Milk,Mysuru,Chamundi Agencies Mysuru,909,42,38178,Retail,UPI
24-10-2024,Nandini Set Curd (400g),Fresh Dairy,Mangaluru,Coastal Cool Logistics Mangaluru,154,40,6160,Retail,UPI
24-10-2024,Nandini Special Milk (1L),Milk,Bengaluru,Apex Dairy Supplies Bengaluru,526,48,25248,Supermarket,Cash
24-10-2024,Nandini Cassata Ice Cream (150ml),Frozen,Bengaluru,Apex Dairy Supplies Bengaluru,196,55,10780,Retail,UPI
24-10-2024,Nandini Milk Peda (250g),Sweets,Davanagere,Central Karnataka Traders Davanagere,91,140,12740,Retail,UPI
24-10-2024,Nandini Unsalted Butter (500g),Ghee & Butter,Mysuru,Chamundi Agencies Mysuru,334,280,93520,Wholesale,UPI
24-10-2024,Nandini Gulab Jamun (1kg),Sweets,Bengaluru,Apex Dairy Supplies Bengaluru,139,260,36140,Wholesale,Credit Card
24-10-2024,Nandini Pure Ghee (1L),Ghee & Butter,Mysuru,Chamundi Agencies Mysuru,227,610,138470,Retail,Credit Card
24-10-2024,Nandini Spiced Buttermilk (200ml),Beverages,Bengaluru,Apex Dairy Supplies Bengaluru,836,12,10032,Supermarket,UPI
24-10-2024,Nandini Toned Milk (1L),Milk,Kalaburagi,Kalyana Karnataka Foods Kalaburagi,485,42,20370,Supermarket,UPI
24-10-2024,Nandini Spiced Buttermilk (200ml),Beverages,Hubballi,Kittur Distributors Hubballi,1231,12,14772,Wholesale,Cash
24-10-2024,Nandini Milk Peda (250g),Sweets,Bengaluru,Apex Dairy Supplies Bengaluru,238,140,33320,Retail,Distributor Credit
25-10-2024,Nandini Unsalted Butter (500g),Ghee & Butter,Bengaluru,Apex Dairy Supplies Bengaluru,106,280,29680,Supermarket,Net Banking
25-10-2024,Nandini Milk Peda (250g),Sweets,Mysuru,Chamundi Agencies Mysuru,488,140,68320,Wholesale,UPI
25-10-2024,Nandini Spiced Buttermilk (200ml),Beverages,Bengaluru,Apex Dairy Supplies Bengaluru,763,12,9156,Supermarket,UPI
25-10-2024,Nandini Spiced Buttermilk (200ml),Beverages,Bengaluru,Apex Dairy Supplies Bengaluru,793,12,9516,Retail,UPI
25-10-2024,Nandini Flavoured Milk Badam (200ml),Beverages,Bengaluru,Apex Dairy Supplies Bengaluru,243,35,8505,Retail,UPI
25-10-2024,Nandini Toned Milk (1L),Milk,Tumakuru,Siddaganga Milk Express Tumakuru,1614,42,67788,Wholesale,UPI
25-10-2024,Nandini Unsalted Butter (500g),Ghee & Butter,Shivamogga,Malnad Dairy Network Shivamogga,119,280,33320,Retail,UPI
25-10-2024,Nandini Curd (500g),Fresh Dairy,Mysuru,Chamundi Agencies Mysuru,568,26,14768,Retail,UPI
25-10-2024,Nandini Samrudhi Milk (1L),Milk,Ballari,Tungabhadra Dairy Logistics Ballari,263,54,14202,Retail,Net Banking
25-10-2024,Nandini Flavoured Milk Badam (200ml),Beverages,Bengaluru,Apex Dairy Supplies Bengaluru,192,35,6720,Supermarket,UPI
25-10-2024,Nandini Special Milk (1L),Milk,Hubballi,Kittur Distributors Hubballi,482,48,23136,Retail,Net Banking
26-10-2024,Nandini Flavoured Milk Badam (200ml),Beverages,Hubballi,Kittur Distributors Hubballi,338,35,11830,Institution,Net Banking
26-10-2024,Nandini Salted Butter (500g),Ghee & Butter,Hubballi,Kittur Distributors Hubballi,104,275,28600,Retail,UPI
26-10-2024,Nandini Gulab Jamun (1kg),Sweets,Bengaluru,Apex Dairy Supplies Bengaluru,81,260,21060,Hotel / Restaurant,Net Banking
26-10-2024,Nandini Flavoured Milk Badam (200ml),Beverages,Belagavi,North Karnataka Milk Center Belagavi,164,35,5740,Retail,Net Banking
26-10-2024,Nandini Pure Ghee (500ml),Ghee & Butter,Shivamogga,Malnad Dairy Network Shivamogga,129,315,40635,Hotel / Restaurant,Net Banking
26-10-2024,Nandini Unsalted Butter (500g),Ghee & Butter,Bengaluru,Apex Dairy Supplies Bengaluru,69,280,19320,Retail,Cash
26-10-2024,Nandini Pure Ghee (1L),Ghee & Butter,Tumakuru,Siddaganga Milk Express Tumakuru,124,610,75640,Retail,Net Banking
27-10-2024,Nandini Salted Butter (500g),Ghee & Butter,Bengaluru,Apex Dairy Supplies Bengaluru,123,275,33825,Supermarket,UPI
27-10-2024,Nandini Homogenised Cow Milk (1L),Milk,Bengaluru,Apex Dairy Supplies Bengaluru,1021,46,46966,Hotel / Restaurant,UPI
27-10-2024,Nandini Unsalted Butter (500g),Ghee & Butter,Hubballi,Kittur Distributors Hubballi,110,280,30800,Retail,Credit Card
27-10-2024,Nandini Homogenised Cow Milk (1L),Milk,Davanagere,Central Karnataka Traders Davanagere,414,46,19044,Retail,Cash
27-10-2024,Nandini Cassata Ice Cream (150ml),Frozen,Bengaluru,Apex Dairy Supplies Bengaluru,183,55,10065,Wholesale,UPI
27-10-2024,Nandini Pure Ghee (500ml),Ghee & Butter,Bengaluru,Apex Dairy Supplies Bengaluru,358,315,112770,Hotel / Restaurant,Net Banking
27-10-2024,Nandini Milk Peda (250g),Sweets,Bengaluru,Apex Dairy Supplies Bengaluru,337,140,47180,Institution,Cash
27-10-2024,Nandini Milk Peda (250g),Sweets,Bengaluru,Apex Dairy Supplies Bengaluru,355,140,49700,Supermarket,UPI
28-10-2024,Nandini Sweet Lassi (200ml),Beverages,Tumakuru,Siddaganga Milk Express Tumakuru,426,20,8520,Supermarket,Net Banking
28-10-2024,Nandini Sweet Lassi (200ml),Beverages,Belagavi,North Karnataka Milk Center Belagavi,193,20,3860,Supermarket,Net Banking
28-10-2024,Nandini Kulfi (50ml),Frozen,Kalaburagi,Kalyana Karnataka Foods Kalaburagi,94,25,2350,Retail,UPI
28-10-2024,Nandini Homogenised Cow Milk (1L),Milk,Bengaluru,Apex Dairy Supplies Bengaluru,460,46,21160,Retail,Net Banking
28-10-2024,Nandini Fresh Paneer (200g),Fresh Dairy,Kalaburagi,Kalyana Karnataka Foods Kalaburagi,284,95,26980,Hotel / Restaurant,Cash
28-10-2024,Nandini Spiced Buttermilk (200ml),Beverages,Hubballi,Kittur Distributors Hubballi,564,12,6768,Retail,UPI
28-10-2024,Nandini Special Milk (1L),Milk,Hubballi,Kittur Distributors Hubballi,535,48,25680,Hotel / Restaurant,UPI
28-10-2024,Nandini Fresh Paneer (200g),Fresh Dairy,Davanagere,Central Karnataka Traders Davanagere,80,95,7600,Retail,UPI
28-10-2024,Nandini Curd (500g),Fresh Dairy,Hubballi,Kittur Distributors Hubballi,220,26,5720,Supermarket,UPI
28-10-2024,Nandini Shubham Milk (1L),Milk,Bengaluru,Apex Dairy Supplies Bengaluru,528,50,26400,Hotel / Restaurant,UPI
28-10-2024,Nandini Shubham Milk (1L),Milk,Bengaluru,Apex Dairy Supplies Bengaluru,174,50,8700,Retail,Cash
28-10-2024,Nandini Spiced Buttermilk (200ml),Beverages,Hubballi,Kittur Distributors Hubballi,886,12,10632,Hotel / Restaurant,Net Banking
28-10-2024,Nandini Spiced Buttermilk (200ml),Beverages,Tumakuru,Siddaganga Milk Express Tumakuru,517,12,6204,Retail,Distributor Credit
28-10-2024,Nandini Set Curd (400g),Fresh Dairy,Mysuru,Chamundi Agencies Mysuru,125,40,5000,Retail,Credit Card
28-10-2024,Nandini Cassata Ice Cream (150ml),Frozen,Mysuru,Chamundi Agencies Mysuru,146,55,8030,Supermarket,UPI
28-10-2024,Nandini Sweet Lassi (200ml),Beverages,Mangaluru,Coastal Cool Logistics Mangaluru,156,20,3120,Retail,Cash
28-10-2024,Nandini Curd (500g),Fresh Dairy,Mysuru,Chamundi Agencies Mysuru,659,26,17134,Wholesale,Net Banking
28-10-2024,Nandini Flavoured Milk Badam (200ml),Beverages,Bengaluru,Apex Dairy Supplies Bengaluru,490,35,17150,Wholesale,Net Banking
28-10-2024,Nandini Samrudhi Milk (1L),Milk,Bengaluru,Apex Dairy Supplies Bengaluru,314,54,16956,Supermarket,UPI
29-10-2024,Nandini Shubham Milk (1L),Milk,Bengaluru,Apex Dairy Supplies Bengaluru,432,50,21600,Retail,Credit Card
29-10-2024,Nandini Milk Peda (250g),Sweets,Bengaluru,Apex Dairy Supplies Bengaluru,96,140,13440,Retail,UPI
29-10-2024,Nandini Pure Ghee (1L),Ghee & Butter,Bengaluru,Apex Dairy Supplies Bengaluru,107,610,65270,Supermarket,UPI
29-10-2024,Nandini Special Milk (1L),Milk,Belagavi,North Karnataka Milk Center Belagavi,189,48,9072,Retail,Credit Card
29-10-2024,Nandini Mysore Pak (250g),Sweets,Belagavi,North Karnataka Milk Center Belagavi,183,160,29280,Wholesale,Net Banking
29-10-2024,Nandini Samrudhi Milk (1L),Milk,Hubballi,Kittur Distributors Hubballi,151,54,8154,Retail,UPI
29-10-2024,Nandini Toned Milk (1L),Milk,Bengaluru,Apex Dairy Supplies Bengaluru,1651,42,69342,Wholesale,Net Banking
29-10-2024,Nandini Spiced Buttermilk (200ml),Beverages,Mysuru,Chamundi Agencies Mysuru,817,12,9804,Institution,Cash
29-10-2024,Nandini Spiced Buttermilk (200ml),Beverages,Bengaluru,Apex Dairy Supplies Bengaluru,1129,12,13548,Hotel / Restaurant,Credit Card
29-10-2024,Nandini Kulfi (50ml),Frozen,Davanagere,Central Karnataka Traders Davanagere,212,25,5300,Hotel / Restaurant,UPI
29-10-2024,Nandini Pure Ghee (1L),Ghee & Butter,Bengaluru,Apex Dairy Supplies Bengaluru,255,610,155550,Wholesale,Cash
29-10-2024,Nandini Toned Milk (1L),Milk,Bengaluru,Apex Dairy Supplies Bengaluru,1760,42,73920,Wholesale,Net Banking
30-10-2024,Nandini Set Curd (400g),Fresh Dairy,Bengaluru,Apex Dairy Supplies Bengaluru,96,40,3840,Retail,UPI
30-10-2024,Nandini Milk Peda (250g),Sweets,Bengaluru,Apex Dairy Supplies Bengaluru,242,140,33880,Institution,UPI
30-10-2024,Nandini Samrudhi Milk (1L),Milk,Ballari,Tungabhadra Dairy Logistics Ballari,128,54,6912,Supermarket,Cash
30-10-2024,Nandini Curd (500g),Fresh Dairy,Tumakuru,Siddaganga Milk Express Tumakuru,887,26,23062,Wholesale,UPI
30-10-2024,Nandini Pure Ghee (500ml),Ghee & Butter,Bengaluru,Apex Dairy Supplies Bengaluru,177,315,55755,Wholesale,Net Banking
30-10-2024,Nandini Special Milk (1L),Milk,Bengaluru,Apex Dairy Supplies Bengaluru,1179,48,56592,Wholesale,UPI
30-10-2024,Nandini Fresh Paneer (200g),Fresh Dairy,Bengaluru,Apex Dairy Supplies Bengaluru,172,95,16340,Retail,Net Banking
30-10-2024,Nandini Cassata Ice Cream (150ml),Frozen,Hubballi,Kittur Distributors Hubballi,176,55,9680,Hotel / Restaurant,UPI
30-10-2024,Nandini Homogenised Cow Milk (1L),Milk,Mysuru,Chamundi Agencies Mysuru,737,46,33902,Supermarket,Cash
30-10-2024,Nandini Milk Peda (250g),Sweets,Mysuru,Chamundi Agencies Mysuru,205,140,28700,Retail,Cash
30-10-2024,Nandini Samrudhi Milk (1L),Milk,Mysuru,Chamundi Agencies Mysuru,262,54,14148,Retail,UPI
30-10-2024,Nandini Cassata Ice Cream (150ml),Frozen,Davanagere,Central Karnataka Traders Davanagere,89,55,4895,Supermarket,UPI
30-10-2024,Nandini Kulfi (50ml),Frozen,Kalaburagi,Kalyana Karnataka Foods Kalaburagi,174,25,4350,Institution,UPI
30-10-2024,Nandini Homogenised Cow Milk (1L),Milk,Hubballi,Kittur Distributors Hubballi,265,46,12190,Retail,UPI
30-10-2024,Nandini Salted Butter (500g),Ghee & Butter,Kalaburagi,Kalyana Karnataka Foods Kalaburagi,73,275,20075,Retail,UPI
30-10-2024,Nandini Set Curd (400g),Fresh Dairy,Hubballi,Kittur Distributors Hubballi,118,40,4720,Retail,Net Banking
31-10-2024,Nandini Kulfi (50ml),Frozen,Belagavi,North Karnataka Milk Center Belagavi,135,25,3375,Retail,UPI
31-10-2024,Nandini Flavoured Milk Badam (200ml),Beverages,Mysuru,Chamundi Agencies Mysuru,110,35,3850,Supermarket,Cash
31-10-2024,Nandini Special Milk (1L),Milk,Bengaluru,Apex Dairy Supplies Bengaluru,308,48,14784,Retail,UPI
31-10-2024,Nandini Flavoured Milk Badam (200ml),Beverages,Davanagere,Central Karnataka Traders Davanagere,271,35,9485,Hotel / Restaurant,UPI
31-10-2024,Nandini Samrudhi Milk (1L),Milk,Shivamogga,Malnad Dairy Network Shivamogga,391,54,21114,Wholesale,UPI
31-10-2024,Nandini Kulfi (50ml),Frozen,Mangaluru,Coastal Cool Logistics Mangaluru,179,25,4475,Hotel / Restaurant,UPI
31-10-2024,Nandini Gulab Jamun (1kg),Sweets,Hubballi,Kittur Distributors Hubballi,102,260,26520,Retail,UPI
31-10-2024,Nandini Pure Ghee (500ml),Ghee & Butter,Bengaluru,Apex Dairy Supplies Bengaluru,318,315,100170,Hotel / Restaurant,UPI
31-10-2024,Nandini Kulfi (50ml),Frozen,Hubballi,Kittur Distributors Hubballi,214,25,5350,Institution,UPI
31-10-2024,Nandini Special Milk (1L),Milk,Belagavi,North Karnataka Milk Center Belagavi,503,48,24144,Hotel / Restaurant,UPI
31-10-2024,Nandini Pure Ghee (500ml),Ghee & Butter,Bengaluru,Apex Dairy Supplies Bengaluru,315,315,99225,Wholesale,UPI
01-11-2024,Nandini Set Curd (400g),Fresh Dairy,Kalaburagi,Kalyana Karnataka Foods Kalaburagi,138,40,5520,Supermarket,UPI
01-11-2024,Nandini Samrudhi Milk (1L),Milk,Bengaluru,Apex Dairy Supplies Bengaluru,169,54,9126,Supermarket,Cash
01-11-2024,Nandini Curd (500g),Fresh Dairy,bengaluru ,Apex Dairy Supplies Bengaluru,737,26,19162,Supermarket,UPI
01-11-2024,Nandini Flavoured Milk Badam (200ml),Beverages,Hubballi,Kittur Distributors Hubballi,253,35,8855,Wholesale,UPI
01-11-2024,Nandini Sweet Lassi (200ml),Beverages,Belagavi,North Karnataka Milk Center Belagavi,165,20,3300,Supermarket,Net Banking
01-11-2024,Nandini Sweet Lassi (200ml),Beverages,Bengaluru,Apex Dairy Supplies Bengaluru,288,20,5760,Supermarket,Net Banking
01-11-2024,Nandini Spiced Buttermilk (200ml),Beverages,Mysuru,Chamundi Agencies Mysuru,1729,12,20748,Wholesale,UPI
01-11-2024,Nandini Set Curd (400g),Fresh Dairy,Bengaluru,Apex Dairy Supplies Bengaluru,201,40,8040,Retail,UPI
01-11-2024,Nandini Sweet Lassi (200ml),Beverages,Shivamogga,Malnad Dairy Network Shivamogga,145,20,2900,Retail,Credit Card
01-11-2024,Nandini Kulfi (50ml),Frozen,Mysuru,Chamundi Agencies Mysuru,187,25,4675,Retail,UPI
01-11-2024,Nandini Shubham Milk (1L),Milk,Bengaluru,Apex Dairy Supplies Bengaluru,188,50,9400,Supermarket,UPI
01-11-2024,Nandini Salted Butter (500g),Ghee & Butter,Bengaluru,Apex Dairy Supplies Bengaluru,198,275,54450,Retail,Cash
02-11-2024,Nandini Salted Butter (500g),Ghee & Butter,Bengaluru,Apex Dairy Supplies Bengaluru,144,275,39600,Supermarket,UPI
02-11-2024,Nandini Samrudhi Milk (1L),Milk,mysuru ,Chamundi Agencies Mysuru,125,54,6750,Retail,Cash
02-11-2024,Nandini Cassata Ice Cream (150ml),Frozen,Bengaluru,Apex Dairy Supplies Bengaluru,421,55,23155,Wholesale,UPI
02-11-2024,Nandini Samrudhi Milk (1L),Milk,Bengaluru,Apex Dairy Supplies Bengaluru,501,54,27054,Hotel / Restaurant,Net Banking
02-11-2024,Nandini Pure Ghee (500ml),Ghee & Butter,Bengaluru,Apex Dairy Supplies Bengaluru,297,315,93555,Retail,UPI
02-11-2024,Nandini Toned Milk (1L),Milk,Mangaluru,Coastal Cool Logistics Mangaluru,941,42,39522,Retail,UPI
02-11-2024,Nandini Special Milk (1L),Milk,Belagavi,North Karnataka Milk Center Belagavi,510,48,24480,Supermarket,UPI
02-11-2024,Nandini Gulab Jamun (1kg),Sweets,Shivamogga,Malnad Dairy Network Shivamogga,178,260,46280,Wholesale,UPI
02-11-2024,Nandini Toned Milk (1L),Milk,Mysuru,Chamundi Agencies Mysuru,1057,42,44394,Wholesale,Cash
02-11-2024,Nandini Set Curd (400g),Fresh Dairy,Davanagere,Central Karnataka Traders Davanagere,220,40,8800,Hotel / Restaurant,Distributor Credit
02-11-2024,Nandini Cassata Ice Cream (150ml),Frozen,Mangaluru,Coastal Cool Logistics Mangaluru,218,55,11990,Supermarket,Cash
02-11-2024,Nandini Set Curd (400g),Fresh Dairy,Mysuru,Chamundi Agencies Mysuru,117,40,4680,Retail,Cash
02-11-2024,Nandini Set Curd (400g),Fresh Dairy,Belagavi,North Karnataka Milk Center Belagavi,171,40,6840,Retail,UPI
02-11-2024,Nandini Spiced Buttermilk (200ml),Beverages,Belagavi,North Karnataka Milk Center Belagavi,779,12,9348,Retail,Net Banking
02-11-2024,Nandini Homogenised Cow Milk (1L),Milk,Bengaluru,Apex Dairy Supplies Bengaluru,362,46,16652,Retail,Net Banking
02-11-2024,Nandini Gulab Jamun (1kg),Sweets,Bengaluru,Apex Dairy Supplies Bengaluru,159,260,41340,Hotel / Restaurant,UPI
02-11-2024,Nandini Kulfi (50ml),Frozen,Mysuru,Chamundi Agencies Mysuru,255,25,6375,Retail,UPI
02-11-2024,Nandini Samrudhi Milk (1L),Milk,Bengaluru,Apex Dairy Supplies Bengaluru,138,54,7452,Retail,Cash
03-11-2024,Nandini Special Milk (1L),Milk,Mysuru,Chamundi Agencies Mysuru,355,48,17040,Retail,UPI
03-11-2024,Nandini Curd (500g),Fresh Dairy,Bengaluru,Apex Dairy Supplies Bengaluru,1505,26,39130,Wholesale,Distributor Credit
03-11-2024,Nandini Homogenised Cow Milk (1L),Milk,Belagavi,North Karnataka Milk Center Belagavi,731,46,33626,Retail,UPI
03-11-2024,Nandini Curd (500g),Fresh Dairy,Bengaluru,Apex Dairy Supplies Bengaluru,1351,26,35126,Institution,UPI
03-11-2024,Nandini Set Curd (400g),Fresh Dairy,Mysuru,Chamundi Agencies Mysuru,62,40,2480,Retail,Net Banking
03-11-2024,Nandini Curd (500g),Fresh Dairy,Belagavi,North Karnataka Milk Center Belagavi,303,26,7878,Retail,Credit Card
03-11-2024,Nandini Pure Ghee (500ml),Ghee & Butter,Kalaburagi,Kalyana Karnataka Foods Kalaburagi,170,315,53550,Wholesale,UPI
03-11-2024,Nandini Special Milk (1L),Milk,Belagavi,North Karnataka Milk Center Belagavi,496,48,23808,Supermarket,Cash
03-11-2024,Nandini Samrudhi Milk (1L),Milk,Mangaluru,Coastal Cool Logistics Mangaluru,340,54,18360,Hotel / Restaurant,Net Banking
03-11-2024,Nandini Curd (500g),Fresh Dairy,Bengaluru,Apex Dairy Supplies Bengaluru,329,26,8554,Supermarket,Distributor Credit
03-11-2024,Nandini Samrudhi Milk (1L),Milk,Bengaluru,Apex Dairy Supplies Bengaluru,124,54,6696,Retail,UPI
03-11-2024,Nandini Curd (500g),Fresh Dairy,Mangaluru,Coastal Cool Logistics Mangaluru,359,26,9334,Supermarket,Credit Card
04-11-2024,Nandini Special Milk (1L),Milk,Bengaluru,Apex Dairy Supplies Bengaluru,740,48,35520,Institution,Net Banking
04-11-2024,Nandini Milk Peda (250g),Sweets,Bengaluru,Apex Dairy Supplies Bengaluru,225,140,31500,Retail,Credit Card
04-11-2024,Nandini Cassata Ice Cream (150ml),Frozen,Bengaluru,Apex Dairy Supplies Bengaluru,86,55,4730,Supermarket,UPI
04-11-2024,Nandini Kulfi (50ml),Frozen,Bengaluru,Apex Dairy Supplies Bengaluru,616,25,15400,Wholesale,UPI
04-11-2024,Nandini Fresh Paneer (200g),Fresh Dairy,Bengaluru,Apex Dairy Supplies Bengaluru,110,95,10450,Supermarket,Cash
04-11-2024,Nandini Unsalted Butter (500g),Ghee & Butter,Hubballi,Kittur Distributors Hubballi,50,280,14000,Retail,Cash
04-11-2024,Nandini Flavoured Milk Badam (200ml),Beverages,Ballari,Tungabhadra Dairy Logistics Ballari,203,35,7105,Supermarket,UPI
04-11-2024,Nandini Cassata Ice Cream (150ml),Frozen,Hubballi,Kittur Distributors Hubballi,102,55,5610,Hotel / Restaurant,Distributor Credit
04-11-2024,Nandini Kulfi (50ml),Frozen,Belagavi,North Karnataka Milk Center Belagavi,145,25,3625,Wholesale,UPI
04-11-2024,Nandini Cassata Ice Cream (150ml),Frozen,Bengaluru,Apex Dairy Supplies Bengaluru,170,55,9350,Supermarket,Cash
04-11-2024,Nandini Pure Ghee (1L),Ghee & Butter,Bengaluru,Apex Dairy Supplies Bengaluru,222,610,135420,Retail,Net Banking
05-11-2024,Nandini Unsalted Butter (500g),Ghee & Butter,Bengaluru,Apex Dairy Supplies Bengaluru,140,280,39200,Retail,Cash
05-11-2024,Nandini Kulfi (50ml),Frozen,Bengaluru,Apex Dairy Supplies Bengaluru,156,25,3900,Hotel / Restaurant,UPI
05-11-2024,Nandini Spiced Buttermilk (200ml),Beverages,Mangaluru,Coastal Cool Logistics Mangaluru,1445,12,17340,Wholesale,Distributor Credit
05-11-2024,Nandini Mysore Pak (250g),Sweets,Bengaluru,Apex Dairy Supplies Bengaluru,237,160,37920,Wholesale,UPI
05-11-2024,Nandini Mysore Pak (250g),Sweets,Mysuru,Chamundi Agencies Mysuru,80,160,12800,Retail,UPI
05-11-2024,Nandini Unsalted Butter (500g),Ghee & Butter,Kalaburagi,Kalyana Karnataka Foods Kalaburagi,127,280,35560,Retail,UPI
05-11-2024,Nandini Pure Ghee (500ml),Ghee & Butter,Mysuru,Chamundi Agencies Mysuru,427,315,134505,Wholesale,UPI
05-11-2024,Nandini Shubham Milk (1L),Milk,Mysuru,Chamundi Agencies Mysuru,376,50,18800,Supermarket,Cash
05-11-2024,Nandini Set Curd (400g),Fresh Dairy,Mangaluru,Coastal Cool Logistics Mangaluru,275,40,11000,Institution,Net Banking
05-11-2024,Nandini Sweet Lassi (200ml),Beverages,Shivamogga,Malnad Dairy Network Shivamogga,495,20,9900,Retail,Net Banking
05-11-2024,Nandini Fresh Paneer (200g),Fresh Dairy,Belagavi,North Karnataka Milk Center Belagavi,204,95,19380,Supermarket,Net Banking
05-11-2024,Nandini Milk Peda (250g),Sweets,Bengaluru,Apex Dairy Supplies Bengaluru,344,140,48160,Wholesale,Cash
05-11-2024,Nandini Unsalted Butter (500g),Ghee & Butter,Bengaluru,Apex Dairy Supplies Bengaluru,148,280,41440,Institution,Net Banking
05-11-2024,Nandini Sweet Lassi (200ml),Beverages,Tumakuru,Siddaganga Milk Express Tumakuru,370,20,7400,Hotel / Restaurant,Net Banking
05-11-2024,Nandini Homogenised Cow Milk (1L),Milk,Hubballi,Kittur Distributors Hubballi,528,46,24288,Retail,Distributor Credit
05-11-2024,Nandini Special Milk (1L),Milk,Mysuru,Chamundi Agencies Mysuru,312,48,14976,Retail,Credit Card
05-11-2024,Nandini Salted Butter (500g),Ghee & Butter,Davanagere,Central Karnataka Traders Davanagere,101,275,27775,Retail,UPI
06-11-2024,Nandini Fresh Paneer (200g),Fresh Dairy,Mysuru,Chamundi Agencies Mysuru,395,-95,37525,Wholesale,Cash
06-11-2024,  nandini cassata ice cream (150ml)  ,Frozen,Mysuru,Chamundi Agencies Mysuru,86,55,4730,Hotel / Restaurant,Cash
06-11-2024,Nandini Homogenised Cow Milk (1L),Milk,Bengaluru,Apex Dairy Supplies Bengaluru,1130,46,51980,Hotel / Restaurant,Net Banking
06-11-2024,Nandini Salted Butter (500g),Ghee & Butter,Mysuru,Chamundi Agencies Mysuru,172,275,47300,Retail,UPI
06-11-2024,Nandini Toned Milk (1L),Milk,Bengaluru,Apex Dairy Supplies Bengaluru,843,42,35406,Supermarket,Distributor Credit
06-11-2024,Nandini Spiced Buttermilk (200ml),Beverages,Hubballi,Kittur Distributors Hubballi,554,12,6648,Supermarket,Net Banking
06-11-2024,Nandini Gulab Jamun (1kg),Sweets,Mysuru,Chamundi Agencies Mysuru,84,260,21840,Retail,Distributor Credit
06-11-2024,Nandini Cassata Ice Cream (150ml),Frozen,Mysuru,Chamundi Agencies Mysuru,85,55,4675,Retail,UPI
06-11-2024,Nandini Homogenised Cow Milk (1L),Milk,Ballari,Tungabhadra Dairy Logistics Ballari,639,46,29394,Supermarket,UPI
07-11-2024,Nandini Spiced Buttermilk (200ml),Beverages,Shivamogga,Malnad Dairy Network Shivamogga,343,12,4116,Retail,Cash
07-11-2024,Nandini Pure Ghee (500ml),Ghee & Butter,Mangaluru,Coastal Cool Logistics Mangaluru,67,315,21105,Retail,Credit Card
07-11-2024,Nandini Set Curd (400g),Fresh Dairy,Shivamogga,Malnad Dairy Network Shivamogga,111,40,4440,Retail,UPI
07-11-2024,Nandini Pure Ghee (500ml),Ghee & Butter,Hubballi,Kittur Distributors Hubballi,147,315,46305,Retail,UPI
07-11-2024,Nandini Unsalted Butter (500g),Ghee & Butter,Shivamogga,Malnad Dairy Network Shivamogga,119,280,33320,Supermarket,Cash
07-11-2024,Nandini Shubham Milk (1L),Milk,Tumakuru,Siddaganga Milk Express Tumakuru,266,50,13300,Supermarket,Cash
07-11-2024,Nandini Sweet Lassi (200ml),Beverages,Kalaburagi,Kalyana Karnataka Foods Kalaburagi,193,20,3860,Retail,UPI
07-11-2024,Nandini Homogenised Cow Milk (1L),Milk,Hubballi,Kittur Distributors Hubballi,324,46,14904,Supermarket,Credit Card
07-11-2024,Nandini Mysore Pak (250g),Sweets,Bengaluru,Apex Dairy Supplies Bengaluru,295,160,47200,Wholesale,Credit Card
07-11-2024,Nandini Gulab Jamun (1kg),Sweets,Belagavi,North Karnataka Milk Center Belagavi,107,260,27820,Supermarket,UPI
07-11-2024,Nandini Salted Butter (500g),Ghee & Butter,Bengaluru,Apex Dairy Supplies Bengaluru,293,275,80575,Hotel / Restaurant,UPI
07-11-2024,Nandini Unsalted Butter (500g),Ghee & Butter,Bengaluru,Apex Dairy Supplies Bengaluru,66,280,18480,Retail,Net Banking
07-11-2024,Nandini Shubham Milk (1L),Milk,Kalaburagi,Kalyana Karnataka Foods Kalaburagi,137,50,6850,Retail,UPI
07-11-2024,Nandini Pure Ghee (500ml),Ghee & Butter,Mangaluru,Coastal Cool Logistics Mangaluru,330,315,103950,Hotel / Restaurant,Cash
08-11-2024,Nandini Pure Ghee (500ml),Ghee & Butter,Mysuru,Chamundi Agencies Mysuru,228,315,71820,Retail,Cash
08-11-2024,Nandini Unsalted Butter (500g),Ghee & Butter,Kalaburagi,Kalyana Karnataka Foods Kalaburagi,84,280,23520,Retail,Net Banking
08-11-2024,Nandini Homogenised Cow Milk (1L),Milk,Kalaburagi,Kalyana Karnataka Foods Kalaburagi,1186,46,54556,Wholesale,UPI
08-11-2024,Nandini Special Milk (1L),Milk,Mysuru,Chamundi Agencies Mysuru,611,48,29328,Retail,UPI
08-11-2024,Nandini Shubham Milk (1L),Milk,Mangaluru,Coastal Cool Logistics Mangaluru,294,50,14700,Hotel / Restaurant,Net Banking
08-11-2024,Nandini Mysore Pak (250g),Sweets,Tumakuru,Siddaganga Milk Express Tumakuru,169,160,27040,Retail,Distributor Credit
08-11-2024,Nandini Unsalted Butter (500g),Ghee & Butter,Tumakuru,Siddaganga Milk Express Tumakuru,53,280,14840,Institution,Net Banking
08-11-2024,Nandini Shubham Milk (1L),Milk,Bengaluru,Apex Dairy Supplies Bengaluru,387,50,19350,Retail,Credit Card
08-11-2024,Nandini Pure Ghee (500ml),Ghee & Butter,Bengaluru,Apex Dairy Supplies Bengaluru,265,315,83475,Wholesale,Net Banking
08-11-2024,Nandini Special Milk (1L),Milk,Hubballi,Kittur Distributors Hubballi,352,48,16896,Supermarket,Cash
08-11-2024,Nandini Toned Milk (1L),Milk,Mangaluru,Coastal Cool Logistics Mangaluru,617,42,25914,Supermarket,Net Banking
08-11-2024,Nandini Sweet Lassi (200ml),Beverages,Bengaluru,Apex Dairy Supplies Bengaluru,457,20,9140,Retail,Cash
09-11-2024,Nandini Milk Peda (250g),Sweets,Kalaburagi,Kalyana Karnataka Foods Kalaburagi,262,140,36680,Hotel / Restaurant,Net Banking
09-11-2024,Nandini Gulab Jamun (1kg),Sweets,Davanagere,Central Karnataka Traders Davanagere,89,260,23140,Retail,UPI
09-11-2024,Nandini Flavoured Milk Badam (200ml),Beverages,Bengaluru,Apex Dairy Supplies Bengaluru,514,35,17990,Wholesale,UPI
09-11-2024,Nandini Curd (500g),Fresh Dairy,Bengaluru,Apex Dairy Supplies Bengaluru,401,26,10426,Hotel / Restaurant,UPI
09-11-2024,Nandini Homogenised Cow Milk (1L),Milk,Bengaluru,Apex Dairy Supplies Bengaluru,1492,46,68632,Wholesale,Cash
09-11-2024,Nandini Unsalted Butter (500g),Ghee & Butter,Bengaluru,Apex Dairy Supplies Bengaluru,138,280,38640,Retail,Distributor Credit
09-11-2024,Nandini Cassata Ice Cream (150ml),Frozen,Mangaluru,Coastal Cool Logistics Mangaluru,69,55,3795,Retail,Net Banking
09-11-2024,Nandini Samrudhi Milk (1L),Milk,Davanagere,Central Karnataka Traders Davanagere,191,54,10314,Hotel / Restaurant,UPI
09-11-2024,Nandini Pure Ghee (500ml),Ghee & Butter,Bengaluru,Apex Dairy Supplies Bengaluru,210,315,66150,Hotel / Restaurant,UPI
09-11-2024,Nandini Samrudhi Milk (1L),Milk,Bengaluru,Apex Dairy Supplies Bengaluru,299,54,16146,Retail,Cash
09-11-2024,Nandini Homogenised Cow Milk (1L),Milk,Kalaburagi,Kalyana Karnataka Foods Kalaburagi,602,46,27692,Retail,Net Banking
09-11-2024,Nandini Samrudhi Milk (1L),Milk,Davanagere,Central Karnataka Traders Davanagere,173,54,9342,Retail,Cash
09-11-2024,Nandini Special Milk (1L),Milk,Bengaluru,Apex Dairy Supplies Bengaluru,524,48,25152,Supermarket,UPI
09-11-2024,Nandini Homogenised Cow Milk (1L),Milk,Bengaluru,Apex Dairy Supplies Bengaluru,1033,46,47518,Institution,Net Banking
09-11-2024,Nandini Mysore Pak (250g),Sweets,Belagavi,North Karnataka Milk Center Belagavi,281,160,44960,Institution,UPI
09-11-2024,Nandini Set Curd (400g),Fresh Dairy,Bengaluru,Apex Dairy Supplies Bengaluru,223,40,8920,Wholesale,Cash
09-11-2024,Nandini Unsalted Butter (500g),Ghee & Butter,Bengaluru,Apex Dairy Supplies Bengaluru,149,280,41720,Supermarket,UPI
09-11-2024,Nandini Milk Peda (250g),Sweets,Bengaluru,Apex Dairy Supplies Bengaluru,298,140,41720,Supermarket,Cash
10-11-2024,Nandini Milk Peda (250g),Sweets,Mangaluru,Coastal Cool Logistics Mangaluru,110,140,15400,Retail,UPI
10-11-2024,Nandini Flavoured Milk Badam (200ml),Beverages,Belagavi,North Karnataka Milk Center Belagavi,361,35,12635,Hotel / Restaurant,UPI
10-11-2024,Nandini Salted Butter (500g),Ghee & Butter,Bengaluru,Apex Dairy Supplies Bengaluru,185,275,50875,Wholesale,UPI
10-11-2024,Nandini Special Milk (1L),Milk,Shivamogga,Malnad Dairy Network Shivamogga,793,48,38064,Institution,UPI
10-11-2024,Nandini Cassata Ice Cream (150ml),Frozen,Hubballi,Kittur Distributors Hubballi,183,55,10065,Hotel / Restaurant,Cash
10-11-2024,Nandini Kulfi (50ml),Frozen,Kalaburagi,Kalyana Karnataka Foods Kalaburagi,240,25,6000,Wholesale,UPI
10-11-2024,Nandini Toned Milk (1L),Milk,Bengaluru,Apex Dairy Supplies Bengaluru,1736,42,72912,Wholesale,UPI
10-11-2024,Nandini Spiced Buttermilk (200ml),Beverages,Mysuru,Chamundi Agencies Mysuru,1344,12,16128,Wholesale,UPI
10-11-2024,Nandini Homogenised Cow Milk (1L),Milk,Bengaluru,Apex Dairy Supplies Bengaluru,405,46,18630,Retail,Distributor Credit
10-11-2024,Nandini Milk Peda (250g),Sweets,Bengaluru,Apex Dairy Supplies Bengaluru,282,140,39480,Supermarket,Net Banking
10-11-2024,Nandini Salted Butter (500g),Ghee & Butter,Mysuru,Chamundi Agencies Mysuru,107,275,29425,Supermarket,Net Banking
10-11-2024,Nandini Samrudhi Milk (1L),Milk,Mangaluru,Coastal Cool Logistics Mangaluru,193,54,10422,Hotel / Restaurant,Cash
10-11-2024,Nandini Set Curd (400g),Fresh Dairy,Hubballi,Kittur Distributors Hubballi,73,40,2920,Retail,Net Banking
11-11-2024,Nandini Spiced Buttermilk (200ml),Beverages,Mysuru,Chamundi Agencies Mysuru,626,12,7512,Wholesale,UPI
11-11-2024,Nandini Sweet Lassi (200ml),Beverages,Kalaburagi,Kalyana Karnataka Foods Kalaburagi,660,20,13200,Wholesale,Net Banking
11-11-2024,Nandini Homogenised Cow Milk (1L),Milk,Bengaluru,Apex Dairy Supplies Bengaluru,877,46,40342,Retail,UPI
11-11-2024,Nandini Flavoured Milk Badam (200ml),Beverages,Bengaluru,Apex Dairy Supplies Bengaluru,293,35,10255,Wholesale,Net Banking
11-11-2024,Nandini Unsalted Butter (500g),Ghee & Butter,Kalaburagi,Kalyana Karnataka Foods Kalaburagi,35,280,9800,Retail,UPI
11-11-2024,Nandini Gulab Jamun (1kg),Sweets,Hubballi,Kittur Distributors Hubballi,105,260,27300,Wholesale,UPI
11-11-2024,Nandini Flavoured Milk Badam (200ml),Beverages,Bengaluru,Apex Dairy Supplies Bengaluru,115,35,4025,Retail,UPI
11-11-2024,Nandini Set Curd (400g),Fresh Dairy,Mysuru,Chamundi Agencies Mysuru,196,40,7840,Supermarket,UPI
11-11-2024,Nandini Unsalted Butter (500g),Ghee & Butter,Mysuru,Chamundi Agencies Mysuru,77,280,21560,Retail,Cash
11-11-2024,Nandini Kulfi (50ml),Frozen,Mysuru,Chamundi Agencies Mysuru,454,25,11350,Institution,Net Banking
11-11-2024,Nandini Pure Ghee (500ml),Ghee & Butter,Bengaluru,Apex Dairy Supplies Bengaluru,227,315,71505,Supermarket,Cash
11-11-2024,Nandini Flavoured Milk Badam (200ml),Beverages,Bengaluru,Apex Dairy Supplies Bengaluru,314,35,10990,Retail,UPI
11-11-2024,Nandini Gulab Jamun (1kg),Sweets,Belagavi,North Karnataka Milk Center Belagavi,63,260,16380,Retail,Net Banking
11-11-2024,Nandini Shubham Milk (1L),Milk,Mysuru,Chamundi Agencies Mysuru,402,50,20100,Supermarket,Distributor Credit
11-11-2024,Nandini Gulab Jamun (1kg),Sweets,Kalaburagi,Kalyana Karnataka Foods Kalaburagi,49,260,12740,Hotel / Restaurant,UPI
12-11-2024,Nandini Cassata Ice Cream (150ml),Frozen,Mangaluru,Coastal Cool Logistics Mangaluru,161,55,8855,Supermarket,Net Banking
12-11-2024,Nandini Sweet Lassi (200ml),Beverages,Bengaluru,Apex Dairy Supplies Bengaluru,700,20,14000,Supermarket,Net Banking
12-11-2024,Nandini Set Curd (400g),Fresh Dairy,Bengaluru,Apex Dairy Supplies Bengaluru,223,40,8920,Retail,Net Banking
12-11-2024,Nandini Kulfi (50ml),Frozen,Bengaluru,Apex Dairy Supplies Bengaluru,196,25,4900,Wholesale,UPI
12-11-2024,Nandini Samrudhi Milk (1L),Milk,Bengaluru,Apex Dairy Supplies Bengaluru,104,54,5616,Retail,UPI
12-11-2024,Nandini Pure Ghee (1L),Ghee & Butter,Bengaluru,Apex Dairy Supplies Bengaluru,95,610,57950,Supermarket,Cash
12-11-2024,Nandini Milk Peda (250g),Sweets,Bengaluru,Apex Dairy Supplies Bengaluru,130,140,18200,Retail,Cash
12-11-2024,Nandini Set Curd (400g),Fresh Dairy,Kalaburagi,Kalyana Karnataka Foods Kalaburagi,285,40,11400,Wholesale,Net Banking
12-11-2024,Nandini Kulfi (50ml),Frozen,Mysuru,Chamundi Agencies Mysuru,157,25,3925,Retail,UPI
12-11-2024,Nandini Toned Milk (1L),Milk,Mysuru,Chamundi Agencies Mysuru,1051,42,44142,Retail,Cash
12-11-2024,Nandini Homogenised Cow Milk (1L),Milk,Mysuru,Chamundi Agencies Mysuru,1160,46,53360,Hotel / Restaurant,UPI
12-11-2024,Nandini Shubham Milk (1L),Milk,Shivamogga,Malnad Dairy Network Shivamogga,141,50,7050,Retail,UPI
13-11-2024,Nandini Pure Ghee (500ml),Ghee & Butter,Belagavi,North Karnataka Milk Center Belagavi,121,315,38115,Hotel / Restaurant,UPI
13-11-2024,Nandini Unsalted Butter (500g),Ghee & Butter,Davanagere,Central Karnataka Traders Davanagere,94,280,26320,Hotel / Restaurant,Cash
13-11-2024,Nandini Special Milk (1L),Milk,Bengaluru,Apex Dairy Supplies Bengaluru,1271,48,61008,Institution,Cash
13-11-2024,Nandini Sweet Lassi (200ml),Beverages,Shivamogga,Malnad Dairy Network Shivamogga,168,20,3360,Retail,Cash
13-11-2024,Nandini Kulfi (50ml),Frozen,Hubballi,Kittur Distributors Hubballi,130,25,3250,Retail,Credit Card
13-11-2024,Nandini Special Milk (1L),Milk,Bengaluru,Apex Dairy Supplies Bengaluru,526,48,25248,Retail,Net Banking
13-11-2024,Nandini Set Curd (400g),Fresh Dairy,Bengaluru,Apex Dairy Supplies Bengaluru,295,40,11800,Wholesale,Distributor Credit
13-11-2024,Nandini Pure Ghee (1L),Ghee & Butter,Hubballi,Kittur Distributors Hubballi,66,610,40260,Supermarket,Cash
13-11-2024,Nandini Samrudhi Milk (1L),Milk,Kalaburagi,Kalyana Karnataka Foods Kalaburagi,103,54,5562,Retail,UPI
13-11-2024,Nandini Flavoured Milk Badam (200ml),Beverages,Davanagere,Central Karnataka Traders Davanagere,127,35,4445,Hotel / Restaurant,Net Banking
13-11-2024,Nandini Fresh Paneer (200g),Fresh Dairy,Mangaluru,Coastal Cool Logistics Mangaluru,185,95,17575,Retail,UPI
13-11-2024,Nandini Gulab Jamun (1kg),Sweets,Bengaluru,Apex Dairy Supplies Bengaluru,119,260,30940,Institution,UPI
14-11-2024,Nandini Homogenised Cow Milk (1L),Milk,Bengaluru,Apex Dairy Supplies Bengaluru,1247,46,57362,Hotel / Restaurant,UPI
14-11-2024,Nandini Shubham Milk (1L),Milk,Hubballi,Kittur Distributors Hubballi,235,50,11750,Supermarket,Net Banking
14-11-2024,Nandini Flavoured Milk Badam (200ml),Beverages,Ballari,Tungabhadra Dairy Logistics Ballari,516,35,18060,Institution,Credit Card
14-11-2024,Nandini Special Milk (1L),Milk,Bengaluru,Apex Dairy Supplies Bengaluru,545,48,26160,Retail,UPI
14-11-2024,Nandini Salted Butter (500g),Ghee & Butter,Mangaluru,Coastal Cool Logistics Mangaluru,302,275,83050,Wholesale,Credit Card
14-11-2024,Nandini Pure Ghee (1L),Ghee & Butter,Bengaluru,Apex Dairy Supplies Bengaluru,104,610,63440,Wholesale,Net Banking
14-11-2024,Nandini Fresh Paneer (200g),Fresh Dairy,Belagavi,North Karnataka Milk Center Belagavi,73,95,6935,Retail,UPI
14-11-2024,Nandini Fresh Paneer (200g),Fresh Dairy,Bengaluru,Apex Dairy Supplies Bengaluru,192,95,18240,Retail,UPI
14-11-2024,Nandini Homogenised Cow Milk (1L),Milk,Belagavi,North Karnataka Milk Center Belagavi,653,46,30038,Wholesale,Net Banking
14-11-2024,Nandini Unsalted Butter (500g),Ghee & Butter,Mysuru,Chamundi Agencies Mysuru,63,280,17640,Retail,Distributor Credit
14-11-2024,Nandini Salted Butter (500g),Ghee & Butter,Shivamogga,Malnad Dairy Network Shivamogga,160,275,44000,Retail,Net Banking
14-11-2024,Nandini Kulfi (50ml),Frozen,Bengaluru,Apex Dairy Supplies Bengaluru,410,25,10250,Wholesale,UPI
14-11-2024,Nandini Salted Butter (500g),Ghee & Butter,Mysuru,Chamundi Agencies Mysuru,169,275,46475,Retail,Cash
14-11-2024,Nandini Special Milk (1L),Milk,Mysuru,Chamundi Agencies Mysuru,253,48,12144,Retail,
15-11-2024,Nandini Shubham Milk (1L),Milk,Mysuru,Chamundi Agencies Mysuru,142,50,7100,Supermarket,Net Banking
15-11-2024,Nandini Samrudhi Milk (1L),Milk,Bengaluru,Apex Dairy Supplies Bengaluru,355,54,19170,Supermarket,Net Banking
15-11-2024,Nandini Gulab Jamun (1kg),Sweets,Mysuru,Chamundi Agencies Mysuru,68,260,17680,Hotel / Restaurant,Net Banking
15-11-2024,Nandini Salted Butter (500g),Ghee & Butter,Mangaluru,Coastal Cool Logistics Mangaluru,131,275,36025,Retail,UPI
15-11-2024,Nandini Toned Milk (1L),Milk,Kalaburagi,Kalyana Karnataka Foods Kalaburagi,352,42,14784,Retail,UPI
15-11-2024,Nandini Kulfi (50ml),Frozen,Bengaluru,Apex Dairy Supplies Bengaluru,93,25,2325,Retail,UPI
15-11-2024,Nandini Sweet Lassi (200ml),Beverages,Hubballi,Kittur Distributors Hubballi,581,20,11620,Hotel / Restaurant,Distributor Credit
15-11-2024,Nandini Salted Butter (500g),Ghee & Butter,Hubballi,Kittur Distributors Hubballi,144,275,39600,Supermarket,Credit Card
16-11-2024,Nandini Fresh Paneer (200g),Fresh Dairy,Hubballi,Kittur Distributors Hubballi,204,95,19380,Retail,UPI
16-11-2024,Nandini Milk Peda (250g),Sweets,Bengaluru,Apex Dairy Supplies Bengaluru,424,140,59360,Wholesale,Net Banking
16-11-2024,Nandini Toned Milk (1L),Milk,Bengaluru,Apex Dairy Supplies Bengaluru,832,42,34944,Retail,UPI
16-11-2024,Nandini Mysore Pak (250g),Sweets,Kalaburagi,Kalyana Karnataka Foods Kalaburagi,181,160,28960,Wholesale,Net Banking
16-11-2024,Nandini Kulfi (50ml),Frozen,Mysuru,Chamundi Agencies Mysuru,189,25,4725,Hotel / Restaurant,Cash
16-11-2024,Nandini Unsalted Butter (500g),Ghee & Butter,Hubballi,Kittur Distributors Hubballi,64,280,17920,Wholesale,UPI
16-11-2024,Nandini Pure Ghee (1L),Ghee & Butter,Kalaburagi,Kalyana Karnataka Foods Kalaburagi,79,610,48190,Wholesale,Credit Card
16-11-2024,Nandini Flavoured Milk Badam (200ml),Beverages,Hubballi,Kittur Distributors Hubballi,75,35,2625,Supermarket,UPI
16-11-2024,Nandini Fresh Paneer (200g),Fresh Dairy,Bengaluru,Apex Dairy Supplies Bengaluru,456,95,43320,Institution,UPI
16-11-2024,Nandini Cassata Ice Cream (150ml),Frozen,Bengaluru,Apex Dairy Supplies Bengaluru,237,55,13035,Hotel / Restaurant,UPI
16-11-2024,Nandini Set Curd (400g),Fresh Dairy,Bengaluru,Apex Dairy Supplies Bengaluru,186,40,7440,Retail,UPI
17-11-2024,Nandini Unsalted Butter (500g),Ghee & Butter,Mysuru,Chamundi Agencies Mysuru,50,280,14000,Supermarket,Credit Card
17-11-2024,Nandini Fresh Paneer (200g),Fresh Dairy,Hubballi,Kittur Distributors Hubballi,87,95,8265,Retail,UPI
17-11-2024,Nandini Salted Butter (500g),Ghee & Butter,Bengaluru,Apex Dairy Supplies Bengaluru,317,275,87175,Hotel / Restaurant,UPI
17-11-2024,Nandini Toned Milk (1L),Milk,Hubballi,Kittur Distributors Hubballi,491,42,20622,Supermarket,Cash
17-11-2024,Nandini Shubham Milk (1L),Milk,Tumakuru,Siddaganga Milk Express Tumakuru,119,50,5950,Retail,Credit Card
17-11-2024,Nandini Salted Butter (500g),Ghee & Butter,Belagavi,North Karnataka Milk Center Belagavi,289,275,79475,Hotel / Restaurant,UPI
17-11-2024,Nandini Special Milk (1L),Milk,Hubballi,Kittur Distributors Hubballi,225,48,10800,Supermarket,Credit Card
17-11-2024,Nandini Samrudhi Milk (1L),Milk,Bengaluru,Apex Dairy Supplies Bengaluru,231,54,12474,Retail,Net Banking
17-11-2024,Nandini Mysore Pak (250g),Sweets,Mangaluru,Coastal Cool Logistics Mangaluru,169,160,27040,Hotel / Restaurant,UPI
17-11-2024,Nandini Pure Ghee (500ml),Ghee & Butter,Mysuru,Chamundi Agencies Mysuru,278,315,87570,Supermarket,Net Banking
17-11-2024,Nandini Flavoured Milk Badam (200ml),Beverages,Mangaluru,Coastal Cool Logistics Mangaluru,195,35,6825,Supermarket,Distributor Credit
17-11-2024,Nandini Special Milk (1L),Milk,Bengaluru,Apex Dairy Supplies Bengaluru,925,48,44400,Hotel / Restaurant,UPI
17-11-2024,Nandini Pure Ghee (500ml),Ghee & Butter,Hubballi,Kittur Distributors Hubballi,301,315,94815,Wholesale,UPI
17-11-2024,Nandini Fresh Paneer (200g),Fresh Dairy,Mysuru,Chamundi Agencies Mysuru,151,95,14345,Retail,UPI
18-11-2024,Nandini Kulfi (50ml),Frozen,Mysuru,Chamundi Agencies Mysuru,142,25,3550,Retail,UPI
18-11-2024,Nandini Salted Butter (500g),Ghee & Butter,Kalaburagi,Kalyana Karnataka Foods Kalaburagi,195,275,53625,Hotel / Restaurant,Cash
18-11-2024,Nandini Salted Butter (500g),Ghee & Butter,Hubballi,Kittur Distributors Hubballi,308,275,84700,Wholesale,Credit Card
18-11-2024,Nandini Special Milk (1L),Milk,Belagavi,North Karnataka Milk Center Belagavi,492,48,23616,Hotel / Restaurant,UPI
18-11-2024,Nandini Salted Butter (500g),Ghee & Butter,Mangaluru,Coastal Cool Logistics Mangaluru,66,275,18150,Retail,Credit Card
18-11-2024,Nandini Sweet Lassi (200ml),Beverages,Ballari,Tungabhadra Dairy Logistics Ballari,520,20,10400,Hotel / Restaurant,Net Banking
18-11-2024,Nandini Toned Milk (1L),Milk,Mangaluru,Coastal Cool Logistics Mangaluru,665,42,27930,Hotel / Restaurant,UPI
18-11-2024,Nandini Spiced Buttermilk (200ml),Beverages,Belagavi,North Karnataka Milk Center Belagavi,1088,12,13056,Hotel / Restaurant,Credit Card
18-11-2024,Nandini Set Curd (400g),Fresh Dairy,Mysuru,Chamundi Agencies Mysuru,155,40,6200,Supermarket,Cash
19-11-2024,Nandini Kulfi (50ml),Frozen,Belagavi,North Karnataka Milk Center Belagavi,176,25,4400,Supermarket,Net Banking
19-11-2024,Nandini Curd (500g),Fresh Dairy,Mysuru,Chamundi Agencies Mysuru,600,26,15600,Retail,UPI
19-11-2024,Nandini Pure Ghee (1L),Ghee & Butter,Bengaluru,Apex Dairy Supplies Bengaluru,43,610,26230,Retail,Cash
19-11-2024,Nandini Unsalted Butter (500g),Ghee & Butter,Shivamogga,Malnad Dairy Network Shivamogga,179,280,50120,Wholesale,UPI
19-11-2024,Nandini Flavoured Milk Badam (200ml),Beverages,Bengaluru,Apex Dairy Supplies Bengaluru,463,35,16205,Wholesale,UPI
19-11-2024,Nandini Pure Ghee (1L),Ghee & Butter,Mysuru,Chamundi Agencies Mysuru,248,610,151280,Wholesale,Credit Card
19-11-2024,Nandini Kulfi (50ml),Frozen,Bengaluru,Apex Dairy Supplies Bengaluru,472,25,11800,Institution,Cash
19-11-2024,Nandini Gulab Jamun (1kg),Sweets,Hubballi,Kittur Distributors Hubballi,49,260,12740,Supermarket,Credit Card
19-11-2024,Nandini Samrudhi Milk (1L),Milk,Bengaluru,Apex Dairy Supplies Bengaluru,401,54,21654,Hotel / Restaurant,UPI
19-11-2024,Nandini Pure Ghee (500ml),Ghee & Butter,Ballari,Tungabhadra Dairy Logistics Ballari,119,315,37485,Wholesale,UPI
20-11-2024,Nandini Pure Ghee (500ml),Ghee & Butter,Bengaluru,Apex Dairy Supplies Bengaluru,186,315,58590,Retail,UPI
20-11-2024,Nandini Kulfi (50ml),Frozen,Kalaburagi,Kalyana Karnataka Foods Kalaburagi,195,25,4875,Wholesale,UPI
20-11-2024,Nandini Set Curd (400g),Fresh Dairy,Belagavi,North Karnataka Milk Center Belagavi,196,40,7840,Wholesale,UPI
20-11-2024,Nandini Kulfi (50ml),Frozen,Mysuru,Chamundi Agencies Mysuru,90,25,2250,Retail,Cash
20-11-2024,Nandini Special Milk (1L),Milk,Bengaluru,Apex Dairy Supplies Bengaluru,615,48,29520,Retail,Net Banking
20-11-2024,Nandini Toned Milk (1L),Milk,Mangaluru,Coastal Cool Logistics Mangaluru,1706,42,71652,Wholesale,Net Banking
20-11-2024,Nandini Curd (500g),Fresh Dairy,Kalaburagi,Kalyana Karnataka Foods Kalaburagi,872,26,22672,Wholesale,UPI
20-11-2024,Nandini Flavoured Milk Badam (200ml),Beverages,Hubballi,Kittur Distributors Hubballi,182,35,6370,Retail,UPI
20-11-2024,Nandini Toned Milk (1L),Milk,Bengaluru,Apex Dairy Supplies Bengaluru,585,42,24570,Supermarket,Distributor Credit
20-11-2024,Nandini Toned Milk (1L),Milk,Bengaluru,Apex Dairy Supplies Bengaluru,558,42,23436,Supermarket,UPI
20-11-2024,Nandini Spiced Buttermilk (200ml),Beverages,Tumakuru,Siddaganga Milk Express Tumakuru,791,12,9492,Supermarket,UPI
20-11-2024,Nandini Toned Milk (1L),Milk,Mysuru,Chamundi Agencies Mysuru,1073,42,45066,Supermarket,UPI
20-11-2024,Nandini Sweet Lassi (200ml),Beverages,Bengaluru,Apex Dairy Supplies Bengaluru,719,20,14380,Wholesale,UPI
20-11-2024,Nandini Pure Ghee (1L),Ghee & Butter,Mangaluru,Coastal Cool Logistics Mangaluru,140,610,85400,Retail,UPI
21-11-2024,Nandini Special Milk (1L),Milk,Davanagere,Central Karnataka Traders Davanagere,893,48,42864,Wholesale,UPI
21-11-2024,Nandini Samrudhi Milk (1L),Milk,Kalaburagi,Kalyana Karnataka Foods Kalaburagi,280,54,15120,Retail,Net Banking
21-11-2024,Nandini Homogenised Cow Milk (1L),Milk,Kalaburagi,Kalyana Karnataka Foods Kalaburagi,344,46,15824,Retail,UPI
21-11-2024,Nandini Samrudhi Milk (1L),Milk,Mysuru,Chamundi Agencies Mysuru,234,54,12636,Supermarket,UPI
21-11-2024,Nandini Shubham Milk (1L),Milk,Kalaburagi,Kalyana Karnataka Foods Kalaburagi,633,50,31650,Wholesale,UPI
21-11-2024,Nandini Sweet Lassi (200ml),Beverages,Bengaluru,Apex Dairy Supplies Bengaluru,265,20,5300,Retail,UPI
21-11-2024,Nandini Set Curd (400g),Fresh Dairy,Hubballi,Kittur Distributors Hubballi,137,40,5480,Supermarket,Credit Card
21-11-2024,Nandini Set Curd (400g),Fresh Dairy,Bengaluru,Apex Dairy Supplies Bengaluru,134,40,5360,Retail,UPI
21-11-2024,Nandini Samrudhi Milk (1L),Milk,Mysuru,Chamundi Agencies Mysuru,240,54,12960,Supermarket,UPI
21-11-2024,Nandini Homogenised Cow Milk (1L),Milk,Hubballi,Kittur Distributors Hubballi,630,46,28980,Supermarket,UPI
21-11-2024,Nandini Samrudhi Milk (1L),Milk,Bengaluru,Apex Dairy Supplies Bengaluru,194,54,10476,Retail,UPI
21-11-2024,Nandini Samrudhi Milk (1L),Milk,Bengaluru,Apex Dairy Supplies Bengaluru,323,54,17442,Retail,UPI
21-11-2024,Nandini Toned Milk (1L),Milk,Bengaluru,Apex Dairy Supplies Bengaluru,603,42,25326,Retail,UPI
21-11-2024,Nandini Pure Ghee (1L),Ghee & Butter,Mysuru,Chamundi Agencies Mysuru,158,610,96380,Supermarket,Cash
21-11-2024,Nandini Shubham Milk (1L),Milk,Mysuru,Chamundi Agencies Mysuru,282,50,14100,Retail,Net Banking
21-11-2024,Nandini Salted Butter (500g),Ghee & Butter,Ballari,Tungabhadra Dairy Logistics Ballari,278,275,76450,Wholesale,UPI
21-11-2024,Nandini Set Curd (400g),Fresh Dairy,Mangaluru,Coastal Cool Logistics Mangaluru,119,40,4760,Supermarket,Net Banking
21-11-2024,Nandini Toned Milk (1L),Milk,Bengaluru,Apex Dairy Supplies Bengaluru,869,42,36498,Supermarket,Cash
21-11-2024,Nandini Flavoured Milk Badam (200ml),Beverages,Bengaluru,Apex Dairy Supplies Bengaluru,248,35,8680,Wholesale,Net Banking
21-11-2024,Nandini Milk Peda (250g),Sweets,Bengaluru,Apex Dairy Supplies Bengaluru,329,140,46060,Wholesale,Distributor Credit
22-11-2024,Nandini Milk Peda (250g),Sweets,Bengaluru,Apex Dairy Supplies Bengaluru,234,140,32760,Supermarket,UPI
22-11-2024,Nandini Special Milk (1L),Milk,Bengaluru,Apex Dairy Supplies Bengaluru,827,48,39696,Hotel / Restaurant,UPI
22-11-2024,Nandini Curd (500g),Fresh Dairy,Mysuru,Chamundi Agencies Mysuru,249,26,6474,Supermarket,UPI
22-11-2024,Nandini Spiced Buttermilk (200ml),Beverages,Shivamogga,Malnad Dairy Network Shivamogga,828,12,9936,Wholesale,UPI
22-11-2024,Nandini Fresh Paneer (200g),Fresh Dairy,Bengaluru,Apex Dairy Supplies Bengaluru,327,95,31065,Retail,Cash
22-11-2024,Nandini Spiced Buttermilk (200ml),Beverages,Mysuru,Chamundi Agencies Mysuru,968,12,11616,Supermarket,UPI
22-11-2024,Nandini Fresh Paneer (200g),Fresh Dairy,Hubballi,Kittur Distributors Hubballi,107,95,10165,Retail,UPI
22-11-2024,Nandini Milk Peda (250g),Sweets,Shivamogga,Malnad Dairy Network Shivamogga,194,140,27160,Wholesale,UPI
22-11-2024,Nandini Curd (500g),Fresh Dairy,Mangaluru,Coastal Cool Logistics Mangaluru,524,26,13624,Wholesale,Cash
22-11-2024,Nandini Mysore Pak (250g),Sweets,Bengaluru,Apex Dairy Supplies Bengaluru,290,160,46400,Hotel / Restaurant,UPI
22-11-2024,Nandini Curd (500g),Fresh Dairy,Bengaluru,Apex Dairy Supplies Bengaluru,558,26,14508,Retail,Net Banking
22-11-2024,Nandini Sweet Lassi (200ml),Beverages,Bengaluru,Apex Dairy Supplies Bengaluru,851,20,17020,Hotel / Restaurant,UPI
22-11-2024,Nandini Salted Butter (500g),Ghee & Butter,Ballari,Tungabhadra Dairy Logistics Ballari,109,275,29975,Retail,Distributor Credit
22-11-2024,Nandini Pure Ghee (1L),Ghee & Butter,Davanagere,Central Karnataka Traders Davanagere,97,610,59170,Wholesale,UPI
22-11-2024,Nandini Pure Ghee (500ml),Ghee & Butter,Bengaluru,Apex Dairy Supplies Bengaluru,278,315,87570,Supermarket,Net Banking
22-11-2024,Nandini Salted Butter (500g),Ghee & Butter,Mysuru,Chamundi Agencies Mysuru,48,275,13200,Retail,Net Banking
22-11-2024,Nandini Toned Milk (1L),Milk,Bengaluru,Apex Dairy Supplies Bengaluru,957,42,40194,Retail,UPI
23-11-2024,Nandini Spiced Buttermilk (200ml),Beverages,Bengaluru,Apex Dairy Supplies Bengaluru,764,12,9168,Retail,Cash
23-11-2024,Nandini Sweet Lassi (200ml),Beverages,Shivamogga,Malnad Dairy Network Shivamogga,335,20,6700,Supermarket,UPI
23-11-2024,Nandini Special Milk (1L),Milk,Davanagere,Central Karnataka Traders Davanagere,287,48,13776,Retail,Net Banking
23-11-2024,Nandini Set Curd (400g),Fresh Dairy,Ballari,Tungabhadra Dairy Logistics Ballari,284,40,11360,Wholesale,UPI
23-11-2024,Nandini Gulab Jamun (1kg),Sweets,Bengaluru,Apex Dairy Supplies Bengaluru,104,260,27040,Retail,UPI
23-11-2024,Nandini Unsalted Butter (500g),Ghee & Butter,Hubballi,Kittur Distributors Hubballi,38,280,10640,Supermarket,Credit Card
23-11-2024,Nandini Toned Milk (1L),Milk,Hubballi,Kittur Distributors Hubballi,398,42,16716,Retail,Cash
23-11-2024,Nandini Cassata Ice Cream (150ml),Frozen,Mangaluru,Coastal Cool Logistics Mangaluru,193,55,10615,Retail,UPI
23-11-2024,Nandini Pure Ghee (500ml),Ghee & Butter,Bengaluru,Apex Dairy Supplies Bengaluru,298,315,93870,Hotel / Restaurant,UPI
23-11-2024,Nandini Pure Ghee (500ml),Ghee & Butter,Bengaluru,Apex Dairy Supplies Bengaluru,126,315,39690,Supermarket,UPI
24-11-2024,Nandini Mysore Pak (250g),Sweets,Ballari,Tungabhadra Dairy Logistics Ballari,258,160,41280,Wholesale,Cash
24-11-2024,Nandini Milk Peda (250g),Sweets,Ballari,Tungabhadra Dairy Logistics Ballari,120,140,16800,Hotel / Restaurant,UPI
24-11-2024,Nandini Curd (500g),Fresh Dairy,Hubballi,Kittur Distributors Hubballi,384,26,9984,Institution,Net Banking
24-11-2024,Nandini Sweet Lassi (200ml),Beverages,Bengaluru,Apex Dairy Supplies Bengaluru,218,20,4360,Retail,UPI
24-11-2024,Nandini Mysore Pak (250g),Sweets,Bengaluru,Apex Dairy Supplies Bengaluru,366,160,58560,Wholesale,Cash
24-11-2024,Nandini Pure Ghee (500ml),Ghee & Butter,Davanagere,Central Karnataka Traders Davanagere,126,315,39690,Institution,UPI
24-11-2024,Nandini Set Curd (400g),Fresh Dairy,Bengaluru,Apex Dairy Supplies Bengaluru,176,40,7040,Wholesale,Net Banking
24-11-2024,Nandini Shubham Milk (1L),Milk,Mysuru,Chamundi Agencies Mysuru,337,50,16850,Retail,Net Banking
25-11-2024,Nandini Cassata Ice Cream (150ml),Frozen,Mangaluru,Coastal Cool Logistics Mangaluru,99,55,5445,Hotel / Restaurant,Net Banking
25-11-2024,Nandini Milk Peda (250g),Sweets,Shivamogga,Malnad Dairy Network Shivamogga,222,140,31080,Hotel / Restaurant,Credit Card
25-11-2024,Nandini Pure Ghee (1L),Ghee & Butter,Ballari,Tungabhadra Dairy Logistics Ballari,126,610,76860,Supermarket,Distributor Credit
25-11-2024,Nandini Homogenised Cow Milk (1L),Milk,Mysuru,Chamundi Agencies Mysuru,606,46,27876,Hotel / Restaurant,Cash
25-11-2024,Nandini Homogenised Cow Milk (1L),Milk,Mysuru,Chamundi Agencies Mysuru,838,46,38548,Hotel / Restaurant,Credit Card
25-11-2024,Nandini Samrudhi Milk (1L),Milk,Shivamogga,Malnad Dairy Network Shivamogga,270,54,14580,Wholesale,UPI
25-11-2024,Nandini Cassata Ice Cream (150ml),Frozen,Bengaluru,Apex Dairy Supplies Bengaluru,181,55,9955,Supermarket,UPI
25-11-2024,Nandini Pure Ghee (500ml),Ghee & Butter,Bengaluru,Apex Dairy Supplies Bengaluru,220,315,69300,Institution,Net Banking
25-11-2024,Nandini Milk Peda (250g),Sweets,Belagavi,North Karnataka Milk Center Belagavi,84,140,11760,Supermarket,UPI
25-11-2024,Nandini Mysore Pak (250g),Sweets,Bengaluru,Apex Dairy Supplies Bengaluru,347,160,55520,Hotel / Restaurant,UPI
25-11-2024,Nandini Milk Peda (250g),Sweets,Hubballi,Kittur Distributors Hubballi,58,140,8120,Retail,UPI
25-11-2024,Nandini Sweet Lassi (200ml),Beverages,Kalaburagi,Kalyana Karnataka Foods Kalaburagi,180,20,3600,Retail,UPI
25-11-2024,Nandini Toned Milk (1L),Milk,Kalaburagi,Kalyana Karnataka Foods Kalaburagi,484,42,20328,Supermarket,UPI
25-11-2024,Nandini Special Milk (1L),Milk,Bengaluru,Apex Dairy Supplies Bengaluru,622,48,29856,Institution,Net Banking
26-11-2024,Nandini Unsalted Butter (500g),Ghee & Butter,Mangaluru,Coastal Cool Logistics Mangaluru,28,280,7840,Retail,
26-11-2024,Nandini Pure Ghee (500ml),Ghee & Butter,Bengaluru,Apex Dairy Supplies Bengaluru,168,315,52920,Retail,UPI
26-11-2024,Nandini Set Curd (400g),Fresh Dairy,Kalaburagi,Kalyana Karnataka Foods Kalaburagi,73,40,2920,Retail,UPI
26-11-2024,Nandini Kulfi (50ml),Frozen,Belagavi,North Karnataka Milk Center Belagavi,141,25,3525,Hotel / Restaurant,Credit Card
26-11-2024,Nandini Pure Ghee (500ml),Ghee & Butter,Mangaluru,Coastal Cool Logistics Mangaluru,231,315,72765,Retail,Cash
26-11-2024,Nandini Gulab Jamun (1kg),Sweets,Bengaluru,Apex Dairy Supplies Bengaluru,115,260,29900,Supermarket,Net Banking
26-11-2024,Nandini Unsalted Butter (500g),Ghee & Butter,Bengaluru,Apex Dairy Supplies Bengaluru,145,280,40600,Hotel / Restaurant,UPI
26-11-2024,Nandini Pure Ghee (500ml),Ghee & Butter,Mysuru,Chamundi Agencies Mysuru,122,315,38430,Retail,UPI
26-11-2024,Nandini Unsalted Butter (500g),Ghee & Butter,Belagavi,North Karnataka Milk Center Belagavi,71,280,19880,Retail,UPI
26-11-2024,Nandini Special Milk (1L),Milk,Mangaluru,Coastal Cool Logistics Mangaluru,541,48,25968,Wholesale,Credit Card
26-11-2024,Nandini Sweet Lassi (200ml),Beverages,Mangaluru,Coastal Cool Logistics Mangaluru,219,20,4380,Retail,Credit Card
26-11-2024,Nandini Cassata Ice Cream (150ml),Frozen,Bengaluru,Apex Dairy Supplies Bengaluru,162,55,8910,Retail,Cash
26-11-2024,Nandini Unsalted Butter (500g),Ghee & Butter,Mangaluru,Coastal Cool Logistics Mangaluru,25,280,7000,Retail,UPI
26-11-2024,Nandini Shubham Milk (1L),Milk,Bengaluru,Apex Dairy Supplies Bengaluru,188,50,9400,Retail,UPI
26-11-2024,Nandini Curd (500g),Fresh Dairy,Mangaluru,Coastal Cool Logistics Mangaluru,472,26,12272,Retail,UPI
26-11-2024,Nandini Spiced Buttermilk (200ml),Beverages,Mangaluru,Coastal Cool Logistics Mangaluru,876,12,10512,Retail,Net Banking
27-11-2024,Nandini Unsalted Butter (500g),Ghee & Butter,Bengaluru,Apex Dairy Supplies Bengaluru,126,280,35280,Supermarket,UPI
27-11-2024,Nandini Flavoured Milk Badam (200ml),Beverages,Bengaluru,Apex Dairy Supplies Bengaluru,136,35,4760,Supermarket,UPI
27-11-2024,Nandini Curd (500g),Fresh Dairy,Bengaluru,Apex Dairy Supplies Bengaluru,472,26,12272,Wholesale,Cash
27-11-2024,Nandini Unsalted Butter (500g),Ghee & Butter,Bengaluru,Apex Dairy Supplies Bengaluru,137,280,38360,Retail,Cash
27-11-2024,Nandini Kulfi (50ml),Frozen,Bengaluru,Apex Dairy Supplies Bengaluru,536,25,13400,Wholesale,UPI
27-11-2024,Nandini Toned Milk (1L),Milk,Tumakuru,Siddaganga Milk Express Tumakuru,844,42,35448,Supermarket,UPI
27-11-2024,Nandini Unsalted Butter (500g),Ghee & Butter,Bengaluru,Apex Dairy Supplies Bengaluru,114,280,31920,Wholesale,UPI
27-11-2024,Nandini Curd (500g),Fresh Dairy,Shivamogga,Malnad Dairy Network Shivamogga,349,26,9074,Retail,UPI
27-11-2024,Nandini Pure Ghee (500ml),Ghee & Butter,Bengaluru,Apex Dairy Supplies Bengaluru,310,315,97650,Retail,Cash
27-11-2024,Nandini Flavoured Milk Badam (200ml),Beverages,Mangaluru,Coastal Cool Logistics Mangaluru,344,35,12040,Wholesale,Net Banking
27-11-2024,Nandini Homogenised Cow Milk (1L),Milk,Mysuru,Chamundi Agencies Mysuru,1066,46,49036,Institution,UPI
27-11-2024,Nandini Curd (500g),Fresh Dairy,Belagavi,North Karnataka Milk Center Belagavi,419,26,10894,Retail,Net Banking
27-11-2024,Nandini Salted Butter (500g),Ghee & Butter,Ballari,Tungabhadra Dairy Logistics Ballari,86,275,23650,Retail,Cash
27-11-2024,Nandini Salted Butter (500g),Ghee & Butter,Mysuru,Chamundi Agencies Mysuru,144,275,39600,Hotel / Restaurant,UPI
28-11-2024,Nandini Salted Butter (500g),Ghee & Butter,Mangaluru,Coastal Cool Logistics Mangaluru,98,275,26950,Retail,UPI
28-11-2024,Nandini Pure Ghee (500ml),Ghee & Butter,Bengaluru,Apex Dairy Supplies Bengaluru,290,315,91350,Retail,Cash
28-11-2024,Nandini Pure Ghee (1L),Ghee & Butter,Bengaluru,Apex Dairy Supplies Bengaluru,154,610,93940,Retail,Net Banking
28-11-2024,Nandini Spiced Buttermilk (200ml),Beverages,Belagavi,North Karnataka Milk Center Belagavi,789,12,9468,Retail,UPI
28-11-2024,Nandini Cassata Ice Cream (150ml),Frozen,Belagavi,North Karnataka Milk Center Belagavi,139,55,7645,Retail,Distributor Credit
28-11-2024,Nandini Gulab Jamun (1kg),Sweets,Bengaluru,Apex Dairy Supplies Bengaluru,61,260,15860,Retail,Cash
28-11-2024,Nandini Fresh Paneer (200g),Fresh Dairy,Mysuru,Chamundi Agencies Mysuru,146,95,13870,Retail,Net Banking
28-11-2024,Nandini Pure Ghee (500ml),Ghee & Butter,Shivamogga,Malnad Dairy Network Shivamogga,166,315,52290,Retail,UPI
28-11-2024,Nandini Shubham Milk (1L),Milk,Belagavi,North Karnataka Milk Center Belagavi,127,50,6350,Supermarket,UPI
28-11-2024,Nandini Special Milk (1L),Milk,Bengaluru,Apex Dairy Supplies Bengaluru,382,48,18336,Supermarket,Distributor Credit
28-11-2024,Nandini Special Milk (1L),Milk,Tumakuru,Siddaganga Milk Express Tumakuru,701,48,33648,Wholesale,UPI
28-11-2024,Nandini Mysore Pak (250g),Sweets,Kalaburagi,Kalyana Karnataka Foods Kalaburagi,161,160,25760,Supermarket,UPI
28-11-2024,Nandini Kulfi (50ml),Frozen,Bengaluru,Apex Dairy Supplies Bengaluru,235,25,5875,Supermarket,Cash
28-11-2024,Nandini Flavoured Milk Badam (200ml),Beverages,Kalaburagi,Kalyana Karnataka Foods Kalaburagi,206,35,7210,Hotel / Restaurant,Net Banking
28-11-2024,Nandini Toned Milk (1L),Milk,Bengaluru,Apex Dairy Supplies Bengaluru,1396,42,58632,Hotel / Restaurant,UPI
28-11-2024,Nandini Spiced Buttermilk (200ml),Beverages,Hubballi,Kittur Distributors Hubballi,411,12,4932,Retail,UPI
28-11-2024,Nandini Pure Ghee (1L),Ghee & Butter,Tumakuru,Siddaganga Milk Express Tumakuru,120,610,73200,Supermarket,Credit Card
28-11-2024,Nandini Set Curd (400g),Fresh Dairy,Bengaluru,Apex Dairy Supplies Bengaluru,375,40,15000,Institution,Cash
28-11-2024,Nandini Spiced Buttermilk (200ml),Beverages,Belagavi,North Karnataka Milk Center Belagavi,307,12,3684,Supermarket,
28-11-2024,Nandini Sweet Lassi (200ml),Beverages,Kalaburagi,Kalyana Karnataka Foods Kalaburagi,289,20,5780,Retail,Cash
28-11-2024,Nandini Sweet Lassi (200ml),Beverages,Bengaluru,Apex Dairy Supplies Bengaluru,913,20,18260,Wholesale,UPI
28-11-2024,Nandini Cassata Ice Cream (150ml),Frozen,Belagavi,North Karnataka Milk Center Belagavi,199,55,10945,Wholesale,Distributor Credit
28-11-2024,Nandini Fresh Paneer (200g),Fresh Dairy,Kalaburagi,Kalyana Karnataka Foods Kalaburagi,207,95,19665,Retail,UPI
28-11-2024,Nandini Fresh Paneer (200g),Fresh Dairy,Bengaluru,Apex Dairy Supplies Bengaluru,310,95,29450,Supermarket,UPI
29-11-2024,Nandini Pure Ghee (500ml),Ghee & Butter,Kalaburagi,Kalyana Karnataka Foods Kalaburagi,194,315,61110,Retail,Net Banking
29-11-2024,Nandini Milk Peda (250g),Sweets,Bengaluru,Apex Dairy Supplies Bengaluru,179,140,25060,Institution,UPI
29-11-2024,Nandini Spiced Buttermilk (200ml),Beverages,Hubballi,Kittur Distributors Hubballi,884,12,10608,Retail,UPI
29-11-2024,Nandini Sweet Lassi (200ml),Beverages,Belagavi,North Karnataka Milk Center Belagavi,435,20,8700,Retail,UPI
29-11-2024,Nandini Fresh Paneer (200g),Fresh Dairy,Bengaluru,Apex Dairy Supplies Bengaluru,432,95,41040,Hotel / Restaurant,UPI
29-11-2024,Nandini Flavoured Milk Badam (200ml),Beverages,Hubballi,Kittur Distributors Hubballi,343,35,12005,Wholesale,UPI
29-11-2024,Nandini Sweet Lassi (200ml),Beverages,Bengaluru,Apex Dairy Supplies Bengaluru,564,20,11280,Retail,UPI
29-11-2024,Nandini Pure Ghee (500ml),Ghee & Butter,Mangaluru,Coastal Cool Logistics Mangaluru,100,315,31500,Retail,UPI
29-11-2024,Nandini Samrudhi Milk (1L),Milk,Mysuru,Chamundi Agencies Mysuru,238,54,12852,Hotel / Restaurant,UPI
29-11-2024,Nandini Milk Peda (250g),Sweets,Ballari,Tungabhadra Dairy Logistics Ballari,99,140,13860,Retail,UPI
29-11-2024,Nandini Mysore Pak (250g),Sweets,Davanagere,Central Karnataka Traders Davanagere,63,160,10080,Retail,UPI
29-11-2024,Nandini Samrudhi Milk (1L),Milk,Bengaluru,Apex Dairy Supplies Bengaluru,481,54,25974,Hotel / Restaurant,UPI
29-11-2024,Nandini Spiced Buttermilk (200ml),Beverages,Bengaluru,Apex Dairy Supplies Bengaluru,1594,12,19128,Institution,Cash
29-11-2024,Nandini Homogenised Cow Milk (1L),Milk,Bengaluru,Apex Dairy Supplies Bengaluru,545,46,25070,Wholesale,UPI
30-11-2024,Nandini Gulab Jamun (1kg),Sweets,Hubballi,Kittur Distributors Hubballi,100,260,26000,Hotel / Restaurant,UPI
30-11-2024,Nandini Homogenised Cow Milk (1L),Milk,Tumakuru,Siddaganga Milk Express Tumakuru,276,46,12696,Retail,UPI
30-11-2024,Nandini Salted Butter (500g),Ghee & Butter,Bengaluru,Apex Dairy Supplies Bengaluru,108,275,29700,Retail,UPI
30-11-2024,Nandini Kulfi (50ml),Frozen,Bengaluru,Apex Dairy Supplies Bengaluru,431,25,10775,Hotel / Restaurant,UPI
30-11-2024,Nandini Cassata Ice Cream (150ml),Frozen,Bengaluru,Apex Dairy Supplies Bengaluru,187,55,10285,Retail,UPI
30-11-2024,Nandini Pure Ghee (500ml),Ghee & Butter,Shivamogga,Malnad Dairy Network Shivamogga,157,315,49455,Supermarket,Net Banking
30-11-2024,Nandini Curd (500g),Fresh Dairy,Bengaluru,Apex Dairy Supplies Bengaluru,634,26,16484,Supermarket,Cash
30-11-2024,Nandini Milk Peda (250g),Sweets,Mysuru,Chamundi Agencies Mysuru,189,140,26460,Hotel / Restaurant,UPI
30-11-2024,Nandini Kulfi (50ml),Frozen,Mangaluru,Coastal Cool Logistics Mangaluru,215,25,5375,Hotel / Restaurant,Cash
30-11-2024,Nandini Pure Ghee (500ml),Ghee & Butter,Shivamogga,Malnad Dairy Network Shivamogga,71,315,22365,Retail,UPI
30-11-2024,Nandini Cassata Ice Cream (150ml),Frozen,Bengaluru,Apex Dairy Supplies Bengaluru,303,55,16665,Hotel / Restaurant,Distributor Credit
30-11-2024,Nandini Flavoured Milk Badam (200ml),Beverages,Mysuru,Chamundi Agencies Mysuru,104,35,3640,Retail,UPI
30-11-2024,Nandini Pure Ghee (1L),Ghee & Butter,Bengaluru,Apex Dairy Supplies Bengaluru,54,610,32940,Retail,Credit Card
30-11-2024,Nandini Cassata Ice Cream (150ml),Frozen,Mangaluru,Coastal Cool Logistics Mangaluru,107,55,5885,Retail,UPI
01-12-2024,Nandini Gulab Jamun (1kg),Sweets,Mangaluru,Coastal Cool Logistics Mangaluru,104,260,27040,Hotel / Restaurant,UPI
01-12-2024,Nandini Curd (500g),Fresh Dairy,Bengaluru,Apex Dairy Supplies Bengaluru,606,26,15756,Institution,Cash
01-12-2024,Nandini Pure Ghee (500ml),Ghee & Butter,Shivamogga,Malnad Dairy Network Shivamogga,72,315,22680,Retail,Cash
01-12-2024,Nandini Flavoured Milk Badam (200ml),Beverages,Mangaluru,Coastal Cool Logistics Mangaluru,208,35,7280,Supermarket,Cash
01-12-2024,Nandini Milk Peda (250g),Sweets,Bengaluru,Apex Dairy Supplies Bengaluru,165,-140,23100,Supermarket,UPI
01-12-2024,Nandini Shubham Milk (1L),Milk,Bengaluru,Apex Dairy Supplies Bengaluru,431,50,21550,Supermarket,UPI
01-12-2024,Nandini Milk Peda (250g),Sweets,Bengaluru,Apex Dairy Supplies Bengaluru,163,140,22820,Supermarket,Net Banking
01-12-2024,Nandini Spiced Buttermilk (200ml),Beverages,Davanagere,Central Karnataka Traders Davanagere,1094,12,13128,Wholesale,UPI
01-12-2024,Nandini Special Milk (1L),Milk,Bengaluru,Apex Dairy Supplies Bengaluru,324,48,15552,Retail,Net Banking
01-12-2024,Nandini Sweet Lassi (200ml),Beverages,Shivamogga,Malnad Dairy Network Shivamogga,610,20,12200,Institution,UPI
02-12-2024,Nandini Samrudhi Milk (1L),Milk,Mysuru,Chamundi Agencies Mysuru,514,54,27756,Institution,UPI
02-12-2024,Nandini Unsalted Butter (500g),Ghee & Butter,Bengaluru,Apex Dairy Supplies Bengaluru,35,280,9800,Retail,Net Banking
02-12-2024,Nandini Flavoured Milk Badam (200ml),Beverages,Hubballi,Kittur Distributors Hubballi,301,35,10535,Hotel / Restaurant,UPI
02-12-2024,Nandini Milk Peda (250g),Sweets,Shivamogga,Malnad Dairy Network Shivamogga,71,140,9940,Retail,Cash
02-12-2024,Nandini Cassata Ice Cream (150ml),Frozen,Bengaluru,Apex Dairy Supplies Bengaluru,173,55,9515,Hotel / Restaurant,Credit Card
02-12-2024,Nandini Unsalted Butter (500g),Ghee & Butter,Bengaluru,Apex Dairy Supplies Bengaluru,40,280,11200,Supermarket,UPI
02-12-2024,Nandini Cassata Ice Cream (150ml),Frozen,Kalaburagi,Kalyana Karnataka Foods Kalaburagi,84,55,4620,Retail,Credit Card
02-12-2024,Nandini Pure Ghee (500ml),Ghee & Butter,Bengaluru,Apex Dairy Supplies Bengaluru,245,315,77175,Wholesale,UPI
02-12-2024,Nandini Kulfi (50ml),Frozen,Tumakuru,Siddaganga Milk Express Tumakuru,164,25,4100,Wholesale,Cash
02-12-2024,Nandini Homogenised Cow Milk (1L),Milk,Hubballi,Kittur Distributors Hubballi,718,46,33028,Institution,UPI
02-12-2024,Nandini Spiced Buttermilk (200ml),Beverages,Bengaluru,Apex Dairy Supplies Bengaluru,1207,12,14484,Retail,Cash
02-12-2024,Nandini Special Milk (1L),Milk,Mysuru,Chamundi Agencies Mysuru,439,48,21072,Supermarket,UPI
02-12-2024,Nandini Salted Butter (500g),Ghee & Butter,Bengaluru,Apex Dairy Supplies Bengaluru,48,275,13200,Supermarket,UPI
02-12-2024,Nandini Pure Ghee (500ml),Ghee & Butter,Bengaluru,Apex Dairy Supplies Bengaluru,253,315,79695,Hotel / Restaurant,UPI
02-12-2024,Nandini Special Milk (1L),Milk,Davanagere,Central Karnataka Traders Davanagere,515,48,24720,Retail,Net Banking
02-12-2024,Nandini Pure Ghee (500ml),Ghee & Butter,Mysuru,Chamundi Agencies Mysuru,110,315,34650,Wholesale,Net Banking
02-12-2024,Nandini Pure Ghee (500ml),Ghee & Butter,Hubballi,Kittur Distributors Hubballi,67,315,21105,Retail,Net Banking
02-12-2024,Nandini Gulab Jamun (1kg),Sweets,Mysuru,Chamundi Agencies Mysuru,79,260,20540,Retail,Net Banking
02-12-2024,Nandini Cassata Ice Cream (150ml),Frozen,Bengaluru,Apex Dairy Supplies Bengaluru,126,55,6930,Hotel / Restaurant,UPI
02-12-2024,Nandini Special Milk (1L),Milk,Ballari,Tungabhadra Dairy Logistics Ballari,360,48,17280,Retail,Cash
02-12-2024,Nandini Special Milk (1L),Milk,Bengaluru,Apex Dairy Supplies Bengaluru,840,48,40320,Institution,UPI
02-12-2024,Nandini Flavoured Milk Badam (200ml),Beverages,Bengaluru,Apex Dairy Supplies Bengaluru,470,35,16450,Institution,UPI
03-12-2024,Nandini Unsalted Butter (500g),Ghee & Butter,Hubballi,Kittur Distributors Hubballi,18,280,5040,Retail,UPI
03-12-2024,Nandini Milk Peda (250g),Sweets,Hubballi,Kittur Distributors Hubballi,97,140,13580,Institution,UPI
03-12-2024,Nandini Shubham Milk (1L),Milk,Bengaluru,Apex Dairy Supplies Bengaluru,176,50,8800,Retail,Credit Card
03-12-2024,Nandini Toned Milk (1L),Milk,Belagavi,North Karnataka Milk Center Belagavi,1447,42,60774,Wholesale,Net Banking
03-12-2024,Nandini Curd (500g),Fresh Dairy,Mysuru,Chamundi Agencies Mysuru,707,26,18382,Wholesale,UPI
03-12-2024,Nandini Shubham Milk (1L),Milk,Mangaluru,Coastal Cool Logistics Mangaluru,189,50,9450,Retail,Cash
03-12-2024,Nandini Spiced Buttermilk (200ml),Beverages,Mysuru,Chamundi Agencies Mysuru,335,12,4020,Retail,UPI
03-12-2024,Nandini Shubham Milk (1L),Milk,Mangaluru,Coastal Cool Logistics Mangaluru,660,50,33000,Institution,UPI
03-12-2024,Nandini Salted Butter (500g),Ghee & Butter,Mangaluru,Coastal Cool Logistics Mangaluru,112,275,30800,Retail,Net Banking
03-12-2024,Nandini Salted Butter (500g),Ghee & Butter,Bengaluru,Apex Dairy Supplies Bengaluru,73,275,20075,Retail,Credit Card
03-12-2024,Nandini Shubham Milk (1L),Milk,Bengaluru,Apex Dairy Supplies Bengaluru,435,50,21750,Retail,Net Banking
03-12-2024,Nandini Pure Ghee (1L),Ghee & Butter,Belagavi,North Karnataka Milk Center Belagavi,77,610,46970,Supermarket,Cash
03-12-2024,Nandini Flavoured Milk Badam (200ml),Beverages,Ballari,Tungabhadra Dairy Logistics Ballari,180,35,6300,Retail,UPI
03-12-2024,Nandini Spiced Buttermilk (200ml),Beverages,Mysuru,Chamundi Agencies Mysuru,954,12,11448,Supermarket,Credit Card
03-12-2024,Nandini Cassata Ice Cream (150ml),Frozen,Bengaluru,Apex Dairy Supplies Bengaluru,138,55,7590,Wholesale,UPI
03-12-2024,Nandini Gulab Jamun (1kg),Sweets,Belagavi,North Karnataka Milk Center Belagavi,71,260,18460,Retail,Credit Card
03-12-2024,Nandini Pure Ghee (500ml),Ghee & Butter,Mangaluru,Coastal Cool Logistics Mangaluru,72,315,22680,Hotel / Restaurant,Cash
03-12-2024,Nandini Mysore Pak (250g),Sweets,Hubballi,Kittur Distributors Hubballi,72,160,11520,Retail,UPI
03-12-2024,Nandini Gulab Jamun (1kg),Sweets,Bengaluru,Apex Dairy Supplies Bengaluru,57,260,14820,Retail,UPI
04-12-2024,Nandini Cassata Ice Cream (150ml),Frozen,Bengaluru,Apex Dairy Supplies Bengaluru,68,55,3740,Supermarket,UPI
04-12-2024,Nandini Set Curd (400g),Fresh Dairy,Bengaluru,Apex Dairy Supplies Bengaluru,106,40,4240,Retail,Net Banking
04-12-2024,Nandini Mysore Pak (250g),Sweets,Hubballi,Kittur Distributors Hubballi,53,160,8480,Retail,UPI
04-12-2024,Nandini Special Milk (1L),Milk,Kalaburagi,Kalyana Karnataka Foods Kalaburagi,293,48,14064,Retail,Distributor Credit
04-12-2024,Nandini Milk Peda (250g),Sweets,Bengaluru,Apex Dairy Supplies Bengaluru,212,140,29680,Hotel / Restaurant,Credit Card
04-12-2024,Nandini Special Milk (1L),Milk,Davanagere,Central Karnataka Traders Davanagere,503,48,24144,Supermarket,Distributor Credit
04-12-2024,Nandini Pure Ghee (1L),Ghee & Butter,Bengaluru,Apex Dairy Supplies Bengaluru,208,610,126880,Wholesale,Net Banking
04-12-2024,Nandini Samrudhi Milk (1L),Milk,Shivamogga,Malnad Dairy Network Shivamogga,147,54,7938,Retail,Credit Card
04-12-2024,Nandini Salted Butter (500g),Ghee & Butter,Bengaluru,Apex Dairy Supplies Bengaluru,98,275,26950,Retail,UPI
04-12-2024,Nandini Special Milk (1L),Milk,Bengaluru,Apex Dairy Supplies Bengaluru,577,48,27696,Supermarket,Cash
04-12-2024,Nandini Pure Ghee (1L),Ghee & Butter,Mangaluru,Coastal Cool Logistics Mangaluru,71,610,43310,Institution,UPI
04-12-2024,Nandini Fresh Paneer (200g),Fresh Dairy,Hubballi,Kittur Distributors Hubballi,112,95,10640,Retail,Distributor Credit
05-12-2024,Nandini Samrudhi Milk (1L),Milk,Kalaburagi,Kalyana Karnataka Foods Kalaburagi,399,54,21546,Institution,UPI
05-12-2024,Nandini Pure Ghee (1L),Ghee & Butter,Bengaluru,Apex Dairy Supplies Bengaluru,158,610,96380,Institution,Cash
05-12-2024,Nandini Set Curd (400g),Fresh Dairy,Ballari,Tungabhadra Dairy Logistics Ballari,111,40,4440,Retail,UPI
05-12-2024,Nandini Flavoured Milk Badam (200ml),Beverages,Bengaluru,Apex Dairy Supplies Bengaluru,297,35,10395,Supermarket,Credit Card
05-12-2024,Nandini Samrudhi Milk (1L),Milk,Bengaluru,Apex Dairy Supplies Bengaluru,193,54,10422,Supermarket,Credit Card
05-12-2024,Nandini Set Curd (400g),Fresh Dairy,Kalaburagi,Kalyana Karnataka Foods Kalaburagi,55,40,2200,Retail,UPI
05-12-2024,Nandini Curd (500g),Fresh Dairy,Mysuru,Chamundi Agencies Mysuru,856,26,22256,Institution,Net Banking
05-12-2024,Nandini Milk Peda (250g),Sweets,Bengaluru,Apex Dairy Supplies Bengaluru,143,140,20020,Supermarket,Cash
05-12-2024,Nandini Spiced Buttermilk (200ml),Beverages,Mysuru,Chamundi Agencies Mysuru,943,12,11316,Wholesale,Net Banking
05-12-2024,Nandini Flavoured Milk Badam (200ml),Beverages,Bengaluru,Apex Dairy Supplies Bengaluru,120,35,4200,Retail,Cash
05-12-2024,Nandini Mysore Pak (250g),Sweets,Bengaluru,Apex Dairy Supplies Bengaluru,83,160,13280,Retail,UPI
05-12-2024,Nandini Samrudhi Milk (1L),Milk,Bengaluru,Apex Dairy Supplies Bengaluru,328,54,17712,Supermarket,UPI
05-12-2024,  nandini pure ghee (1l)  ,Ghee & Butter,Davanagere,Central Karnataka Traders Davanagere,69,610,42090,Retail,Net Banking
05-12-2024,Nandini Set Curd (400g),Fresh Dairy,Hubballi,Kittur Distributors Hubballi,92,40,3680,Retail,Credit Card
05-12-2024,Nandini Fresh Paneer (200g),Fresh Dairy,Kalaburagi,Kalyana Karnataka Foods Kalaburagi,88,95,8360,Retail,Net Banking
05-12-2024,Nandini Special Milk (1L),Milk,Kalaburagi,Kalyana Karnataka Foods Kalaburagi,284,48,13632,Retail,Net Banking
05-12-2024,Nandini Shubham Milk (1L),Milk,Mysuru,Chamundi Agencies Mysuru,449,50,22450,Retail,Net Banking
05-12-2024,Nandini Sweet Lassi (200ml),Beverages,Hubballi,Kittur Distributors Hubballi,609,20,12180,Hotel / Restaurant,UPI
06-12-2024,Nandini Milk Peda (250g),Sweets,Mangaluru,Coastal Cool Logistics Mangaluru,86,140,12040,Retail,Net Banking
06-12-2024,Nandini Cassata Ice Cream (150ml),Frozen,Hubballi,Kittur Distributors Hubballi,66,55,3630,Retail,UPI
06-12-2024,Nandini Curd (500g),Fresh Dairy,Bengaluru,Apex Dairy Supplies Bengaluru,274,26,7124,Retail,UPI
06-12-2024,Nandini Homogenised Cow Milk (1L),Milk,Kalaburagi,Kalyana Karnataka Foods Kalaburagi,531,46,24426,Retail,Net Banking
06-12-2024,Nandini Homogenised Cow Milk (1L),Milk,Mysuru,Chamundi Agencies Mysuru,330,46,15180,Retail,Cash
06-12-2024,Nandini Flavoured Milk Badam (200ml),Beverages,Davanagere,Central Karnataka Traders Davanagere,189,35,6615,Supermarket,UPI
06-12-2024,Nandini Pure Ghee (500ml),Ghee & Butter,Bengaluru,Apex Dairy Supplies Bengaluru,183,315,57645,Hotel / Restaurant,Credit Card
06-12-2024,Nandini Flavoured Milk Badam (200ml),Beverages,Shivamogga,Malnad Dairy Network Shivamogga,356,35,12460,Wholesale,UPI
06-12-2024,Nandini Milk Peda (250g),Sweets,Kalaburagi,Kalyana Karnataka Foods Kalaburagi,47,140,6580,Retail,Cash
06-12-2024,Nandini Kulfi (50ml),Frozen,Belagavi,North Karnataka Milk Center Belagavi,137,25,3425,Retail,Cash
06-12-2024,Nandini Special Milk (1L),Milk,Bengaluru,Apex Dairy Supplies Bengaluru,705,48,33840,Institution,UPI
06-12-2024,Nandini Mysore Pak (250g),Sweets,Bengaluru,Apex Dairy Supplies Bengaluru,220,160,35200,Institution,Net Banking
07-12-2024,Nandini Pure Ghee (1L),Ghee & Butter,Bengaluru,Apex Dairy Supplies Bengaluru,116,610,70760,Retail,Cash
07-12-2024,Nandini Fresh Paneer (200g),Fresh Dairy,Shivamogga,Malnad Dairy Network Shivamogga,239,95,22705,Retail,Cash
07-12-2024,Nandini Cassata Ice Cream (150ml),Frozen,Mysuru,Chamundi Agencies Mysuru,82,55,4510,,Cash
07-12-2024,Nandini Milk Peda (250g),Sweets,Shivamogga,Malnad Dairy Network Shivamogga,65,140,9100,Retail,UPI
07-12-2024,Nandini Salted Butter (500g),Ghee & Butter,Davanagere,Central Karnataka Traders Davanagere,103,275,28325,Retail,Credit Card
07-12-2024,Nandini Sweet Lassi (200ml),Beverages,Hubballi,Kittur Distributors Hubballi,287,20,5740,Supermarket,Cash
07-12-2024,Nandini Salted Butter (500g),Ghee & Butter,Kalaburagi,Kalyana Karnataka Foods Kalaburagi,50,275,13750,Supermarket,UPI
07-12-2024,Nandini Samrudhi Milk (1L),Milk,Shivamogga,Malnad Dairy Network Shivamogga,198,54,10692,Institution,UPI
07-12-2024,Nandini Pure Ghee (500ml),Ghee & Butter,Bengaluru,Apex Dairy Supplies Bengaluru,49,315,15435,Supermarket,Cash
07-12-2024,Nandini Special Milk (1L),Milk,Bengaluru,Apex Dairy Supplies Bengaluru,693,48,33264,Retail,Cash
07-12-2024,Nandini Mysore Pak (250g),Sweets,Mangaluru,Coastal Cool Logistics Mangaluru,136,160,21760,Wholesale,
08-12-2024,Nandini Toned Milk (1L),Milk,Bengaluru,Apex Dairy Supplies Bengaluru,1045,42,43890,Retail,Net Banking
08-12-2024,Nandini Gulab Jamun (1kg),Sweets,Bengaluru,Apex Dairy Supplies Bengaluru,161,260,41860,Hotel / Restaurant,UPI
08-12-2024,Nandini Pure Ghee (500ml),Ghee & Butter,Mysuru,Chamundi Agencies Mysuru,135,315,42525,Retail,Net Banking
08-12-2024,Nandini Shubham Milk (1L),Milk,Bengaluru,Apex Dairy Supplies Bengaluru,285,50,14250,Retail,UPI
08-12-2024,Nandini Cassata Ice Cream (150ml),Frozen,Bengaluru,Apex Dairy Supplies Bengaluru,364,55,20020,Institution,UPI
08-12-2024,Nandini Flavoured Milk Badam (200ml),Beverages,Bengaluru,Apex Dairy Supplies Bengaluru,345,35,12075,Wholesale,Distributor Credit
08-12-2024,Nandini Salted Butter (500g),Ghee & Butter,Mangaluru,Coastal Cool Logistics Mangaluru,87,275,23925,Retail,UPI
08-12-2024,Nandini Cassata Ice Cream (150ml),Frozen,Bengaluru,Apex Dairy Supplies Bengaluru,194,55,10670,Hotel / Restaurant,Cash
08-12-2024,Nandini Pure Ghee (500ml),Ghee & Butter,Belagavi,North Karnataka Milk Center Belagavi,125,315,39375,Supermarket,Cash
08-12-2024,Nandini Cassata Ice Cream (150ml),Frozen,Bengaluru,Apex Dairy Supplies Bengaluru,94,55,5170,Retail,UPI
08-12-2024,Nandini Set Curd (400g),Fresh Dairy,Hubballi,Kittur Distributors Hubballi,125,40,5000,Retail,UPI
09-12-2024,Nandini Shubham Milk (1L),Milk,Mangaluru,Coastal Cool Logistics Mangaluru,268,50,13400,Supermarket,Credit Card
09-12-2024,Nandini Special Milk (1L),Milk,Bengaluru,Apex Dairy Supplies Bengaluru,432,48,20736,Hotel / Restaurant,Distributor Credit
09-12-2024,Nandini Spiced Buttermilk (200ml),Beverages,Mysuru,Chamundi Agencies Mysuru,1236,12,14832,Institution,Credit Card
09-12-2024,Nandini Samrudhi Milk (1L),Milk,Bengaluru,Apex Dairy Supplies Bengaluru,301,54,16254,Supermarket,Net Banking
09-12-2024,Nandini Salted Butter (500g),Ghee & Butter,Bengaluru,Apex Dairy Supplies Bengaluru,114,275,31350,Retail,UPI
09-12-2024,Nandini Flavoured Milk Badam (200ml),Beverages,Hubballi,Kittur Distributors Hubballi,155,35,5425,Hotel / Restaurant,UPI
09-12-2024,Nandini Toned Milk (1L),Milk,Mysuru,Chamundi Agencies Mysuru,1829,42,76818,Wholesale,Credit Card
09-12-2024,Nandini Unsalted Butter (500g),Ghee & Butter,Hubballi,Kittur Distributors Hubballi,66,280,18480,Retail,Net Banking
09-12-2024,Nandini Kulfi (50ml),Frozen,Mangaluru,Coastal Cool Logistics Mangaluru,110,25,2750,Retail,UPI
10-12-2024,Nandini Kulfi (50ml),Frozen,Kalaburagi,Kalyana Karnataka Foods Kalaburagi,151,25,3775,Wholesale,UPI
10-12-2024,Nandini Pure Ghee (500ml),Ghee & Butter,Bengaluru,Apex Dairy Supplies Bengaluru,194,315,61110,Supermarket,UPI
10-12-2024,Nandini Gulab Jamun (1kg),Sweets,Mysuru,Chamundi Agencies Mysuru,25,260,6500,Hotel / Restaurant,UPI
10-12-2024,Nandini Homogenised Cow Milk (1L),Milk,Mangaluru,Coastal Cool Logistics Mangaluru,640,46,29440,Wholesale,UPI
10-12-2024,Nandini Flavoured Milk Badam (200ml),Beverages,Belagavi,North Karnataka Milk Center Belagavi,91,35,3185,Supermarket,UPI
10-12-2024,Nandini Pure Ghee (500ml),Ghee & Butter,Belagavi,North Karnataka Milk Center Belagavi,171,315,53865,Wholesale,Net Banking
10-12-2024,Nandini Cassata Ice Cream (150ml),Frozen,Bengaluru,Apex Dairy Supplies Bengaluru,273,55,15015,Wholesale,UPI
10-12-2024,Nandini Special Milk (1L),Milk,Ballari,Tungabhadra Dairy Logistics Ballari,430,48,20640,Hotel / Restaurant,UPI
10-12-2024,Nandini Curd (500g),Fresh Dairy,Ballari,Tungabhadra Dairy Logistics Ballari,710,26,18460,Institution,UPI
10-12-2024,Nandini Pure Ghee (1L),Ghee & Butter,Mangaluru,Coastal Cool Logistics Mangaluru,148,610,90280,Wholesale,Credit Card
10-12-2024,Nandini Flavoured Milk Badam (200ml),Beverages,Bengaluru,Apex Dairy Supplies Bengaluru,103,35,3605,Supermarket,Net Banking
10-12-2024,Nandini Mysore Pak (250g),Sweets,Belagavi,North Karnataka Milk Center Belagavi,106,160,16960,Supermarket,UPI
10-12-2024,Nandini Milk Peda (250g),Sweets,Mysuru,Chamundi Agencies Mysuru,96,140,13440,Retail,Net Banking
10-12-2024,Nandini Special Milk (1L),Milk,Mysuru,Chamundi Agencies Mysuru,868,48,41664,Wholesale,UPI
10-12-2024,Nandini Shubham Milk (1L),Milk,Bengaluru,Apex Dairy Supplies Bengaluru,391,50,19550,Retail,UPI
10-12-2024,Nandini Milk Peda (250g),Sweets,Bengaluru,Apex Dairy Supplies Bengaluru,139,140,19460,Supermarket,Distributor Credit
10-12-2024,Nandini Gulab Jamun (1kg),Sweets,Belagavi,North Karnataka Milk Center Belagavi,69,260,17940,Wholesale,UPI
10-12-2024,Nandini Gulab Jamun (1kg),Sweets,Bengaluru,Apex Dairy Supplies Bengaluru,38,260,9880,Retail,UPI
10-12-2024,Nandini Set Curd (400g),Fresh Dairy,Bengaluru,Apex Dairy Supplies Bengaluru,237,40,9480,Supermarket,UPI
10-12-2024,Nandini Milk Peda (250g),Sweets,Kalaburagi,Kalyana Karnataka Foods Kalaburagi,120,140,16800,Retail,Net Banking
10-12-2024,Nandini Flavoured Milk Badam (200ml),Beverages,Shivamogga,Malnad Dairy Network Shivamogga,335,35,11725,Wholesale,Cash
11-12-2024,Nandini Pure Ghee (500ml),Ghee & Butter,Davanagere,Central Karnataka Traders Davanagere,78,315,24570,Supermarket,Credit Card
11-12-2024,Nandini Toned Milk (1L),Milk,Bengaluru,Apex Dairy Supplies Bengaluru,1230,42,51660,Retail,Net Banking
11-12-2024,Nandini Set Curd (400g),Fresh Dairy,Belagavi,North Karnataka Milk Center Belagavi,169,40,6760,Retail,Credit Card
11-12-2024,Nandini Kulfi (50ml),Frozen,Bengaluru,Apex Dairy Supplies Bengaluru,124,25,3100,Retail,Net Banking
11-12-2024,Nandini Pure Ghee (500ml),Ghee & Butter,Bengaluru,Apex Dairy Supplies Bengaluru,55,315,17325,Retail,UPI
11-12-2024,Nandini Kulfi (50ml),Frozen,Belagavi,North Karnataka Milk Center Belagavi,130,25,3250,Supermarket,Net Banking
11-12-2024,Nandini Mysore Pak (250g),Sweets,Bengaluru,Apex Dairy Supplies Bengaluru,247,160,39520,Wholesale,Net Banking
11-12-2024,Nandini Sweet Lassi (200ml),Beverages,Mysuru,Chamundi Agencies Mysuru,228,20,4560,Retail,UPI
11-12-2024,Nandini Samrudhi Milk (1L),Milk,Hubballi,Kittur Distributors Hubballi,252,54,13608,Retail,UPI
11-12-2024,Nandini Toned Milk (1L),Milk,Bengaluru,Apex Dairy Supplies Bengaluru,1224,42,51408,Retail,UPI
11-12-2024,Nandini Set Curd (400g),Fresh Dairy,Bengaluru,Apex Dairy Supplies Bengaluru,457,40,18280,Institution,UPI
11-12-2024,Nandini Unsalted Butter (500g),Ghee & Butter,Belagavi,North Karnataka Milk Center Belagavi,28,280,7840,Institution,Net Banking
11-12-2024,Nandini Milk Peda (250g),Sweets,Belagavi,North Karnataka Milk Center Belagavi,94,140,13160,Retail,UPI
11-12-2024,Nandini Pure Ghee (500ml),Ghee & Butter,Bengaluru,Apex Dairy Supplies Bengaluru,238,315,74970,Hotel / Restaurant,UPI
11-12-2024,Nandini Samrudhi Milk (1L),Milk,Bengaluru,Apex Dairy Supplies Bengaluru,222,54,11988,Retail,Cash
11-12-2024,Nandini Mysore Pak (250g),Sweets,Bengaluru,Apex Dairy Supplies Bengaluru,145,160,23200,Supermarket,Credit Card
11-12-2024,Nandini Pure Ghee (1L),Ghee & Butter,Belagavi,North Karnataka Milk Center Belagavi,137,610,83570,Wholesale,UPI
12-12-2024,Nandini Gulab Jamun (1kg),Sweets,Belagavi,North Karnataka Milk Center Belagavi,19,260,4940,Supermarket,UPI
12-12-2024,Nandini Pure Ghee (500ml),Ghee & Butter,Belagavi,North Karnataka Milk Center Belagavi,129,315,40635,Supermarket,UPI
12-12-2024,Nandini Pure Ghee (1L),Ghee & Butter,Davanagere,Central Karnataka Traders Davanagere,21,610,12810,Supermarket,Net Banking
12-12-2024,Nandini Set Curd (400g),Fresh Dairy,Davanagere,Central Karnataka Traders Davanagere,76,40,3040,Retail,UPI
12-12-2024,Nandini Curd (500g),Fresh Dairy,Bengaluru,Apex Dairy Supplies Bengaluru,995,26,25870,Wholesale,UPI
12-12-2024,Nandini Samrudhi Milk (1L),Milk,Bengaluru,Apex Dairy Supplies Bengaluru,294,54,15876,Supermarket,Net Banking
12-12-2024,NANDINI FLAVOURED MILK BADAM (200ML),Beverages,Bengaluru,Apex Dairy Supplies Bengaluru,421,35,14735,Hotel / Restaurant,Net Banking
12-12-2024,Nandini Spiced Buttermilk (200ml),Beverages,Ballari,Tungabhadra Dairy Logistics Ballari,518,12,6216,Supermarket,Distributor Credit
12-12-2024,Nandini Special Milk (1L),Milk,Bengaluru,Apex Dairy Supplies Bengaluru,299,48,14352,Retail,Credit Card
12-12-2024,Nandini Spiced Buttermilk (200ml),Beverages,Mysuru,Chamundi Agencies Mysuru,877,12,10524,Supermarket,UPI
12-12-2024,Nandini Unsalted Butter (500g),Ghee & Butter,Mangaluru,Coastal Cool Logistics Mangaluru,36,280,10080,Hotel / Restaurant,UPI
12-12-2024,Nandini Spiced Buttermilk (200ml),Beverages,Bengaluru,Apex Dairy Supplies Bengaluru,942,12,11304,Wholesale,UPI
12-12-2024,Nandini Pure Ghee (1L),Ghee & Butter,Belagavi,North Karnataka Milk Center Belagavi,64,610,39040,Retail,Credit Card
12-12-2024,Nandini Pure Ghee (500ml),Ghee & Butter,Mysuru,Chamundi Agencies Mysuru,51,315,16065,Retail,UPI
12-12-2024,Nandini Sweet Lassi (200ml),Beverages,Hubballi,Kittur Distributors Hubballi,182,20,3640,Retail,Credit Card
12-12-2024,Nandini Pure Ghee (1L),Ghee & Butter,Bengaluru,Apex Dairy Supplies Bengaluru,81,610,49410,Supermarket,UPI
12-12-2024,Nandini Toned Milk (1L),Milk,Davanagere,Central Karnataka Traders Davanagere,897,42,37674,Retail,Cash
12-12-2024,Nandini Shubham Milk (1L),Milk,Hubballi,Kittur Distributors Hubballi,274,50,13700,Wholesale,Distributor Credit
12-12-2024,Nandini Milk Peda (250g),Sweets,Mysuru,Chamundi Agencies Mysuru,81,140,11340,Retail,Cash
12-12-2024,Nandini Salted Butter (500g),Ghee & Butter,Mangaluru,Coastal Cool Logistics Mangaluru,80,275,22000,Retail,Cash
13-12-2024,Nandini Milk Peda (250g),Sweets,Hubballi,Kittur Distributors Hubballi,52,140,7280,Retail,UPI
13-12-2024,Nandini Mysore Pak (250g),Sweets,Belagavi,North Karnataka Milk Center Belagavi,94,160,15040,Retail,Cash
13-12-2024,Nandini Set Curd (400g),Fresh Dairy,Hubballi,Kittur Distributors Hubballi,158,40,6320,Retail,UPI
13-12-2024,Nandini Gulab Jamun (1kg),Sweets,Davanagere,Central Karnataka Traders Davanagere,42,260,10920,Wholesale,UPI
13-12-2024,Nandini Shubham Milk (1L),Milk,Mysuru,Chamundi Agencies Mysuru,203,50,10150,Retail,Distributor Credit
13-12-2024,Nandini Cassata Ice Cream (150ml),Frozen,Mysuru,Chamundi Agencies Mysuru,114,55,6270,Retail,Net Banking
13-12-2024,Nandini Gulab Jamun (1kg),Sweets,Bengaluru,Apex Dairy Supplies Bengaluru,68,260,17680,Retail,Cash
13-12-2024,Nandini Samrudhi Milk (1L),Milk,Hubballi,Kittur Distributors Hubballi,302,54,16308,Hotel / Restaurant,UPI
13-12-2024,Nandini Homogenised Cow Milk (1L),Milk,Bengaluru,Apex Dairy Supplies Bengaluru,841,46,38686,Retail,Cash
14-12-2024,Nandini Spiced Buttermilk (200ml),Beverages,Mangaluru,Coastal Cool Logistics Mangaluru,768,12,9216,Retail,UPI
14-12-2024,Nandini Pure Ghee (500ml),Ghee & Butter,Hubballi,Kittur Distributors Hubballi,85,315,26775,Wholesale,UPI
14-12-2024,Nandini Sweet Lassi (200ml),Beverages,Mangaluru,Coastal Cool Logistics Mangaluru,637,20,12740,Wholesale,Credit Card
14-12-2024,Nandini Curd (500g),Fresh Dairy,Shivamogga,Malnad Dairy Network Shivamogga,826,26,21476,Wholesale,Cash
14-12-2024,Nandini Samrudhi Milk (1L),Milk,Kalaburagi,Kalyana Karnataka Foods Kalaburagi,182,54,9828,Retail,UPI
14-12-2024,Nandini Shubham Milk (1L),Milk,Bengaluru,Apex Dairy Supplies Bengaluru,183,50,9150,Supermarket,UPI
14-12-2024,Nandini Gulab Jamun (1kg),Sweets,Bengaluru,Apex Dairy Supplies Bengaluru,85,260,22100,Retail,UPI
15-12-2024,Nandini Cassata Ice Cream (150ml),Frozen,Mangaluru,Coastal Cool Logistics Mangaluru,152,55,8360,Retail,Cash
15-12-2024,Nandini Samrudhi Milk (1L),Milk,Bengaluru,Apex Dairy Supplies Bengaluru,321,54,17334,Retail,Cash
15-12-2024,Nandini Flavoured Milk Badam (200ml),Beverages,Davanagere,Central Karnataka Traders Davanagere,245,35,8575,Institution,Net Banking
15-12-2024,Nandini Flavoured Milk Badam (200ml),Beverages,Mangaluru,Coastal Cool Logistics Mangaluru,514,35,17990,Wholesale,Credit Card
15-12-2024,Nandini Unsalted Butter (500g),Ghee & Butter,Mysuru,Chamundi Agencies Mysuru,75,280,21000,Hotel / Restaurant,Distributor Credit
15-12-2024,Nandini Fresh Paneer (200g),Fresh Dairy,Kalaburagi,Kalyana Karnataka Foods Kalaburagi,368,95,34960,Wholesale,Net Banking
15-12-2024,Nandini Mysore Pak (250g),Sweets,Hubballi,Kittur Distributors Hubballi,127,160,20320,Wholesale,Cash
15-12-2024,Nandini Samrudhi Milk (1L),Milk,Bengaluru,Apex Dairy Supplies Bengaluru,149,54,8046,Retail,UPI
15-12-2024,Nandini Toned Milk (1L),Milk,Mysuru,Chamundi Agencies Mysuru,1002,42,42084,Supermarket,UPI
15-12-2024,Nandini Gulab Jamun (1kg),Sweets,Davanagere,Central Karnataka Traders Davanagere,63,260,16380,Hotel / Restaurant,Distributor Credit
15-12-2024,Nandini Milk Peda (250g),Sweets,Bengaluru,Apex Dairy Supplies Bengaluru,276,140,38640,Wholesale,UPI
16-12-2024,Nandini Shubham Milk (1L),Milk,Hubballi,Kittur Distributors Hubballi,144,50,7200,Retail,UPI
16-12-2024,Nandini Gulab Jamun (1kg),Sweets,Shivamogga,Malnad Dairy Network Shivamogga,48,260,12480,Supermarket,UPI
16-12-2024,Nandini Unsalted Butter (500g),Ghee & Butter,Mysuru,Chamundi Agencies Mysuru,91,280,25480,Retail,Net Banking
16-12-2024,Nandini Gulab Jamun (1kg),Sweets,Bengaluru,Apex Dairy Supplies Bengaluru,24,260,6240,Retail,UPI
16-12-2024,Nandini Shubham Milk (1L),Milk,Mysuru,Chamundi Agencies Mysuru,258,50,12900,Supermarket,Cash
16-12-2024,Nandini Special Milk (1L),Milk,Bengaluru,Apex Dairy Supplies Bengaluru,580,48,27840,Wholesale,UPI
16-12-2024,Nandini Pure Ghee (1L),Ghee & Butter,Bengaluru,Apex Dairy Supplies Bengaluru,65,610,39650,Institution,UPI
16-12-2024,Nandini Set Curd (400g),Fresh Dairy,Bengaluru,Apex Dairy Supplies Bengaluru,218,40,8720,Retail,Credit Card
16-12-2024,Nandini Shubham Milk (1L),Milk,Mysuru,Chamundi Agencies Mysuru,403,50,20150,Retail,UPI
16-12-2024,Nandini Pure Ghee (1L),Ghee & Butter,Hubballi,Kittur Distributors Hubballi,20,610,12200,Supermarket,UPI
16-12-2024,Nandini Cassata Ice Cream (150ml),Frozen,Bengaluru,Apex Dairy Supplies Bengaluru,80,55,4400,Supermarket,UPI
16-12-2024,Nandini Pure Ghee (500ml),Ghee & Butter,Bengaluru,Apex Dairy Supplies Bengaluru,51,315,16065,Supermarket,Cash
16-12-2024,Nandini Toned Milk (1L),Milk,Mysuru,Chamundi Agencies Mysuru,880,42,36960,Retail,Net Banking
16-12-2024,Nandini Flavoured Milk Badam (200ml),Beverages,Mysuru,Chamundi Agencies Mysuru,289,35,10115,Retail,UPI
16-12-2024,Nandini Salted Butter (500g),Ghee & Butter,Kalaburagi,Kalyana Karnataka Foods Kalaburagi,39,275,10725,Retail,UPI
16-12-2024,Nandini Curd (500g),Fresh Dairy,Mangaluru,Coastal Cool Logistics Mangaluru,411,26,10686,Wholesale,Net Banking
16-12-2024,Nandini Curd (500g),Fresh Dairy,Mangaluru,Coastal Cool Logistics Mangaluru,278,26,7228,Retail,UPI
16-12-2024,Nandini Spiced Buttermilk (200ml),Beverages,Mysuru,Chamundi Agencies Mysuru,733,12,8796,Supermarket,Credit Card
16-12-2024,Nandini Samrudhi Milk (1L),Milk,Davanagere,Central Karnataka Traders Davanagere,93,54,5022,Retail,UPI
16-12-2024,Nandini Set Curd (400g),Fresh Dairy,Bengaluru,Apex Dairy Supplies Bengaluru,219,40,8760,Supermarket,Cash
16-12-2024,Nandini Flavoured Milk Badam (200ml),Beverages,Davanagere,Central Karnataka Traders Davanagere,268,35,9380,Hotel / Restaurant,UPI
17-12-2024,Nandini Fresh Paneer (200g),Fresh Dairy,Mangaluru,Coastal Cool Logistics Mangaluru,167,95,15865,Retail,Distributor Credit
17-12-2024,Nandini Mysore Pak (250g),Sweets,Davanagere,Central Karnataka Traders Davanagere,151,160,24160,Hotel / Restaurant,UPI
17-12-2024,Nandini Mysore Pak (250g),Sweets,Hubballi,Kittur Distributors Hubballi,124,160,19840,Retail,UPI
17-12-2024,Nandini Unsalted Butter (500g),Ghee & Butter,Tumakuru,Siddaganga Milk Express Tumakuru,43,280,12040,Supermarket,UPI
17-12-2024,Nandini Sweet Lassi (200ml),Beverages,Bengaluru,Apex Dairy Supplies Bengaluru,602,20,12040,Hotel / Restaurant,UPI
17-12-2024,Nandini Sweet Lassi (200ml),Beverages,Mangaluru,Coastal Cool Logistics Mangaluru,285,20,5700,Retail,UPI
17-12-2024,Nandini Set Curd (400g),Fresh Dairy,Hubballi,Kittur Distributors Hubballi,218,40,8720,Hotel / Restaurant,UPI
17-12-2024,Nandini Homogenised Cow Milk (1L),Milk,Mysuru,Chamundi Agencies Mysuru,556,46,25576,Wholesale,UPI
17-12-2024,Nandini Set Curd (400g),Fresh Dairy,Bengaluru,Apex Dairy Supplies Bengaluru,254,40,10160,Retail,Cash
17-12-2024,Nandini Flavoured Milk Badam (200ml),Beverages,Bengaluru,Apex Dairy Supplies Bengaluru,367,35,12845,Wholesale,UPI
17-12-2024,Nandini Unsalted Butter (500g),Ghee & Butter,Hubballi,Kittur Distributors Hubballi,53,280,14840,Retail,UPI
17-12-2024,Nandini Special Milk (1L),Milk,Tumakuru,Siddaganga Milk Express Tumakuru,452,48,21696,Retail,Credit Card
17-12-2024,Nandini Shubham Milk (1L),Milk,Bengaluru,Apex Dairy Supplies Bengaluru,472,50,23600,Supermarket,UPI
17-12-2024,Nandini Homogenised Cow Milk (1L),Milk,Bengaluru,Apex Dairy Supplies Bengaluru,458,46,21068,Supermarket,Net Banking
18-12-2024,Nandini Sweet Lassi (200ml),Beverages,Hubballi,Kittur Distributors Hubballi,150,20,3000,Retail,Cash
18-12-2024,Nandini Milk Peda (250g),Sweets,Belagavi,North Karnataka Milk Center Belagavi,234,140,32760,Institution,UPI
18-12-2024,Nandini Cassata Ice Cream (150ml),Frozen,Bengaluru,Apex Dairy Supplies Bengaluru,175,55,9625,Retail,Net Banking
18-12-2024,Nandini Mysore Pak (250g),Sweets,Bengaluru,Apex Dairy Supplies Bengaluru,45,160,7200,Retail,Net Banking
18-12-2024,Nandini Mysore Pak (250g),Sweets,Shivamogga,Malnad Dairy Network Shivamogga,119,160,19040,Hotel / Restaurant,UPI
18-12-2024,Nandini Homogenised Cow Milk (1L),Milk,Bengaluru,Apex Dairy Supplies Bengaluru,738,46,33948,Retail,UPI
18-12-2024,Nandini Kulfi (50ml),Frozen,Bengaluru,Apex Dairy Supplies Bengaluru,221,25,5525,Supermarket,UPI
18-12-2024,Nandini Set Curd (400g),Fresh Dairy,Belagavi,North Karnataka Milk Center Belagavi,84,40,3360,Retail,Cash
18-12-2024,Nandini Flavoured Milk Badam (200ml),Beverages,Bengaluru,Apex Dairy Supplies Bengaluru,330,35,11550,Retail,UPI
18-12-2024,Nandini Unsalted Butter (500g),Ghee & Butter,Mysuru,Chamundi Agencies Mysuru,51,280,14280,Supermarket,Net Banking
18-12-2024,Nandini Pure Ghee (1L),Ghee & Butter,Davanagere,Central Karnataka Traders Davanagere,157,610,95770,Institution,UPI
18-12-2024,Nandini Gulab Jamun (1kg),Sweets,Hubballi,Kittur Distributors Hubballi,125,260,32500,Wholesale,Net Banking
18-12-2024,Nandini Mysore Pak (250g),Sweets,Davanagere,Central Karnataka Traders Davanagere,86,160,13760,Retail,Net Banking
18-12-2024,Nandini Kulfi (50ml),Frozen,Ballari,Tungabhadra Dairy Logistics Ballari,224,25,5600,Retail,Net Banking
18-12-2024,Nandini Salted Butter (500g),Ghee & Butter,Bengaluru,Apex Dairy Supplies Bengaluru,139,275,38225,Retail,Cash
18-12-2024,Nandini Homogenised Cow Milk (1L),Milk,Mysuru,Chamundi Agencies Mysuru,582,46,26772,Retail,Net Banking
18-12-2024,Nandini Samrudhi Milk (1L),Milk,Bengaluru,Apex Dairy Supplies Bengaluru,289,54,15606,Retail,Credit Card
18-12-2024,Nandini Toned Milk (1L),Milk,Bengaluru,Apex Dairy Supplies Bengaluru,1280,42,53760,Retail,UPI
18-12-2024,Nandini Pure Ghee (500ml),Ghee & Butter,Bengaluru,Apex Dairy Supplies Bengaluru,115,315,36225,Institution,Distributor Credit
18-12-2024,Nandini Homogenised Cow Milk (1L),Milk,Bengaluru,Apex Dairy Supplies Bengaluru,566,46,26036,Hotel / Restaurant,
19-12-2024,Nandini Fresh Paneer (200g),Fresh Dairy,Bengaluru,Apex Dairy Supplies Bengaluru,263,95,24985,Retail,Net Banking
19-12-2024,Nandini Sweet Lassi (200ml),Beverages,Bengaluru,Apex Dairy Supplies Bengaluru,315,20,6300,Supermarket,Net Banking
19-12-2024,Nandini Mysore Pak (250g),Sweets,Bengaluru,Apex Dairy Supplies Bengaluru,126,160,20160,Hotel / Restaurant,UPI
19-12-2024,Nandini Gulab Jamun (1kg),Sweets,Kalaburagi,Kalyana Karnataka Foods Kalaburagi,50,260,13000,Supermarket,Credit Card
19-12-2024,Nandini Shubham Milk (1L),Milk,Mangaluru,Coastal Cool Logistics Mangaluru,290,50,14500,Retail,Cash
19-12-2024,Nandini Set Curd (400g),Fresh Dairy,Shivamogga,Malnad Dairy Network Shivamogga,218,40,8720,Wholesale,UPI
19-12-2024,Nandini Curd (500g),Fresh Dairy,Bengaluru,Apex Dairy Supplies Bengaluru,756,26,19656,Supermarket,Distributor Credit
19-12-2024,Nandini Cassata Ice Cream (150ml),Frozen,Mangaluru,Coastal Cool Logistics Mangaluru,139,55,7645,Retail,UPI
19-12-2024,Nandini Sweet Lassi (200ml),Beverages,Hubballi,Kittur Distributors Hubballi,291,20,5820,Supermarket,Cash
19-12-2024,Nandini Set Curd (400g),Fresh Dairy,Mangaluru,Coastal Cool Logistics Mangaluru,135,40,5400,Retail,UPI
19-12-2024,Nandini Sweet Lassi (200ml),Beverages,Bengaluru,Apex Dairy Supplies Bengaluru,1152,20,23040,Wholesale,Cash
19-12-2024,Nandini Pure Ghee (1L),Ghee & Butter,Bengaluru,Apex Dairy Supplies Bengaluru,89,610,54290,Retail,Cash
19-12-2024,Nandini Kulfi (50ml),Frozen,Mangaluru,Coastal Cool Logistics Mangaluru,219,25,5475,Retail,Net Banking
19-12-2024,Nandini Milk Peda (250g),Sweets,Bengaluru,Apex Dairy Supplies Bengaluru,113,140,15820,Retail,Cash
20-12-2024,Nandini Kulfi (50ml),Frozen,Bengaluru,Apex Dairy Supplies Bengaluru,225,25,5625,Supermarket,Net Banking
20-12-2024,Nandini Samrudhi Milk (1L),Milk,Shivamogga,Malnad Dairy Network Shivamogga,139,54,7506,Retail,UPI
20-12-2024,Nandini Cassata Ice Cream (150ml),Frozen,Mangaluru,Coastal Cool Logistics Mangaluru,130,55,7150,Wholesale,Credit Card
20-12-2024,Nandini Set Curd (400g),Fresh Dairy,Bengaluru,Apex Dairy Supplies Bengaluru,84,40,3360,Supermarket,UPI
20-12-2024,Nandini Special Milk (1L),Milk,Tumakuru,Siddaganga Milk Express Tumakuru,527,48,25296,Hotel / Restaurant,Net Banking
20-12-2024,Nandini Unsalted Butter (500g),Ghee & Butter,Mysuru,Chamundi Agencies Mysuru,33,280,9240,Supermarket,UPI
20-12-2024,Nandini Salted Butter (500g),Ghee & Butter,Mysuru,Chamundi Agencies Mysuru,79,275,21725,Institution,Net Banking
20-12-2024,Nandini Sweet Lassi (200ml),Beverages,Bengaluru,Apex Dairy Supplies Bengaluru,304,20,6080,Retail,Net Banking
20-12-2024,Nandini Samrudhi Milk (1L),Milk,Hubballi,Kittur Distributors Hubballi,184,54,9936,Institution,UPI
20-12-2024,Nandini Unsalted Butter (500g),Ghee & Butter,Belagavi,North Karnataka Milk Center Belagavi,82,280,22960,Wholesale,UPI
20-12-2024,Nandini Salted Butter (500g),Ghee & Butter,Kalaburagi,Kalyana Karnataka Foods Kalaburagi,63,275,17325,,Cash
20-12-2024,Nandini Sweet Lassi (200ml),Beverages,Hubballi,Kittur Distributors Hubballi,271,20,5420,Retail,UPI
20-12-2024,Nandini Set Curd (400g),Fresh Dairy,Bengaluru,Apex Dairy Supplies Bengaluru,204,40,8160,Retail,UPI
21-12-2024,Nandini Mysore Pak (250g),Sweets,Shivamogga,Malnad Dairy Network Shivamogga,73,160,11680,Retail,Credit Card
21-12-2024,Nandini Flavoured Milk Badam (200ml),Beverages,Davanagere,Central Karnataka Traders Davanagere,129,35,4515,Wholesale,UPI
21-12-2024,Nandini Mysore Pak (250g),Sweets,Kalaburagi,Kalyana Karnataka Foods Kalaburagi,157,160,25120,Retail,UPI
21-12-2024,Nandini Samrudhi Milk (1L),Milk,Bengaluru,Apex Dairy Supplies Bengaluru,210,54,11340,Hotel / Restaurant,UPI
21-12-2024,Nandini Pure Ghee (1L),Ghee & Butter,Bengaluru,Apex Dairy Supplies Bengaluru,119,610,72590,Supermarket,Cash
21-12-2024,Nandini Mysore Pak (250g),Sweets,Bengaluru,Apex Dairy Supplies Bengaluru,199,160,31840,Wholesale,UPI
21-12-2024,Nandini Shubham Milk (1L),Milk,Bengaluru,Apex Dairy Supplies Bengaluru,194,50,9700,Supermarket,UPI
21-12-2024,Nandini Fresh Paneer (200g),Fresh Dairy,Mangaluru,Coastal Cool Logistics Mangaluru,138,95,13110,Retail,UPI
21-12-2024,Nandini Gulab Jamun (1kg),Sweets,Bengaluru,Apex Dairy Supplies Bengaluru,126,260,32760,Retail,UPI
21-12-2024,Nandini Special Milk (1L),Milk,Mangaluru,Coastal Cool Logistics Mangaluru,739,48,35472,Wholesale,UPI
21-12-2024,Nandini Mysore Pak (250g),Sweets,Mysuru,Chamundi Agencies Mysuru,63,160,10080,Supermarket,UPI
21-12-2024,Nandini Homogenised Cow Milk (1L),Milk,Bengaluru,Apex Dairy Supplies Bengaluru,726,46,33396,Supermarket,Net Banking
21-12-2024,  nandini kulfi (50ml)  ,Frozen,Bengaluru,Apex Dairy Supplies Bengaluru,590,25,14750,Wholesale,UPI
21-12-2024,Nandini Fresh Paneer (200g),Fresh Dairy,Hubballi,Kittur Distributors Hubballi,458,95,43510,Wholesale,UPI
21-12-2024,Nandini Pure Ghee (500ml),Ghee & Butter,Belagavi,North Karnataka Milk Center Belagavi,116,315,36540,Supermarket,UPI
22-12-2024,Nandini Homogenised Cow Milk (1L),Milk,Mysuru,Chamundi Agencies Mysuru,669,46,30774,Retail,Credit Card
22-12-2024,Nandini Homogenised Cow Milk (1L),Milk,Bengaluru,Apex Dairy Supplies Bengaluru,380,46,17480,Supermarket,Distributor Credit
22-12-2024,Nandini Unsalted Butter (500g),Ghee & Butter,Kalaburagi,Kalyana Karnataka Foods Kalaburagi,81,280,22680,Retail,Net Banking
22-12-2024,Nandini Salted Butter (500g),Ghee & Butter,Mysuru,Chamundi Agencies Mysuru,120,275,33000,Retail,UPI
22-12-2024,Nandini Pure Ghee (1L),Ghee & Butter,Ballari,Tungabhadra Dairy Logistics Ballari,77,610,46970,Wholesale,UPI
22-12-2024,Nandini Unsalted Butter (500g),Ghee & Butter,Bengaluru,Apex Dairy Supplies Bengaluru,38,280,10640,Retail,UPI
22-12-2024,Nandini Milk Peda (250g),Sweets,Kalaburagi,Kalyana Karnataka Foods Kalaburagi,127,140,17780,Retail,Cash
22-12-2024,Nandini Set Curd (400g),Fresh Dairy,Hubballi,Kittur Distributors Hubballi,84,40,3360,Supermarket,Cash
22-12-2024,Nandini Flavoured Milk Badam (200ml),Beverages,Bengaluru,Apex Dairy Supplies Bengaluru,147,35,5145,Retail,Cash
23-12-2024,Nandini Kulfi (50ml),Frozen,Bengaluru,Apex Dairy Supplies Bengaluru,182,25,4550,Wholesale,UPI
23-12-2024,Nandini Set Curd (400g),Fresh Dairy,Hubballi,Kittur Distributors Hubballi,298,40,11920,Wholesale,UPI
23-12-2024,Nandini Unsalted Butter (500g),Ghee & Butter,Mysuru,Chamundi Agencies Mysuru,117,280,32760,Wholesale,Cash
23-12-2024,Nandini Shubham Milk (1L),Milk,Mangaluru,Coastal Cool Logistics Mangaluru,365,50,18250,Hotel / Restaurant,UPI
23-12-2024,Nandini Samrudhi Milk (1L),Milk,Mysuru,Chamundi Agencies Mysuru,91,54,4914,Supermarket,Credit Card
23-12-2024,Nandini Homogenised Cow Milk (1L),Milk,Mangaluru,Coastal Cool Logistics Mangaluru,273,46,12558,Supermarket,UPI
23-12-2024,Nandini Curd (500g),Fresh Dairy,Ballari,Tungabhadra Dairy Logistics Ballari,312,26,8112,Hotel / Restaurant,Net Banking
23-12-2024,Nandini Fresh Paneer (200g),Fresh Dairy,Mangaluru,Coastal Cool Logistics Mangaluru,94,95,8930,Supermarket,Net Banking
23-12-2024,Nandini Curd (500g),Fresh Dairy,Tumakuru,Siddaganga Milk Express Tumakuru,367,26,9542,Hotel / Restaurant,Cash
23-12-2024,Nandini Fresh Paneer (200g),Fresh Dairy,Bengaluru,Apex Dairy Supplies Bengaluru,589,95,55955,Wholesale,Net Banking
23-12-2024,Nandini Fresh Paneer (200g),Fresh Dairy,Shivamogga,Malnad Dairy Network Shivamogga,235,95,22325,Supermarket,UPI
23-12-2024,Nandini Unsalted Butter (500g),Ghee & Butter,Tumakuru,Siddaganga Milk Express Tumakuru,19,280,5320,Hotel / Restaurant,Credit Card
23-12-2024,Nandini Homogenised Cow Milk (1L),Milk,Mangaluru,Coastal Cool Logistics Mangaluru,624,46,28704,Hotel / Restaurant,UPI
23-12-2024,Nandini Flavoured Milk Badam (200ml),Beverages,Mysuru,Chamundi Agencies Mysuru,184,35,6440,Institution,UPI
24-12-2024,Nandini Milk Peda (250g),Sweets,Hubballi,Kittur Distributors Hubballi,85,140,11900,Retail,UPI
24-12-2024,Nandini Flavoured Milk Badam (200ml),Beverages,Mangaluru,Coastal Cool Logistics Mangaluru,236,35,8260,Hotel / Restaurant,UPI
24-12-2024,Nandini Toned Milk (1L),Milk,Kalaburagi,Kalyana Karnataka Foods Kalaburagi,684,42,28728,Retail,UPI
24-12-2024,Nandini Shubham Milk (1L),Milk,Hubballi,Kittur Distributors Hubballi,358,50,17900,Retail,Net Banking
24-12-2024,Nandini Spiced Buttermilk (200ml),Beverages,Davanagere,Central Karnataka Traders Davanagere,950,12,11400,Retail,UPI
24-12-2024,Nandini Fresh Paneer (200g),Fresh Dairy,Hubballi,Kittur Distributors Hubballi,82,95,7790,Supermarket,UPI
24-12-2024,Nandini Set Curd (400g),Fresh Dairy,Hubballi,Kittur Distributors Hubballi,170,40,6800,Retail,Net Banking
24-12-2024,Nandini Special Milk (1L),Milk,Davanagere,Central Karnataka Traders Davanagere,607,48,29136,Hotel / Restaurant,UPI
24-12-2024,Nandini Mysore Pak (250g),Sweets,Bengaluru,Apex Dairy Supplies Bengaluru,112,160,17920,Retail,Net Banking
24-12-2024,Nandini Shubham Milk (1L),Milk,Kalaburagi,Kalyana Karnataka Foods Kalaburagi,185,50,9250,Retail,UPI
24-12-2024,Nandini Toned Milk (1L),Milk,Mysuru,Chamundi Agencies Mysuru,1174,42,49308,Institution,UPI
24-12-2024,Nandini Milk Peda (250g),Sweets,Mysuru,Chamundi Agencies Mysuru,140,140,19600,Retail,Distributor Credit
24-12-2024,Nandini Milk Peda (250g),Sweets,Hubballi,Kittur Distributors Hubballi,80,140,11200,Retail,UPI
25-12-2024,Nandini Gulab Jamun (1kg),Sweets,Davanagere,Central Karnataka Traders Davanagere,15,260,3900,Supermarket,UPI
25-12-2024,Nandini Special Milk (1L),Milk,Davanagere,Central Karnataka Traders Davanagere,420,48,20160,Hotel / Restaurant,Cash
25-12-2024,Nandini Pure Ghee (500ml),Ghee & Butter,Ballari,Tungabhadra Dairy Logistics Ballari,210,315,66150,Institution,UPI
25-12-2024,Nandini Homogenised Cow Milk (1L),Milk,Davanagere,Central Karnataka Traders Davanagere,449,46,20654,Supermarket,Net Banking
25-12-2024,Nandini Mysore Pak (250g),Sweets,Mysuru,Chamundi Agencies Mysuru,104,160,16640,Retail,UPI
25-12-2024,Nandini Kulfi (50ml),Frozen,Mysuru,Chamundi Agencies Mysuru,118,25,2950,Retail,UPI
25-12-2024,Nandini Samrudhi Milk (1L),Milk,Bengaluru,Apex Dairy Supplies Bengaluru,528,54,28512,Wholesale,Net Banking
25-12-2024,Nandini Gulab Jamun (1kg),Sweets,Bengaluru,Apex Dairy Supplies Bengaluru,72,260,18720,Retail,Distributor Credit
25-12-2024,Nandini Fresh Paneer (200g),Fresh Dairy,Belagavi,North Karnataka Milk Center Belagavi,149,95,14155,Hotel / Restaurant,Cash
25-12-2024,Nandini Special Milk (1L),Milk,Hubballi,Kittur Distributors Hubballi,270,48,12960,Retail,UPI
25-12-2024,Nandini Salted Butter (500g),Ghee & Butter,Hubballi,Kittur Distributors Hubballi,133,275,36575,Wholesale,Distributor Credit
25-12-2024,Nandini Pure Ghee (1L),Ghee & Butter,Belagavi,North Karnataka Milk Center Belagavi,101,610,61610,Hotel / Restaurant,Net Banking
25-12-2024,Nandini Set Curd (400g),Fresh Dairy,Belagavi,North Karnataka Milk Center Belagavi,101,40,4040,Retail,Credit Card
25-12-2024,Nandini Samrudhi Milk (1L),Milk,Belagavi,North Karnataka Milk Center Belagavi,134,54,7236,Supermarket,UPI
26-12-2024,Nandini Unsalted Butter (500g),Ghee & Butter,Davanagere,Central Karnataka Traders Davanagere,68,280,19040,Wholesale,Credit Card
26-12-2024,Nandini Set Curd (400g),Fresh Dairy,Bengaluru,Apex Dairy Supplies Bengaluru,343,40,13720,Wholesale,UPI
26-12-2024,Nandini Homogenised Cow Milk (1L),Milk,Mangaluru,Coastal Cool Logistics Mangaluru,477,46,21942,Hotel / Restaurant,UPI
26-12-2024,Nandini Special Milk (1L),Milk,Bengaluru,Apex Dairy Supplies Bengaluru,643,48,30864,Retail,Cash
26-12-2024,Nandini Milk Peda (250g),Sweets,Belagavi,North Karnataka Milk Center Belagavi,52,140,7280,Supermarket,Cash
26-12-2024,Nandini Kulfi (50ml),Frozen,Hubballi,Kittur Distributors Hubballi,323,25,8075,Hotel / Restaurant,Cash
26-12-2024,Nandini Special Milk (1L),Milk,Bengaluru,Apex Dairy Supplies Bengaluru,397,48,19056,Retail,Distributor Credit
26-12-2024,Nandini Salted Butter (500g),Ghee & Butter,Davanagere,Central Karnataka Traders Davanagere,110,275,30250,Institution,UPI
26-12-2024,Nandini Set Curd (400g),Fresh Dairy,Davanagere,Central Karnataka Traders Davanagere,118,40,4720,Retail,UPI
26-12-2024,Nandini Pure Ghee (1L),Ghee & Butter,Bengaluru,Apex Dairy Supplies Bengaluru,251,610,153110,Wholesale,UPI
26-12-2024,Nandini Toned Milk (1L),Milk,Belagavi,North Karnataka Milk Center Belagavi,599,42,25158,Hotel / Restaurant,Net Banking
27-12-2024,Nandini Cassata Ice Cream (150ml),Frozen,Bengaluru,Apex Dairy Supplies Bengaluru,198,55,10890,Retail,Net Banking
27-12-2024,Nandini Homogenised Cow Milk (1L),Milk,Davanagere,Central Karnataka Traders Davanagere,355,46,16330,Retail,Net Banking
27-12-2024,Nandini Kulfi (50ml),Frozen,Kalaburagi,Kalyana Karnataka Foods Kalaburagi,185,25,4625,Retail,Net Banking
27-12-2024,Nandini Special Milk (1L),Milk,Hubballi,Kittur Distributors Hubballi,587,48,28176,Hotel / Restaurant,Credit Card
27-12-2024,Nandini Spiced Buttermilk (200ml),Beverages,Mysuru,Chamundi Agencies Mysuru,1079,12,12948,Retail,UPI
27-12-2024,Nandini Pure Ghee (1L),Ghee & Butter,Bengaluru,Apex Dairy Supplies Bengaluru,65,610,39650,Institution,UPI
27-12-2024,Nandini Flavoured Milk Badam (200ml),Beverages,Bengaluru,Apex Dairy Supplies Bengaluru,522,35,18270,Hotel / Restaurant,UPI
27-12-2024,Nandini Milk Peda (250g),Sweets,Kalaburagi,Kalyana Karnataka Foods Kalaburagi,92,140,12880,Retail,UPI
27-12-2024,Nandini Flavoured Milk Badam (200ml),Beverages,Bengaluru,Apex Dairy Supplies Bengaluru,507,35,17745,Wholesale,UPI
27-12-2024,Nandini Samrudhi Milk (1L),Milk,Bengaluru,Apex Dairy Supplies Bengaluru,289,54,15606,Retail,Cash
27-12-2024,Nandini Toned Milk (1L),Milk,Bengaluru,Apex Dairy Supplies Bengaluru,455,42,19110,Supermarket,UPI
27-12-2024,Nandini Spiced Buttermilk (200ml),Beverages,Bengaluru,Apex Dairy Supplies Bengaluru,896,12,10752,Supermarket,UPI
27-12-2024,Nandini Mysore Pak (250g),Sweets,Hubballi,Kittur Distributors Hubballi,90,160,14400,Wholesale,UPI
27-12-2024,Nandini Sweet Lassi (200ml),Beverages,Bengaluru,Apex Dairy Supplies Bengaluru,387,20,7740,Institution,UPI
27-12-2024,Nandini Unsalted Butter (500g),Ghee & Butter,Ballari,Tungabhadra Dairy Logistics Ballari,20,280,5600,Retail,UPI
28-12-2024,Nandini Unsalted Butter (500g),Ghee & Butter,Mysuru,Chamundi Agencies Mysuru,37,280,10360,Retail,Credit Card
28-12-2024,Nandini Flavoured Milk Badam (200ml),Beverages,Bengaluru,Apex Dairy Supplies Bengaluru,235,35,8225,Retail,UPI
28-12-2024,Nandini Sweet Lassi (200ml),Beverages,Bengaluru,Apex Dairy Supplies Bengaluru,498,20,9960,Supermarket,Net Banking
28-12-2024,Nandini Set Curd (400g),Fresh Dairy,Mysuru,Chamundi Agencies Mysuru,168,40,6720,Retail,UPI
28-12-2024,Nandini Samrudhi Milk (1L),Milk,Bengaluru,Apex Dairy Supplies Bengaluru,562,54,30348,,Credit Card
28-12-2024,Nandini Fresh Paneer (200g),Fresh Dairy,Hubballi,Kittur Distributors Hubballi,463,95,43985,Wholesale,Cash
28-12-2024,Nandini Pure Ghee (1L),Ghee & Butter,Hubballi,Kittur Distributors Hubballi,82,610,50020,Retail,UPI
28-12-2024,Nandini Special Milk (1L),Milk,Shivamogga,Malnad Dairy Network Shivamogga,790,48,37920,Wholesale,UPI
28-12-2024,Nandini Flavoured Milk Badam (200ml),Beverages,Mysuru,Chamundi Agencies Mysuru,323,35,11305,Supermarket,Cash
28-12-2024,Nandini Shubham Milk (1L),Milk,Hubballi,Kittur Distributors Hubballi,191,50,9550,Retail,UPI
28-12-2024,Nandini Curd (500g),Fresh Dairy,Bengaluru,Apex Dairy Supplies Bengaluru,273,26,7098,Retail,Net Banking
28-12-2024,Nandini Spiced Buttermilk (200ml),Beverages,Davanagere,Central Karnataka Traders Davanagere,612,12,7344,Retail,UPI
28-12-2024,Nandini Shubham Milk (1L),Milk,Bengaluru,Apex Dairy Supplies Bengaluru,180,50,9000,Retail,Net Banking
28-12-2024,Nandini Set Curd (400g),Fresh Dairy,Hubballi,Kittur Distributors Hubballi,159,40,6360,Retail,UPI
28-12-2024,Nandini Sweet Lassi (200ml),Beverages,Bengaluru,Apex Dairy Supplies Bengaluru,638,20,12760,Institution,UPI
28-12-2024,Nandini Pure Ghee (1L),Ghee & Butter,Mysuru,Chamundi Agencies Mysuru,62,610,37820,Supermarket,UPI
29-12-2024,Nandini Sweet Lassi (200ml),Beverages,Mangaluru,Coastal Cool Logistics Mangaluru,199,20,3980,Retail,Distributor Credit
29-12-2024,Nandini Flavoured Milk Badam (200ml),Beverages,Bengaluru,Apex Dairy Supplies Bengaluru,311,35,10885,Retail,Cash
29-12-2024,Nandini Curd (500g),Fresh Dairy,Mangaluru,Coastal Cool Logistics Mangaluru,491,26,12766,Supermarket,UPI
29-12-2024,Nandini Curd (500g),Fresh Dairy,Bengaluru,Apex Dairy Supplies Bengaluru,857,26,22282,Institution,Net Banking
29-12-2024,Nandini Kulfi (50ml),Frozen,Bengaluru,Apex Dairy Supplies Bengaluru,613,25,15325,Institution,Net Banking
29-12-2024,Nandini Set Curd (400g),Fresh Dairy,Davanagere,Central Karnataka Traders Davanagere,155,40,6200,Retail,Net Banking
29-12-2024,Nandini Spiced Buttermilk (200ml),Beverages,Bengaluru,Apex Dairy Supplies Bengaluru,586,12,7032,Retail,UPI
29-12-2024,Nandini Homogenised Cow Milk (1L),Milk,Mangaluru,Coastal Cool Logistics Mangaluru,505,46,23230,Retail,UPI
29-12-2024,NANDINI FLAVOURED MILK BADAM (200ML),Beverages,Bengaluru,Apex Dairy Supplies Bengaluru,222,35,7770,Hotel / Restaurant,UPI
29-12-2024,Nandini Sweet Lassi (200ml),Beverages,Ballari,Tungabhadra Dairy Logistics Ballari,378,20,7560,Wholesale,UPI
29-12-2024,Nandini Curd (500g),Fresh Dairy,Bengaluru,Apex Dairy Supplies Bengaluru,1101,26,28626,Wholesale,Net Banking
30-12-2024,Nandini Sweet Lassi (200ml),Beverages,Ballari,Tungabhadra Dairy Logistics Ballari,249,20,4980,Retail,Cash
30-12-2024,Nandini Shubham Milk (1L),Milk,Kalaburagi,Kalyana Karnataka Foods Kalaburagi,155,50,7750,Retail,UPI
30-12-2024,Nandini Sweet Lassi (200ml),Beverages,Bengaluru,Apex Dairy Supplies Bengaluru,690,20,13800,Wholesale,
30-12-2024,Nandini Mysore Pak (250g),Sweets,Hubballi,Kittur Distributors Hubballi,48,160,7680,Supermarket,UPI
30-12-2024,Nandini Homogenised Cow Milk (1L),Milk,Bengaluru,Apex Dairy Supplies Bengaluru,641,46,29486,Retail,Net Banking
30-12-2024,Nandini Flavoured Milk Badam (200ml),Beverages,Hubballi,Kittur Distributors Hubballi,234,35,8190,Wholesale,Net Banking
30-12-2024,Nandini Homogenised Cow Milk (1L),Milk,Hubballi,Kittur Distributors Hubballi,284,46,13064,Supermarket,Net Banking
30-12-2024,Nandini Kulfi (50ml),Frozen,Hubballi,Kittur Distributors Hubballi,225,25,5625,Supermarket,Credit Card
30-12-2024,Nandini Samrudhi Milk (1L),Milk,Belagavi,North Karnataka Milk Center Belagavi,101,54,5454,Supermarket,Net Banking
30-12-2024,Nandini Milk Peda (250g),Sweets,Hubballi,Kittur Distributors Hubballi,173,140,24220,Wholesale,Cash
30-12-2024,Nandini Sweet Lassi (200ml),Beverages,Bengaluru,Apex Dairy Supplies Bengaluru,600,20,12000,Wholesale,UPI
30-12-2024,Nandini Milk Peda (250g),Sweets,Bengaluru,Apex Dairy Supplies Bengaluru,306,140,42840,Wholesale,Distributor Credit
30-12-2024,Nandini Set Curd (400g),Fresh Dairy,Ballari,Tungabhadra Dairy Logistics Ballari,128,40,5120,Retail,UPI
30-12-2024,Nandini Set Curd (400g),Fresh Dairy,Belagavi,North Karnataka Milk Center Belagavi,153,40,6120,Supermarket,UPI
30-12-2024,Nandini Spiced Buttermilk (200ml),Beverages,Belagavi,North Karnataka Milk Center Belagavi,904,12,10848,Wholesale,UPI
31-12-2024,Nandini Pure Ghee (1L),Ghee & Butter,Bengaluru,Apex Dairy Supplies Bengaluru,141,610,86010,Hotel / Restaurant,UPI
31-12-2024,Nandini Mysore Pak (250g),Sweets,Bengaluru,Apex Dairy Supplies Bengaluru,135,160,21600,Supermarket,Net Banking
31-12-2024,Nandini Shubham Milk (1L),Milk,Davanagere,Central Karnataka Traders Davanagere,108,50,5400,Retail,UPI
31-12-2024,Nandini Cassata Ice Cream (150ml),Frozen,Bengaluru,Apex Dairy Supplies Bengaluru,100,55,5500,Supermarket,UPI
31-12-2024,Nandini Sweet Lassi (200ml),Beverages,Mysuru,Chamundi Agencies Mysuru,506,20,10120,Wholesale,Cash
31-12-2024,Nandini Pure Ghee (1L),Ghee & Butter,Bengaluru,Apex Dairy Supplies Bengaluru,100,610,61000,Retail,UPI
31-12-2024,Nandini Unsalted Butter (500g),Ghee & Butter,Hubballi,Kittur Distributors Hubballi,39,280,10920,Wholesale,Net Banking
31-12-2024,Nandini Cassata Ice Cream (150ml),Frozen,Hubballi,Kittur Distributors Hubballi,37,55,2035,Supermarket,Net Banking
04-05-2024,Nandini Homogenised Cow Milk (1L),Milk,Shivamogga,Malnad Dairy Network Shivamogga,309,46,14214,Retail,Credit Card
19-07-2024,Nandini Toned Milk (1L),Milk,Bengaluru,Apex Dairy Supplies Bengaluru,800,42,33600,Supermarket,Net Banking
28-03-2024,Nandini Set Curd (400g),Fresh Dairy,Bengaluru,Apex Dairy Supplies Bengaluru,213,40,8520,Retail,UPI
04-09-2024,Nandini Set Curd (400g),Fresh Dairy,Tumakuru,Siddaganga Milk Express Tumakuru,168,40,6720,Supermarket,UPI
05-08-2024,Nandini Gulab Jamun (1kg),Sweets,Tumakuru,Siddaganga Milk Express Tumakuru,61,260,15860,Retail,UPI
07-12-2024,Nandini Sweet Lassi (200ml),Beverages,Hubballi,Kittur Distributors Hubballi,287,20,5740,Supermarket,Cash
13-07-2024,Nandini Toned Milk (1L),Milk,Mysuru,Chamundi Agencies Mysuru,1901,42,79842,Wholesale,Cash
12-11-2024,NANDINI SWEET LASSI (200ML),Beverages,Bengaluru,Apex Dairy Supplies Bengaluru,700,20,14000,Supermarket,Net Banking
14-01-2024,Nandini Special Milk (1L),Milk,Bengaluru,Apex Dairy Supplies Bengaluru,501,48,24048,Supermarket,Net Banking
03-03-2024,Nandini Gulab Jamun (1kg),Sweets,Kalaburagi,Kalyana Karnataka Foods Kalaburagi,77,260,20020,Hotel / Restaurant,UPI
12-10-2024,Nandini Set Curd (400g),Fresh Dairy,Bengaluru,Apex Dairy Supplies Bengaluru,242,40,9680,Retail,UPI
22-07-2024,Nandini Toned Milk (1L),Milk,Bengaluru,Apex Dairy Supplies Bengaluru,1036,42,43512,Hotel / Restaurant,Cash
10-04-2024,Nandini Homogenised Cow Milk (1L),Milk,Bengaluru,Apex Dairy Supplies Bengaluru,379,46,17434,Retail,UPI
09-07-2024,Nandini Gulab Jamun (1kg),Sweets,Kalaburagi,Kalyana Karnataka Foods Kalaburagi,22,260,5720,Supermarket,Net Banking
19-10-2024,Nandini Homogenised Cow Milk (1L),Milk,Hubballi,Kittur Distributors Hubballi,328,46,15088,Retail,UPI
10-12-2024,Nandini Milk Peda (250g),Sweets,Bengaluru,Apex Dairy Supplies Bengaluru,139,140,19460,Supermarket,Distributor Credit
26-03-2024,Nandini Samrudhi Milk (1L),Milk,Mysuru,Chamundi Agencies Mysuru,143,54,7722,Retail,UPI
17-12-2024,Nandini Mysore Pak (250g),Sweets,Hubballi,Kittur Distributors Hubballi,124,160,19840,Retail,UPI
